point_id,premium_pp,pv_premiums,pv_claims,pv_expenses,pv_commissions,pv_net_cf
1,94.8400000000,8252.0858555222,5501.1948983643,755.3660261078,1084.6042701165,910.9206609337
2,61.1400000000,8934.7675244643,5956.4716046523,1097.4304909789,699.3184256919,1181.5470031412
3,158.6500000000,13785.4844168819,9190.4257842309,754.7330514445,1814.2024666267,2026.1231145798
4,39.5200000000,5771.5041842296,3847.4560281371,1096.8788562489,452.0227443471,375.1465554964
5,41.4600000000,4951.2102783675,3300.6828192405,938.6129255746,474.2208169657,237.6937165868
6,27.7600000000,4008.9166082274,2672.5891485197,1087.5315179624,317.4425494709,-68.6466077255
7,69.1500000000,6019.9371136036,4013.1444180473,755.6102914559,790.8338108934,460.3485932069
8,16.0600000000,1908.2074064115,1271.7887060697,935.2637903541,183.6645358295,-482.5096258418
9,146.1500000000,12639.0813621465,8425.9074509221,752.5246171233,1670.8134821586,1789.8358119425
10,91.6800000000,13377.8793571366,8918.5381749811,1096.1853728800,1048.6009869429,2314.5548223326
11,176.2700000000,15303.0297417074,10201.8787736722,754.3228133681,2015.5899884272,2331.2381662399
12,51.3900000000,4482.1460839397,2988.2321722922,756.4780410728,587.7864760308,149.6493945440
13,132.9300000000,19340.7843037107,12894.0915698436,1093.7544670621,1520.3108706913,3832.6273961137
14,86.5700000000,12588.4168745550,8392.7391162910,1093.2784533794,990.0834116657,2112.3158932189
15,59.2100000000,7070.9397149576,4713.7024063203,938.6129255746,677.2458893521,741.3784937106
16,27.7400000000,3313.1240724162,2208.8206138124,938.6878670654,317.2922234625,-151.6766319241
17,34.8000000000,5085.5399059757,3390.1194771159,1097.4304909789,398.0418909728,199.9480469081
18,111.7400000000,9725.2194353363,6483.3455003198,755.4932545847,1277.8954936316,1208.4851868002
19,150.4500000000,17900.9851121764,11934.3549761548,936.1820858981,1720.6443814829,3309.8036686405
20,109.2600000000,12871.2376711730,8581.0701004920,929.6388554362,1249.1878910004,2111.3408242443
21,112.7200000000,16330.1023742184,10886.2852026333,1090.1749041379,1289.0603552080,3064.5819122392
22,31.4700000000,3757.7328222443,2505.2479488274,938.5322790142,359.9533996814,-46.0008052787
23,282.6500000000,33339.2367656986,22226.4920622097,930.4637478382,3231.7059825854,6950.5749730652
24,91.0300000000,7884.4410615134,5256.2758671615,753.2396180813,1040.7612458152,834.1643304554
25,173.3100000000,15070.4499661439,10046.9997377104,755.0768121019,1981.9274767835,2286.4459395480
26,77.8500000000,11297.4118357100,7531.3452918778,1091.5804976578,890.3182761699,1784.1677700046
27,24.9000000000,2974.5327734755,1982.8984028621,938.8222665727,284.8100337399,-231.9979296993
28,43.3900000000,3786.9312469556,2524.4887553834,756.7903865069,496.3044232799,9.3476817855
29,55.1200000000,4808.6911026222,3205.9387120352,756.5966414806,630.4589752879,215.6967738185
30,62.5900000000,9126.9709794635,6084.4677323810,1095.6242774865,715.8704782845,1231.0084913116
31,50.5000000000,7387.7599484772,4925.0006538922,1098.3260134850,577.6316944097,786.8015866904
32,167.9100000000,24105.7753111641,16070.9496891642,1082.6437912211,1919.8809065707,5032.3009242081
33,79.5900000000,11601.5607245729,7734.1961997199,1095.3085042616,910.3000529931,1861.7559675983
34,185.3000000000,22016.8637863050,14677.9378900514,935.2637903541,2119.1182122794,4284.5438936200
35,60.7500000000,8879.4466534535,5919.5405220453,1097.5884505866,694.8604590126,1167.4572218089
36,33.7700000000,4930.5170105137,3286.6684964589,1096.6652581846,386.2531483861,160.9301074842
37,24.0600000000,3518.9086559109,2345.6953259603,1098.1153248667,275.2028250884,-200.1048200045
38,240.5600000000,34817.1076294309,23211.1865100567,1089.3723944003,2750.9807501878,7765.5679747861
39,126.8000000000,18332.8446993778,12221.9568668893,1088.4939688877,1450.0218558800,3572.3720077209
40,36.0000000000,3141.0967151357,2094.3116516991,756.6624014288,411.7691608964,-121.6464988886
41,67.9300000000,5908.8746901969,3939.4111901336,755.2275891446,776.8441264131,437.3917845055
42,4.5100000000,538.8552524577,359.3311969592,938.9383947274,51.5863781745,-811.0007174034
43,72.6700000000,10603.9538927041,7068.9247751638,1096.1853728800,831.1718337820,1607.6719108782
44,25.6700000000,3753.2882708502,2502.0157893748,1097.8712831691,293.6164462873,-140.2152479809
45,100.9900000000,14616.6432469913,9744.5627107922,1089.3723944003,1154.8950197933,2627.8131220055
46,4.2300000000,617.5921514502,412.0313275444,1096.6652581846,48.3817239465,-939.4861582253
47,14.4700000000,2109.2421621381,1406.2174908582,1095.3085042616,165.4987029377,-557.7825359194
48,27.2600000000,3973.5964989554,2649.2133086703,1095.3085042616,311.7826290312,-82.7079430077
49,36.9000000000,4397.8085608839,2931.6727400551,937.2848285391,422.0352477627,106.8157445270
50,40.3400000000,5893.9379763847,3929.1323367064,1097.2602780930,461.4062965006,406.1390650848
51,39.2500000000,5710.7183022692,3807.4364685146,1093.7544670621,448.8994333456,360.6279333469
52,126.8600000000,15023.3326333693,10015.4760930397,933.0839460749,1450.6408753436,2624.1317189112
53,58.0400000000,5058.5250406344,3372.6390424853,756.1438402539,663.8191268332,265.9230310620
54,12.7400000000,1862.4515197815,1241.9635129475,1097.7350963539,145.7210860459,-622.9681755658
55,2.9200000000,254.8787385837,170.1412529026,756.8474066171,33.3998503708,-705.5097713069
56,53.4700000000,4666.2231588686,3110.7773559974,756.7447129152,611.5980925331,187.1029974229
57,9.3000000000,1360.3536834970,906.5843899299,1098.2245360874,106.3754583200,-750.8307008402
58,42.5400000000,5082.6834677499,3388.6296422102,938.9383947274,486.5819351539,268.5334956584
59,53.5300000000,7829.0598649588,5219.8165220545,1098.1153248667,612.2862521606,898.8417658770
60,109.4300000000,9530.7923095414,6353.7851485081,755.8173576902,1251.5285634582,1169.6612398849
61,206.0400000000,24400.1848949977,16267.1745460198,933.0839460749,2356.0621626658,4843.8642402371
62,23.3800000000,3362.2095531019,2241.7715794038,1084.0440787886,267.3350111784,-230.9411162688
63,84.8100000000,7381.3841087424,4920.6929951145,755.4932545847,969.9151316887,735.2827273544
64,136.3200000000,19810.4298421296,13206.5679661987,1092.7603591096,1559.0444804503,3952.0570363709
65,21.4600000000,3133.2216477828,2088.9030094112,1096.6652581846,245.4543252699,-297.8009450829
66,263.8700000000,37733.5549213091,25155.5871367950,1079.4039103234,3016.8699322559,8481.6939419349
67,77.0600000000,11191.0209151219,7460.9389683338,1092.1959456200,881.2965071214,1756.5894940467
68,117.8700000000,13997.3045806114,9331.3335817307,934.9012987172,1347.9555009614,2383.1141992020
69,100.7700000000,11959.4591307268,7973.2288312257,934.5057179604,1152.3791577836,1899.3454237570
70,269.1000000000,38698.4854892955,25799.3712273757,1084.0440787886,3076.9825281487,8738.0876549825
71,119.4500000000,10390.3294824675,6926.9550831297,755.2275891446,1366.0243029596,1342.1225072336
72,41.0400000000,3554.6244223279,2369.7786112966,753.2396180813,469.2171979375,-37.6110049874
73,33.1800000000,3952.1292224980,2634.7019897595,936.8966040123,379.4813463297,1.0492823965
74,67.4000000000,8028.1347075457,5351.7384166991,936.8966040123,770.8572255160,968.6424613184
75,53.1300000000,4635.0826974296,3090.2412730677,756.5966414806,607.6974847069,180.5472981743
76,385.6100000000,45426.3038475289,30284.2875444371,929.6388554362,4408.7437547928,9803.6336928627
77,127.4900000000,18549.2860218165,12366.1697065621,1093.7544670621,1458.0939810760,3631.2678671163
78,33.8900000000,4039.0713313917,2692.7276264456,937.2848285391,387.6090663056,21.4498101014
79,59.4100000000,7090.9479566344,4727.2989351687,938.2513041608,679.5210334429,745.8766838619
80,16.9400000000,2475.0448517590,1649.5724367185,1097.2602780930,193.7586183123,-465.5464813648
81,163.8000000000,19481.1226401629,12987.2317483664,935.9015508839,1873.2983112703,3684.6910296423
82,37.7600000000,3291.4757714457,2194.1068293812,756.2106627622,431.8749843073,-90.7167050050
83,139.8600000000,20349.0716370795,13565.9921231108,1093.7544670621,1599.5687833814,4089.7562635252
84,103.9400000000,15083.5322569518,10055.7020240584,1091.5804976578,1188.6921210674,2747.5576141682
85,72.2900000000,6269.2839202191,4179.7037189697,753.8312137160,826.5629845512,509.1860029821
86,5.6200000000,670.6714569302,446.8974582509,938.1427889439,64.2802100660,-778.6490003306
87,83.3300000000,12082.9182882603,8054.9777086790,1090.9087661794,952.9742073893,1984.0576060127
88,61.7000000000,5347.6285274236,3564.9972088587,753.5492527343,705.4528891757,323.6291766548
89,20.8900000000,1820.9462093618,1214.2144589779,756.2106627622,238.9266001637,-388.4055125420
90,46.0400000000,6726.7452759730,4484.5160214307,1097.2602780930,526.6025258028,618.3664506465
91,57.3600000000,5003.7168243062,3335.5776021914,756.5599770292,656.0768405521,255.5024045334
92,27.9500000000,2437.7502052173,1624.9567603566,756.4780410728,319.6853863604,-263.3699825725
93,173.8400000000,25245.8743301946,16830.9432601578,1092.1959456200,1988.1207474434,5334.6143769734
94,48.0000000000,4187.5394217320,2791.6672370225,756.5966414806,549.0208783349,90.2546648939
95,105.1700000000,9130.4228622872,6086.7240413609,754.3228133681,1202.5846660401,1086.7913415182
96,75.1600000000,6554.6818120164,4369.6654464193,756.4322921394,859.6569591282,568.9271143295
97,19.5500000000,1706.3319614819,1137.6898908787,756.8108245191,223.6178143705,-411.7865682864
98,25.1200000000,3001.9979379394,2001.5620499249,939.0835389281,287.3302196284,-225.9778705419
99,55.0800000000,8058.6836692560,5372.1955770485,1098.4202960231,630.0204181624,958.0473780220
100,21.9700000000,1912.6249947342,1275.1316571963,755.6102914559,251.2598528609,-369.3768067789
101,75.5800000000,9019.4570666875,6012.8021655572,938.1427889439,864.4658855498,1204.0462266365
102,24.8900000000,3635.7960506111,2423.7343901581,1097.0767788299,284.6888521852,-169.7039705621
103,119.9600000000,17432.9457442918,11621.7798102549,1092.7603591096,1371.9408441521,3346.4647307752
104,14.3700000000,1717.0638340721,1144.9545145882,938.9903837852,164.3676722508,-531.2487365521
105,60.3800000000,8789.6498821071,5859.6061040211,1094.1922130533,690.5691287338,1145.2824362989
106,81.8000000000,7122.8440805745,4748.3155836304,755.7180513530,935.5181814909,683.2922641002
107,1.3800000000,120.4518526557,80.4232802134,756.8298005211,15.7848252917,-732.5860533705
108,0.6900000000,60.2081498303,40.0866899914,756.6918581469,7.8922723212,-744.4626706292
109,58.7700000000,7010.8307703101,4674.0632209103,937.8995482845,672.1889180043,726.6790831110
110,81.1900000000,11856.9945525709,7904.6075270021,1096.8788562489,928.6368070229,1926.8713622970
111,262.3100000000,37425.0944648784,24949.7243098098,1077.5309870471,2998.9109767972,8398.9281912243
112,69.0500000000,10068.9782094896,6713.0774591182,1095.6242774865,789.7564551133,1470.5200177716
113,116.7300000000,10162.0717175842,6774.6258597056,755.6102914559,1334.9823679767,1296.8531984459
114,59.7700000000,7139.3750123427,4759.3712903541,938.7575205857,683.6562132681,757.5899881348
115,176.7600000000,25494.0742553092,16995.9028385857,1086.4759890134,2021.2461069346,5390.4493207754
116,59.6200000000,7119.9024794084,4746.4364508086,938.6129255746,681.9354825734,752.9176204518
117,248.1100000000,35871.9408388220,23914.9452133437,1088.4939688877,2837.2627970220,8031.2388595687
118,79.7200000000,11620.5103777227,7746.7517130312,1095.3085042616,911.7869107251,1866.6632497049
119,47.6500000000,6950.8169387578,4633.9867700754,1095.9158827522,544.9988653563,675.9154205739
120,96.3200000000,8394.8506532375,5596.7880455861,756.1438402539,1101.6378066260,940.2809607715
121,46.1400000000,6716.7016488973,4477.3400487135,1094.1922130533,527.7055250046,617.4638621259
122,59.8300000000,7143.1733572293,4762.4304134762,938.4454697809,684.3316489745,757.9658249978
123,23.2100000000,2772.8988568454,1848.7982645169,938.8824522502,265.4803645180,-280.2622244397
124,73.9500000000,10802.2144613376,7201.7054101831,1097.0767788299,845.8312824064,1657.6009899182
125,334.7600000000,39320.8121841661,26213.6668066631,927.7291392802,3827.0374361095,8352.3788021133
126,4.7300000000,690.9327167292,460.4226619297,1097.0767788299,54.1011760079,-920.6679000382
127,154.4700000000,18362.9823191570,12242.0968709149,935.5962830805,1766.5698666662,3418.7192984953
128,4.1700000000,497.8611549331,331.7115710879,938.4454697809,47.6961888053,-819.9920747411
129,16.9200000000,1468.9241687734,979.1686501320,754.3228133681,193.4746843149,-458.0419790415
130,48.4600000000,5775.5502130199,3850.6924077840,937.2848285391,554.2500841891,433.3228925077
131,21.5900000000,2570.7713020945,1713.6011182313,936.6776962357,246.9232806607,-326.4307930332
132,69.9300000000,10221.2297033086,6813.9141220470,1097.5884505866,799.8615950412,1509.8655356338
133,51.0600000000,4446.1175886813,2964.0106593469,755.7180513530,583.9554810137,142.4333969677
134,66.0500000000,9623.9456532166,6415.6484229559,1094.9662915433,755.4316562256,1357.8992824919
135,12.3300000000,1464.2128232709,976.3487967163,934.9012987172,141.0052712892,-588.0425434517
136,59.3000000000,7080.8247969204,4720.7733457496,938.5322790142,678.2725326059,743.2466395507
137,101.1800000000,12038.6950724494,8026.1002990463,936.1820858981,1157.1605085971,1919.2521789078
138,94.4200000000,8197.1524831906,5464.8196284392,754.3228133681,1079.6619203909,898.3481209925
139,37.8500000000,3299.3209202654,2199.4323313942,756.2106627622,432.9043473525,-89.2264212436
140,13.9000000000,1212.8888154211,808.4149148261,756.6918581469,158.9892540061,-511.2072115580
141,25.0400000000,2992.0165904778,1994.8630581094,938.9903837852,286.4138144162,-228.2506658330
142,20.2100000000,2906.3411064239,1937.8025516880,1084.0440787886,231.0881341282,-346.5936581809
143,84.7900000000,10102.5757261661,6734.8844118130,937.0984891794,969.7571661834,1460.8356589903
144,8.1500000000,711.1542335023,474.3591648980,756.6918581469,93.2203179964,-613.1171075390
145,11.5000000000,1372.8044521046,915.3654962859,938.3519954833,131.5356287718,-612.4486684364
146,129.3600000000,15342.4665723255,10227.9433038222,934.0736028865,1479.2967450839,2701.1529205329
147,14.5600000000,1269.7733792304,846.5951218088,756.4322921394,166.5328010232,-499.7868357410
148,130.0900000000,15478.4922116519,10319.2718130595,936.1820858981,1487.7941348429,2735.2441778514
149,62.4100000000,9001.3870461295,6000.4618800350,1086.4759890134,713.6567635992,1200.7924134819
150,46.1300000000,6742.5329073878,4494.6063118730,1097.5884505866,527.6364275597,622.7017173684
151,71.7300000000,10315.2819180497,6877.2992520692,1084.0440787886,820.1856437908,1533.7529434011
152,51.1200000000,7390.9701974148,4927.7593745772,1088.4939688877,584.5829437901,790.1339101598
153,47.7500000000,5698.3206527431,3798.6283951324,938.1427889439,546.1530303652,415.3964383016
154,52.4300000000,4574.3481199844,3049.5811243646,756.6307199789,599.6935730949,168.4427025460
155,62.3000000000,7434.6675741549,4956.4990824188,938.1427889439,712.5724354294,827.4532673628
156,22.8400000000,2728.9254913824,1819.3984656162,938.9383947274,261.2489750568,-290.6603440180
157,29.0400000000,4234.6578885384,2822.8134898765,1095.6242774865,332.1437719984,-15.9236508230
158,85.3500000000,7431.9650645114,4954.7640872665,755.7180513530,976.1182981693,745.3646277226
159,212.4100000000,25192.4344822794,16795.1658927872,934.0736028865,2429.0153186709,5034.1796679348
160,12.7600000000,1111.7503213382,740.9393992384,755.9935047728,145.9367685102,-531.1193511832
161,53.7500000000,6421.5128632244,4280.9323682199,938.8824522502,614.8026537200,586.8953890344
162,53.2400000000,4634.8727683045,3090.0429729604,755.6102914559,608.8791336510,180.3403702371
163,43.1900000000,3769.4759289240,2512.7469472188,756.7903865069,494.0167790149,5.9218161834
164,37.1800000000,5436.2001523261,3624.0897227712,1097.8712831691,425.2691652887,288.9699810970
165,332.1900000000,28751.0846040500,19167.1043477254,752.8992265782,3797.8279035578,5033.2531261886
166,40.2000000000,3507.3201301425,2338.3713921806,756.6307199789,459.8070119858,-47.4889940028
167,75.9900000000,6618.3396472818,4412.1574853824,755.8173576902,869.0821121921,581.2826920171
168,21.7600000000,3155.2178321438,2103.2441794884,1090.9087661794,248.8505790567,-287.7856925806
169,96.8700000000,8413.7262629057,5609.2353435608,754.5370947577,1107.7059876599,942.2478369273
170,29.0100000000,3466.1177103767,2310.6360513326,938.9383947274,331.8228006303,-115.2795363136
171,186.7600000000,22097.8901483027,14732.0249422159,932.5173167244,2135.5397188329,4297.8081705296
172,101.4200000000,8795.5564419508,5863.8334225839,753.8312137160,1159.6350517801,1018.2567538707
173,46.0900000000,5476.2938581263,3650.7816974236,935.2637903541,527.0920583052,363.1563120433
174,70.0300000000,10211.8833310725,6807.9619461728,1095.6242774865,800.9651636725,1507.3319437407
175,47.9100000000,6999.9645128555,4666.8808134297,1097.2602780930,547.9914641880,687.8319571448
176,99.9400000000,11891.1562121031,7927.4692661855,936.1820858981,1142.9790593912,1884.5258006283
177,158.5000000000,23001.1531915227,15333.9024640725,1091.5804976578,1812.6582758244,4763.0119539680
178,47.8600000000,4174.6453382636,2783.3744357376,756.5205193927,547.4141838171,87.3361993162
179,114.8400000000,13644.9899472168,9097.0298034162,935.2637903541,1313.3272288082,2299.3691246382
180,54.7300000000,4775.6406379852,3183.5512968153,756.6918581469,626.0058900541,209.3915929689
181,24.7800000000,2958.5130501779,1972.4991637905,938.4454697809,283.4320284404,-235.8636118339
182,8.4900000000,741.0686611559,494.2198298600,756.8474066171,97.1112087837,-607.1097841048
183,42.6700000000,5093.7013888091,3395.5111990606,938.3519954833,488.0543721471,271.7838221181
184,31.7400000000,4639.2368194340,3092.4104135653,1097.5884505866,363.0431435236,86.1948117584
185,254.2600000000,30110.6144991367,20073.4807469840,933.0839460749,2907.4566369608,6196.5931691170
186,196.6900000000,23250.8051705009,15500.2071971795,931.8958594654,2249.0215290285,4569.6805848275
187,200.1400000000,17366.5606203132,11577.4740287760,754.0882497416,2288.4700229791,2746.5283188165
188,158.1600000000,22565.4871738217,15043.9951252356,1077.5309870471,1808.1954942253,4635.7655673136
189,177.8700000000,25831.1301605598,17220.5484282170,1092.1959456200,2034.2098328794,5484.1759538434
190,73.1800000000,6379.8232062137,4253.2290661175,756.2725330342,836.9931554698,533.3284515921
191,113.8600000000,9916.6226113898,6611.2769891377,755.8173576902,1302.1935688143,1247.3346957476
192,7.5400000000,1100.2313520158,733.4673826862,1096.1853728800,86.2396535946,-815.6610571449
193,20.4800000000,2441.4791245343,1627.4783646233,937.4569555241,234.2372796243,-357.6934752374
194,39.9600000000,5837.1398225159,3891.8745763113,1097.0767788299,457.0577152800,391.1307520947
195,110.8700000000,16076.2408570674,10717.5953401590,1090.9087661794,1267.9257215079,2999.8110292211
196,45.0700000000,3900.8139411317,2600.5618964251,752.8992265782,515.2716927462,32.0811253822
197,36.8200000000,5383.5634644606,3589.2427062061,1097.8712831691,421.1514434086,275.2980316769
198,30.8500000000,3686.2504718946,2457.2485351546,938.9903837852,352.8700549017,-62.8585019470
199,55.4900000000,6619.5507817680,4413.1506009233,937.8995482845,634.6735249287,633.8271076315
200,64.3800000000,9391.2611651044,6260.9312777290,1095.9158827522,736.3489391739,1298.0650654493
201,11.7700000000,1716.9174264256,1144.4713088322,1095.9158827522,134.6198666368,-658.0896317956
202,37.1800000000,3244.4496297788,2162.7326970461,756.7192474217,425.2691652887,-100.2714799776
203,30.1300000000,2629.2433390327,1752.7818723821,756.7192474217,344.6304451358,-224.8882259069
204,40.1400000000,3502.0853239782,2334.7794238362,756.6307199789,459.1207328634,-48.4455527004
205,117.0200000000,17016.2474605571,11343.8445372633,1093.2784533794,1338.3338435153,3240.7906263991
206,21.2100000000,3063.0086909403,2041.9782258353,1087.5315179624,242.5416597362,-309.0427125935
207,69.6400000000,10151.1834257979,6767.4216747549,1095.3085042616,796.4982496600,1491.9549971214
208,4.3900000000,524.2598437538,349.1631412089,938.6129255746,50.2129615649,-813.7291845945
209,100.1900000000,11946.8106347124,7964.6902106229,937.6160751321,1145.9188883100,1898.5854606475
210,49.2200000000,5860.7393927323,3907.4471358395,936.6776962357,562.9256078795,453.6889527776
211,77.1400000000,6681.3773864127,4454.4710738657,753.2396180813,881.9545479752,591.7121464905
212,101.6700000000,14840.0268408657,9893.5840331766,1096.4346045105,1162.8701840682,2687.1380191104
213,22.0300000000,3219.3805784094,2146.5476128468,1097.4304909789,251.9788177624,-276.5763431787
214,7.6200000000,664.0247438824,442.6484317565,756.0716187804,87.1511924321,-621.8464990866
215,38.5700000000,3366.4053071283,2244.0148975477,756.8108245191,441.1733555125,-75.5937704510
216,75.1100000000,10966.2757672398,7311.1605329391,1096.6652581846,859.0901384447,1699.3598376714
217,31.3500000000,2735.7045694881,1823.7969758672,756.7192474217,358.5849470630,-203.3966008638
218,64.8900000000,7746.1983388756,5164.3931716131,938.3519954833,742.2040826957,901.2490890835
219,7.2200000000,862.4950451604,574.8943772426,938.8222665727,82.5834716306,-733.8050702855
220,77.4100000000,9240.7645771669,6160.1623939241,938.3519954833,885.4063498455,1256.8438379139
221,51.5000000000,4491.3000707669,2993.9483734800,756.4322921394,589.0411574654,151.8782476821
222,53.5500000000,7833.0042743294,5222.1744652811,1098.2245360874,612.5167519391,900.0885210218
223,50.8100000000,6063.4905207514,4042.3906450875,938.1427889439,581.1525753478,501.8045113722
224,114.4200000000,16671.7920006214,11114.2457119672,1094.9662915433,1308.6523861519,3153.9276109591
225,13.7500000000,2011.2756073208,1341.2481385264,1098.2245360874,157.2755432150,-585.4726105080
226,363.3800000000,52168.1652824180,34779.1834298835,1082.6437912211,4154.8825193833,12151.4555419300
227,161.5100000000,19072.3071689176,12714.7973189396,931.2135751301,1846.7033840762,3579.5928907717
228,17.5500000000,2067.4558038540,1377.9820599330,929.6388554362,200.6520912233,-440.8172027386
229,7.6200000000,910.3614514934,606.8574456048,938.8824522502,87.1589994669,-722.5374458285
230,20.3000000000,1771.8642093551,1181.3902541688,756.8298005211,232.1970676960,-398.5529130309
231,131.7200000000,15495.5535673395,10330.1968390567,928.7304688664,1505.9149626919,2730.7112967244
232,188.8100000000,16364.4366655242,10909.5516437759,753.5492527343,2158.7773096478,2542.5584593661
233,290.7700000000,41937.7233040068,27958.9088680551,1086.4759890134,3324.9475589125,9567.3908880258
234,48.8900000000,4266.7516053725,2844.3806224959,756.7683859227,559.2130556348,106.3895413191
235,105.0200000000,15240.2593575628,10160.0142857188,1091.5804976578,1201.0433572686,2787.6212169177
236,159.2900000000,18904.6565935642,12602.8455719375,934.5057179604,1821.5984523504,3545.7068513159
237,11.4200000000,1668.1715909192,1111.9641646604,1097.0767788299,130.6205983108,-671.4899508818
238,100.3200000000,14402.3070645940,9601.3622501929,1082.6437912211,1147.0576651014,2571.2433580786
239,57.7000000000,6843.3852908409,4562.1042074603,934.0736028865,659.8285574470,687.3789230472
240,5.7700000000,503.5092620716,335.7077619295,756.7192474217,65.9979312457,-654.9156785253
241,110.8600000000,16120.5024224693,10746.8000879336,1093.2784533794,1267.8831814399,3012.5406997163
242,26.3500000000,2298.2009984785,1532.1020883362,756.4780410728,301.3849706832,-291.7641016137
243,93.0500000000,11028.0726524015,7352.1359812735,933.6011095794,1064.0500442459,1678.2855173027
244,99.8700000000,14572.9582394986,9715.7853300748,1096.1853728800,1142.2750934335,2618.7124431102
245,156.9400000000,22569.0832875884,15046.4668719305,1084.0440787886,1794.5062726409,4644.0660642285
246,53.4500000000,6378.5390343271,4252.2970269932,938.1427889439,611.3482612151,576.7509571749
247,157.8500000000,22906.8266957846,15271.3151070763,1091.5804976578,1805.2246614440,4738.7064296065
248,10.8700000000,947.2373971131,631.5117626393,756.0716187804,124.3219766059,-564.6679609125
249,42.7300000000,3725.6534608487,2483.8351368578,756.3298557505,488.7261598463,-3.2376916059
250,45.8200000000,5475.7780858433,3650.8823312294,939.0835389281,524.1031315038,361.7090841821
251,27.3900000000,3898.0311532408,2598.2473501717,1075.4639149027,313.1274805085,-88.8075923421
252,42.7800000000,5102.2892622164,3401.8602984275,937.7632772109,489.2980369348,273.3676496432
253,51.9200000000,6195.9541003230,4130.4159020157,938.1427889439,593.8484887238,533.5469206396
254,304.4000000000,43700.7802079587,29133.7472570232,1082.6437912211,3480.5059136449,10003.8832460694
255,36.1100000000,3151.9422089918,2101.1094406068,756.8474066171,413.0371907159,-119.0518289480
256,8.1200000000,708.6859120830,472.6077786241,756.7903865069,92.8783571568,-613.5906102048
257,10.0800000000,878.6566678012,585.8052214367,756.2106627622,115.2886610651,-578.6478774629
258,23.4300000000,2042.0613663347,1361.3808759534,756.1438402539,267.9752264249,-343.4385762975
259,377.7000000000,54315.9344827459,36210.3104266407,1084.0440787886,4318.7525116379,12702.8274656787
260,102.9400000000,12268.5748850241,8179.2750427869,937.2848285391,1177.3525312924,1974.6624824056
261,117.4400000000,17013.9036801651,11342.8843612426,1090.1749041379,1343.0380421898,3237.8063725948
262,68.0400000000,8063.9447960171,5375.7553411462,933.6011095794,778.0544332132,976.5339120783
263,18.9300000000,1651.4608594455,1100.9917579166,756.5966414806,216.5201088933,-422.6476488450
264,259.4000000000,22451.1013163869,14967.6784705353,752.8992265782,2965.6418260119,3764.8817932615
265,365.6700000000,43077.2970823524,28718.3988399678,929.6388554362,4180.7663930269,9248.4929939215
266,82.0800000000,9747.1685753507,6498.3214994557,934.9012987172,938.6628278520,1375.2829493258
267,18.4900000000,1613.8802576835,1076.0080249237,756.8298005211,211.4937823497,-430.4513501111
268,31.7800000000,3794.2511999456,2529.3007295452,938.4454697809,363.4975731975,-36.9925725780
269,33.6100000000,2933.0794907345,1955.1672940305,756.7447129152,384.4363547791,-163.2688709902
270,102.6500000000,14896.3304423331,9930.5273100660,1091.5804976578,1173.9392556049,2700.2833790045
271,53.7700000000,7867.0192610003,5244.8374922478,1098.4202960231,615.0362724146,908.7252003148
272,37.5300000000,3273.3010805654,2182.0847924789,756.4780410728,429.2591252274,-94.5208782136
273,42.4300000000,6208.5261496241,4139.0826494860,1098.5078760990,485.3272778199,485.6083462193
274,237.7200000000,34369.7463875086,22912.6890693618,1088.4939688877,2718.4479146671,7650.1154345920
275,85.6700000000,12500.9044996279,8333.8902612458,1096.1853728800,979.8608917037,2090.9679737984
276,31.7100000000,2759.1063104029,1839.6278759803,755.3660261078,362.6402510058,-198.5278426911
277,32.9600000000,2876.1984883677,1917.4077940976,756.7192474217,377.0003143603,-174.9288675119
278,18.8600000000,2215.2901117020,1476.8262989669,927.7291392802,215.6109632125,-404.8762897577
279,26.4800000000,3157.5161753387,2104.6590712009,937.6160751321,302.8638802520,-187.6228512462
280,162.0300000000,14059.6773124280,9372.9181633456,754.0882497416,1852.7070941506,2079.9638051901
281,243.8200000000,21085.6025844581,14057.0832225780,752.5246171233,2787.3947534718,3488.5999912851
282,7.2900000000,871.1418407659,580.5948307460,939.0386843848,83.3850553450,-731.8767297100
283,47.3400000000,6754.2372458821,4502.6041748064,1077.5309870471,541.2239168982,632.8781671303
284,19.2700000000,2814.8569664635,1876.4395278644,1097.0767788299,220.4079622985,-379.0673025292
285,162.6200000000,14085.1126598189,9390.0250237089,753.2396180813,1859.2617136599,2082.5863043688
286,384.0400000000,55227.6713761020,36818.2484820722,1084.0440787886,4391.2462657385,12934.1325495027
287,54.9300000000,6563.0419107546,4375.6533098071,938.9383947274,628.3014973672,620.1487088529
288,130.7200000000,15553.4514713439,10368.5873294899,936.1820858981,1494.9992259717,2753.6828299842
289,24.6700000000,2947.5740749739,1964.9503428655,938.9383947274,282.1809200810,-238.4955827000
290,37.4100000000,5461.9674670808,3641.2070806250,1096.6652581846,427.8865940516,296.2085342196
291,195.1600000000,16925.0719306953,11283.6690142150,753.8312137160,2231.4570765668,2656.1146261974
292,10.2000000000,1492.1812173162,994.5865067471,1098.3260134850,116.6701640194,-717.4014669352
293,95.5400000000,11372.0763898653,7581.0877243863,936.4401288793,1092.6714699150,1761.8770666848
294,82.3500000000,7158.3496096997,4771.9756523670,754.9124345824,941.7137210703,689.7478016799
295,125.0600000000,10884.5171163698,7256.3597715117,755.4932545847,1430.2274067798,1442.4366834936
296,21.4400000000,1871.4384093266,1247.7025212858,756.8474066171,245.2372575173,-378.3487760936
297,81.7100000000,11848.0169606835,7898.3531421213,1090.9087661794,934.4476477353,1924.3074046475
298,37.5700000000,4488.8673691434,2992.9104759387,938.9383947274,429.7339751700,127.2845233074
299,46.2000000000,4012.7403050092,2675.1737792367,754.5370947577,528.2958256414,54.7336053734
300,450.2700000000,52888.5831705235,35259.2278878356,927.7291392802,5147.5688444170,11554.0572989908
301,248.2700000000,29206.5068642832,19471.0618051958,928.7304688664,2838.3958987817,5968.3186914393
302,160.6300000000,23197.1280540192,15464.9821515465,1087.5315179624,1836.8442623022,4807.7701222081
303,92.5400000000,13511.1058381090,9007.1964625987,1096.6652581846,1058.4502917277,2348.7938255980
304,60.4800000000,5247.9743495380,3498.8435025539,754.0882497416,691.5492504736,303.4933467689
305,31.2600000000,3720.8615024826,2480.6617324444,936.4401288793,357.5142364407,-53.7545952817
306,2.2200000000,193.4859681290,128.8549800285,756.1438402539,25.3907384833,-716.9035906367
307,20.1600000000,2399.6342895089,1599.6790611090,936.4401288793,230.5658031556,-367.0507036349
308,38.6400000000,4615.4500665371,3076.9183819805,938.7575205857,441.9688151360,157.8053488349
309,25.2500000000,3692.9527664900,2461.6912486726,1098.1153248667,288.8142698871,-155.6680769364
310,17.8000000000,2591.1852915122,1727.8325691344,1094.1922130533,203.5795046615,-434.4189953371
311,14.6800000000,2135.8813930525,1423.7892676378,1093.7544670621,167.8941065354,-549.5564481828
312,17.2700000000,1505.5964303267,1003.7417819920,756.2725330342,197.5248947112,-451.9427794106
313,27.0100000000,3209.2579107830,2139.5974702114,935.2637903541,308.8903557133,-174.4937054957
314,51.7100000000,6176.6284404926,4117.7150760495,938.7575205857,591.4649956181,528.6908482393
315,98.3200000000,11723.8289410612,7816.1260408911,937.6160751321,1124.5308423858,1845.5559826523
316,57.7000000000,8436.4913606566,5624.3084736084,1097.8712831691,659.9793124572,1054.3322914219
317,72.2300000000,10536.3590238504,7023.9121502838,1095.9158827522,826.1336420710,1590.3973487434
318,35.0400000000,3056.9037778643,2037.7677960084,756.5966414806,400.7852411844,-138.2459008092
319,54.9900000000,6530.1754380913,4353.5552902757,934.9012987172,628.8629252386,612.8559238598
320,276.7500000000,32602.1876761589,21734.5352180345,929.6388554362,3164.1291308288,6773.8844718593
321,59.9700000000,5216.4760072296,3477.6141845917,755.2275891446,685.8139593846,297.8202741088
322,16.0300000000,1882.8791352377,1255.3023541219,927.7291392802,183.2578865481,-483.4102447125
323,4.6300000000,404.0715879091,269.3083780874,756.7683859227,52.9588146367,-674.9639907377
324,96.5400000000,13986.0546771385,9324.2354494961,1090.1749041379,1104.0266739867,2467.6176495177
325,40.9500000000,5981.7536469476,3987.4339967118,1097.0767788299,468.3812172352,428.8616541708
326,104.7300000000,12436.9025937680,8290.9619130987,934.9012987172,1197.6871096606,2013.3522722916
327,93.9200000000,11193.5550145858,7462.4397019584,937.2848285391,1074.1883596171,1719.6421244712
328,91.8800000000,13298.1204231464,8865.7427315695,1089.3723944003,1050.7154611210,2292.2898360557
329,41.2400000000,3599.1171242701,2399.5679081269,756.7683859227,471.7109105007,-28.9300802802
330,11.1300000000,1326.1194460694,884.3787611472,937.0984891794,127.2956393398,-622.6534435969
331,55.7800000000,4863.4905229614,3242.5162973378,756.3298557505,637.9860799491,226.6582899241
332,29.1100000000,2540.0858573314,1693.6626521358,756.6918581469,332.9623873465,-243.2310402977
333,20.2800000000,2421.8655196646,1614.8795280912,938.6129255746,231.9632939716,-363.5902279729
334,91.2800000000,13104.4915157111,8736.0034207764,1082.6437912211,1043.6944145779,2242.1498891357
335,160.3000000000,19056.0371966133,12704.3270731348,935.5962830805,1833.2436694930,3582.8701709049
336,347.4500000000,49881.1960685127,33254.5035875781,1082.6437912211,3972.7390922993,11571.3095974140
337,170.7200000000,24809.5406590989,16540.0878804254,1092.7603591096,1952.4653293902,5224.2270901736
338,171.8500000000,20407.5404443715,13604.8602821117,934.9012987172,1965.2681160620,3902.5107474806
339,301.9800000000,35660.0539834669,23773.4655753283,931.2135751301,3452.8356629517,7502.5391700568
340,292.4500000000,41820.5106178681,27880.3702696007,1079.4039103234,3343.6298620087,9517.1065759354
341,32.9800000000,2878.5078306739,1918.9606430110,756.8108245191,377.2335303293,-174.4971671855
342,332.0900000000,28719.2099182705,19145.9976236299,752.5246171233,3796.5135086558,5024.1741688614
343,9.6400000000,1147.4441741501,765.0638987913,936.4401288793,110.2507114296,-664.3105649500
344,99.4600000000,8667.1786124077,5778.0375291954,756.0716187804,1137.5403673617,995.5290970702
345,54.4100000000,4723.6503559670,3149.2180909650,754.3228133681,622.1606130954,197.9488385385
346,11.8700000000,1407.8160035057,938.1746555664,934.0736028865,135.7394276758,-600.1716826230
347,31.3200000000,3738.8030817319,2492.5155067785,938.3519954833,358.2344254898,-50.2988460197
348,124.6600000000,18115.9637919592,12077.1787056410,1092.7603591096,1425.6931113038,3520.3316159047
349,61.4600000000,5350.4748373402,3567.2394827087,755.6102914559,702.8871441433,324.7379190322
350,24.1600000000,2886.3953632652,1924.0674050571,938.8824522502,276.3466439791,-252.9011380211
351,15.2700000000,1824.7374360075,1216.6876967839,939.0386843848,174.6625233359,-505.6514684971
352,24.0700000000,2099.5343353950,1399.7784226239,756.5205193927,275.3083870556,-332.0729936771
353,152.0300000000,18053.8747381891,12036.2999201741,934.9012987172,1738.6075745412,3344.0659447566
354,31.1200000000,3718.5126316162,2479.2668912044,938.9903837852,355.9583827728,-55.7030261462
355,149.3000000000,12978.0400331290,8651.8927931429,754.9124345824,1707.3206867735,1863.9141186301
356,328.1100000000,38745.6795566439,25830.2710239803,931.2135751301,3751.6057665113,8232.5891910222
357,51.4700000000,7510.4652106437,5006.7121339882,1096.1853728800,588.6942931713,818.8734106042
358,13.5500000000,1982.6898262410,1321.8180044367,1098.5078760990,154.9890316865,-592.6250859811
359,58.4000000000,5081.4193796130,3387.3917139446,755.3660261078,667.8710393800,270.7906001806
360,26.4700000000,3853.2963295690,2569.2119071477,1094.1922130533,302.7387353028,-112.8465259349
361,52.1100000000,6180.3952773955,4120.6102518996,934.0736028865,595.9040923494,529.8073302600
362,9.9100000000,1448.7358368159,965.9716211814,1097.7350963539,113.3513314532,-728.3222121727
363,63.6400000000,5549.4400750964,3699.4811902331,756.3829978112,727.8901266257,365.6857604263
364,23.4900000000,3435.0617946026,2290.3856179173,1097.9977895315,268.6822366486,-222.0038494948
365,22.0500000000,1924.3582102365,1282.9972169556,756.7683859227,252.2120653865,-367.6194580283
366,17.8100000000,1554.1594380409,1036.1749190325,756.7192474217,203.7128519040,-442.4475803173
367,118.4700000000,17254.2492754961,11502.9052826723,1094.5951237908,1354.9608618675,3301.7880071655
368,197.0200000000,17086.3787240499,11390.8409044450,753.8312137160,2252.7242940418,2688.9823118471
369,13.9300000000,1215.4299233844,810.0312834671,756.6624014288,159.3317892024,-510.5955507139
370,33.3000000000,4852.0422445437,3234.4451592910,1094.9662915433,380.8610772492,141.7697164602
371,153.5400000000,22281.3694701980,14854.0660604348,1091.5804976578,1755.9340799374,4579.7888321680
372,20.4300000000,2438.0458834669,1625.0816663668,938.1427889439,233.6734326777,-358.8520045216
373,20.5000000000,2999.6414345344,1999.5297778978,1098.5078760990,234.4852508910,-332.8814703535
374,125.8900000000,14787.0027657566,9857.8155456043,927.7291392802,1439.1974633523,2562.2606175197
375,118.7400000000,17217.3973064687,11478.3432348675,1090.9087661794,1357.9282057531,3290.2170996686
376,3.7200000000,541.5286114846,360.5911448628,1094.1922130533,42.5458290641,-955.8005754957
377,35.1300000000,3063.9772704573,2042.8027844483,756.4780410728,401.8085017116,-137.1120567754
378,74.0400000000,8837.1282058443,5891.3397126385,938.2513041608,846.8563763022,1160.6808127428
379,37.9900000000,3313.7228667078,2208.8988981290,756.5205193927,434.5228759551,-86.2194267690
380,92.4500000000,13494.2508255929,8996.0009761402,1096.4346045105,1057.4146603433,2344.4005845989
381,92.9700000000,8095.4867258070,5397.1537379153,755.7180513530,1063.2655908705,879.3493456682
382,109.9500000000,15942.8401031348,10628.0955878403,1090.9087661794,1257.4044654081,2966.4312837071
383,67.1400000000,5836.2063484547,3890.6648336866,754.9124345824,767.7797113863,422.8493687993
384,64.1800000000,9386.6815268645,6257.3356085370,1098.1153248667,734.1029640139,1297.1276294469
385,46.3500000000,6768.9579691053,4513.0112178386,1096.8788562489,530.1430718747,628.9248231431
386,152.6200000000,18101.1692043006,12067.5014519917,934.0736028865,1745.2865587098,3354.3075907125
387,177.3700000000,21074.6418228652,14049.5246470523,935.2637903541,2028.4295591581,4061.4238263007
388,232.0800000000,27405.7398784125,18270.8432062074,931.2135751301,2653.5999094570,5550.0831876180
389,19.7800000000,2892.5296848548,1928.7457835093,1097.9977895315,226.2466854368,-360.4605736228
390,58.2400000000,5075.9562089343,3383.8438233573,756.1438402539,666.1065807506,269.8619645724
391,58.6200000000,5114.7524844792,3409.7470692952,756.6624014288,670.4974503263,277.8455634289
392,40.3800000000,5888.2742954264,3925.8456518871,1095.6242774865,461.8445424689,404.9598235839
393,20.9400000000,2483.5439859655,1655.6023333525,934.0736028865,239.4594452849,-345.5913955585
394,2.9400000000,351.2098937357,233.8553398953,938.8222665727,33.6281726585,-855.0958853908
395,77.8200000000,6781.4180536655,4520.9159830068,756.0716187804,890.0401305860,614.3903212922
396,12.2200000000,1065.4688811507,710.3575196850,756.3298557505,139.7667604335,-540.9852547182
397,32.5500000000,2841.0926115522,1894.1069098529,756.8298005211,372.3159878574,-182.1600866793
398,157.4600000000,13687.3555500100,9124.7912812154,754.9124345824,1800.6343961109,2007.0174381013
399,146.6900000000,12740.8847476581,8493.9849488206,754.5370947577,1677.3964212845,1814.9662827952
400,28.6000000000,2493.6505729060,1662.3332433445,756.3298557505,327.1136946315,-252.1262208205
401,25.7000000000,3070.6385783068,2046.8232738183,938.9383947274,293.9622880455,-209.0853782843
402,107.5800000000,9367.6719582910,6245.0672349922,755.7180513530,1230.3550851441,1136.5315868017
403,326.6600000000,28249.6224273608,18833.1545252046,752.5246171233,3734.4367573173,4929.5065277156
404,31.6500000000,2762.5370554724,1841.4157952303,756.8298005211,362.0215365803,-197.7300768593
405,31.7800000000,3791.1213523984,2527.1250907314,937.8995482845,363.4875585192,-37.3908451368
406,40.6000000000,5934.2474753944,3956.4662644144,1097.5884505866,464.3841092331,415.8086511603
407,276.7700000000,23954.4769134017,15969.3763861953,752.8992265782,3164.2277879156,4067.9735127126
408,2.8000000000,244.3075222883,162.6985911237,756.6624014288,32.0264902919,-707.0799605562
409,169.9900000000,20073.6889087010,13382.5912957747,931.2135751301,1943.6636013814,3816.2204364148
410,328.6300000000,38600.7841680084,25733.6982594988,927.7291392802,3756.9581569742,8182.3986122552
411,163.0900000000,19329.0528627636,12886.0017736298,933.6011095794,1864.9749781415,3644.4750014129
412,4.5100000000,659.8522757506,439.9642929479,1098.4202960231,51.5866391778,-930.1189523982
413,35.2100000000,3072.8640626952,2048.5592355636,756.7683859227,402.7386313950,-135.2021901861
414,37.4100000000,5467.9851737563,3645.7093356002,1097.5884505866,427.8967863648,296.7906012046
415,46.2600000000,5449.6014522100,3632.8617943689,929.6388554362,528.8983327629,358.2024696419
416,50.0300000000,7319.8246908656,4880.1302494093,1098.4202960231,572.2571082184,769.0170372148
417,65.7500000000,5722.5091987951,3815.1994674959,755.4932545847,751.9386853972,399.8777913173
418,19.0500000000,2265.6616989933,1510.1432265542,935.9015508839,217.8652797906,-398.2483582354
419,59.3000000000,5172.0424747544,3448.2848654841,756.4780410728,678.2591560347,289.0204121628
420,117.3100000000,17023.7557154418,11349.1740686468,1091.5804976578,1341.5958507064,3241.4052984308
421,27.9600000000,4091.2182687601,2727.6498650875,1098.5078760990,319.8150056055,-54.7544780320
422,30.0400000000,3584.8702075058,2390.2242842812,938.1427889439,343.5903043387,-87.0871700579
423,96.3000000000,8367.7412502094,5578.6689678999,754.7330514445,1101.2146078547,933.1246230104
424,23.4500000000,2046.8086556344,1364.4225470682,756.8298005211,268.2276471661,-342.6713391211
425,84.8600000000,10096.8932975692,6731.5679927485,936.1820858981,970.5143384024,1458.6288805202
426,4.7600000000,694.1105905456,462.5618743915,1095.6242774865,54.4422987160,-918.5178600485
427,328.1100000000,38745.6795566439,25830.2710239803,931.2135751301,3751.6057665113,8232.5891910222
428,16.2300000000,2373.0373446006,1582.0545520559,1097.8712831691,185.6406280967,-492.5291187210
429,81.7700000000,7082.3986114462,4721.7393382977,753.2396180813,934.8901139219,672.5295411455
430,55.8600000000,6660.8328381579,4440.4179619846,937.6160751321,638.8963878730,643.9024131682
431,87.8900000000,7653.1389516099,5102.2273041495,755.7180513530,1005.1673957363,790.0262003712
432,1.1400000000,99.4190695277,66.1402438913,756.4322921394,13.0389693109,-736.1924358139
433,30.3400000000,3600.7739409174,2400.5420137024,934.5057179604,346.9602426035,-81.2340333489
434,31.7400000000,4639.2368194340,3092.4104135653,1097.5884505866,363.0431435236,86.1948117584
435,165.3800000000,19639.2146563291,13092.6773067851,934.9012987172,1891.2775154747,3720.3585353521
436,9.8300000000,853.3997978158,568.9763777794,754.3228133681,112.4028455565,-582.3022388882
437,108.7400000000,9472.5566523667,6314.8198703278,755.9089524359,1243.6515766115,1158.1762529915
438,77.5400000000,11243.3635434022,7495.6042566874,1090.9087661794,886.7589108481,1770.0916096874
439,66.0500000000,5756.6433310459,3837.6374486751,756.1438402539,755.4316562256,407.4303858912
440,19.0600000000,1661.4281833622,1107.7044187167,756.2106627622,217.9962182441,-420.4831163609
441,78.0800000000,6806.1024426505,4537.3277151281,756.2106627622,893.0296285677,619.5344361925
442,45.7800000000,3992.0390735059,2661.5968164146,756.3829978112,523.6142362810,50.4450229990
443,87.9200000000,7624.7813288928,5083.0096509082,753.8312137160,1005.2762152683,782.6642490003
444,57.7600000000,8447.7208630678,5632.2464694761,1098.1153248667,660.6697912347,1056.6892774903
445,227.6900000000,19706.5969881578,13137.6534323103,752.8992265782,2603.1109767334,3212.9333525359
446,83.8600000000,12186.7858462514,8124.3162936892,1092.7603591096,959.0776858169,2010.6315076357
447,28.3600000000,3384.9399772791,2256.9457296496,938.2513041608,324.3766454880,-134.6337020194
448,76.4100000000,11128.5320092906,7418.9499673255,1094.5951237908,873.9137288368,1741.0731893375
449,134.3300000000,15994.9842061302,10663.6196975285,936.6776962357,1536.3225702246,2858.3642421414
450,201.9500000000,17503.2995318183,11668.7640123292,753.5492527343,2309.0147644901,2771.9715022647
451,21.5600000000,3105.2528061709,2069.8241664799,1085.3172731391,246.5315717393,-296.4202051874
452,315.0000000000,37056.6305322802,24704.1220460337,928.7304688664,3601.2998272697,7822.4781901104
453,25.6900000000,2242.0300417677,1494.8127952266,756.7683859227,293.8470730059,-303.3982123875
454,99.6600000000,11802.1861125775,7867.7837673560,933.0839460749,1139.6095667408,1861.7088324058
455,100.5700000000,8697.3138049338,5798.0254241494,752.5246171233,1149.7346007574,997.0291629038
456,58.0200000000,5034.5150754001,3356.6140918810,754.0882497416,663.4207591348,260.3919746426
457,11.0800000000,966.5478105529,644.5935762093,756.5599770292,126.7317188514,-561.3374615370
458,35.6300000000,5191.5394946875,3460.7232157024,1094.9662915433,407.5099153871,228.3400720548
459,24.2900000000,2112.1760410688,1407.9879512307,755.0768121019,277.7740373381,-328.6627596019
460,46.4900000000,4054.3794231059,2702.9313003582,756.4322921394,531.7383186518,63.2775119565
461,58.1600000000,5073.0750704850,3382.1235876114,756.5205193927,665.2237553449,269.2072081360
462,112.5000000000,16392.0346099450,10927.8990772755,1094.9662915433,1286.6928285447,3082.4764125815
463,158.1300000000,22740.2137139439,15160.4552573239,1084.0440787886,1808.1131444673,4687.6012333641
464,63.9900000000,5575.3058826359,3717.1497592046,755.9935047728,731.8568822073,370.3057364511
465,6.4100000000,558.7489325998,372.7851409143,756.2106627622,73.3135235543,-643.5603946310
466,186.5400000000,26904.6425185866,17936.5157819426,1086.4759890134,2133.0801583366,5748.5705892940
467,41.7700000000,3645.5431708997,2430.5542900668,756.7903865069,477.7745047338,-19.5760104078
468,7.6500000000,1118.5296171408,745.7261544933,1097.8712831691,87.5015899532,-812.5694104748
469,18.5500000000,2710.2763872567,1807.0693025359,1097.2602780930,212.1736936065,-406.2268869786
470,63.5100000000,5530.2179407981,3686.5804220733,755.7180513530,726.3418057028,361.5776616691
471,16.2600000000,1940.4124358870,1293.2941594836,938.1427889439,185.9779743191,-477.0024868596
472,218.5200000000,18939.4454750826,12626.0317813746,753.5492527343,2498.4694545005,3061.3949864732
473,64.7800000000,9446.3201797355,6297.9578282540,1095.6242774865,740.9185106769,1311.8195633181
474,42.6200000000,5089.7390753503,3393.4292786241,938.6129255746,487.4889343723,270.2079367793
475,18.0400000000,2150.0397408766,1433.6706816570,937.2848285391,206.3283433506,-427.2441126702
476,48.0100000000,4188.0830672060,2791.9444656294,756.5599770292,549.1326554203,90.4459691272
477,105.2600000000,15017.9766054405,10011.6728122167,1077.5309870471,1203.4057772013,2725.3670289754
478,178.0500000000,21067.3021037979,14044.6831875246,932.5173167244,2035.9437081719,4054.1578913769
479,144.1700000000,12536.5343697361,8357.4141962336,755.0768121019,1648.6901178690,1775.3532435316
480,65.1800000000,5672.8996133455,3781.9515418532,755.4932545847,745.4199774021,390.0348395054
481,35.8400000000,4283.1053382066,2855.2303362282,939.0835389281,409.9488483871,78.8426146632
482,179.6100000000,15545.2671836402,10363.7207427902,752.8992265782,2053.4268634156,2375.2203508562
483,3.9700000000,472.1615194228,315.1603255418,935.9015508839,45.4028955784,-824.3032525813
484,117.4000000000,10220.3993801455,6813.7403277178,755.6102914559,1342.6448213867,1308.4039395851
485,46.7800000000,4075.0984016711,2716.6881317140,755.9089524359,535.0195029786,67.4818145427
486,170.3300000000,14752.9039438381,9835.4721310955,753.2396180813,1947.4114357871,2216.7807588742
487,24.3400000000,2122.6843441256,1415.4012192741,756.4322921394,278.3934324798,-327.5425997677
488,113.8600000000,13472.1876862591,8981.2655946324,932.5173167244,1301.9519832208,2256.4527916815
489,291.9400000000,41747.5803377685,27831.7134279434,1079.4039103234,3337.7989465372,9498.6640529645
490,173.5600000000,20632.3506914798,13754.8502599982,935.5962830805,1984.8894028522,3957.0147455488
491,316.5700000000,37382.9501607594,24922.0712154846,931.2135751301,3619.6575462634,7910.0078238813
492,27.9100000000,2435.3760315397,1623.5109446508,756.6918581469,319.2366963532,-264.0634676112
493,46.7200000000,5581.6387157180,3721.1181354527,938.8824522502,534.3921857079,387.2459423074
494,66.4300000000,9709.6566450850,6472.8394440802,1097.5884505866,759.8284821763,1379.4002682419
495,33.9400000000,4963.2182762372,3308.3347814360,1097.9977895315,388.2109455877,168.6747596819
496,244.5300000000,35165.1455098381,23443.6112625785,1084.0440787886,2796.0406451438,7841.4495233272
497,73.4300000000,10714.8525435704,7143.3345096392,1096.1853728800,839.8644248605,1635.4682361906
498,8.4900000000,740.4829782574,493.8180284720,756.4780410728,97.1065806869,-606.9196719743
499,4.4200000000,524.2246617941,349.5160481522,934.0736028865,50.5449258911,-809.9099151358
500,93.6200000000,8145.9329164276,5430.4399800574,755.3660261078,1070.6521696363,889.4747406261
501,93.3500000000,10964.8638349621,7310.2901798863,927.7291392802,1067.1942426240,1659.6502731715
502,64.8100000000,5650.1276577577,3766.5663839396,756.2725330342,741.2616344083,386.0271063756
503,15.2500000000,1331.0802557963,887.4292989062,756.8298005211,174.4337577519,-487.6126013829
504,37.4800000000,3267.0686417846,2178.1303233420,756.2106627622,428.6725214999,-95.9448658196
505,25.4300000000,2219.4436877180,1479.4678287363,756.7903865069,290.8739682878,-307.6884958130
506,29.5100000000,4318.0204260054,2878.8748062731,1098.5078760990,337.5443782339,3.0933653994
507,32.0800000000,2797.6875003923,1865.1548777350,756.4322921394,366.9211714853,-190.8208409673
508,20.5800000000,2968.2510080010,1978.5306739575,1086.4759890134,235.3317768766,-332.0874318465
509,19.8100000000,2896.4799628182,1930.5247177070,1097.8712831691,226.5890845715,-358.5051226294
510,21.3500000000,3117.9558282718,2078.7203185196,1096.8788562489,244.1975099143,-301.8408564109
511,6.5100000000,946.6396425246,631.1612750056,1093.2784533794,74.4535406023,-852.2536264628
512,24.0000000000,2864.0773961431,1909.4709579810,938.1427889439,274.5062351574,-258.0425859392
513,7.7800000000,929.2035069718,619.0993644415,938.6878670654,88.9882299401,-717.5719544752
514,55.1700000000,8070.9448783661,5380.3535124029,1098.3260134850,631.0483283283,961.2170241499
515,76.5400000000,9077.8632610219,6052.1463074775,934.0736028865,875.2734451818,1216.3699054760
516,122.9700000000,17870.3679407766,11913.2351033020,1092.7603591096,1406.3651684344,3458.0073099306
517,82.7200000000,7212.4047339434,4808.2022590925,756.3298557505,946.1134552418,701.7591638586
518,221.8700000000,26295.5236903634,17530.4962779289,933.6011095794,2537.1389931955,5294.2873096595
519,22.2700000000,3248.5769827101,2165.5192412217,1095.9158827522,254.7140552253,-267.5721964891
520,73.3500000000,6391.8917275297,4261.2289030430,756.0716187804,838.9160058916,535.6751998147
521,268.2600000000,31768.5575613089,21179.2233305043,933.0839460749,3067.5462810946,6588.7040036351
522,8.6700000000,1033.3062391020,689.2647507967,937.2848285391,99.1611273198,-692.4044675536
523,155.0300000000,22543.4015023942,15028.4617102691,1093.2784533794,1773.0464515482,4648.6148871975
524,138.1700000000,12010.5545303244,8007.0312184988,754.9124345824,1580.0435317582,1668.5673454850
525,12.3700000000,1801.5958769130,1201.1633280432,1094.5951237908,141.4777231476,-635.6402980686
526,5.9900000000,876.1847918438,583.6913195439,1098.2245360874,68.5149457351,-874.2460095226
527,4.2900000000,512.6472560886,341.5263710271,939.0386843848,49.0702177545,-816.9880170778
528,19.6600000000,2861.9495972545,1908.1281415658,1094.1922130533,224.8524191935,-365.2231765582
529,9.9200000000,1449.6711456115,966.3424677760,1097.4304909789,113.4648148980,-727.5666280415
530,135.4900000000,11781.7510005933,7854.5613565083,755.0768121019,1549.4279258520,1622.6849061311
531,10.4000000000,1239.8136179276,826.7938216001,937.4569555241,118.9486185592,-643.3857777558
532,102.1900000000,14915.9274404255,9944.0100476168,1096.4346045105,1168.8177841047,2706.6650041934
533,132.8300000000,11531.7492516650,7687.7971044145,754.3228133681,1518.8677492641,1570.7615846183
534,331.5000000000,39145.9960776186,26097.3886147143,931.2135751301,3790.3669854576,8327.0269023166
535,51.8700000000,6198.3713690708,4132.4690894274,939.0386843848,593.3035419406,533.5600533179
536,5.6900000000,678.3211044238,452.5608286653,937.4569555241,65.0786191925,-776.7752989581
537,98.8600000000,11778.9908749709,7852.5059231529,937.0984891794,1130.6780687450,1858.7083938936
538,27.4600000000,2396.5023334737,1597.6946475296,756.7683859227,314.0926673702,-272.0533673489
539,421.0700000000,60213.2412578756,40141.8943672261,1079.4039103234,4814.1638775722,14177.7791027539
540,373.0500000000,53090.9281386079,35393.9027923385,1075.4639149027,4264.7757065977,12356.7857247690
541,489.2900000000,69633.7226348733,46422.0193230672,1075.4639149027,5593.6526081791,16542.5867887244
542,3.4800000000,303.3457543599,202.3690764963,756.2106627622,39.8020377487,-695.0360226473
543,20.2900000000,2967.5252131518,1978.3749040379,1098.1153248667,232.0808529112,-341.0458686641
544,108.3100000000,9414.9465236986,6276.6526598702,754.9124345824,1238.5793944035,1144.8020348425
545,7.2300000000,1046.4237120086,697.8864540886,1089.3723944003,82.6803742262,-823.5155107065
546,35.9200000000,3134.9751184754,2090.0418532941,756.7903865069,410.8609099842,-122.7180313098
547,69.0000000000,10027.2862317117,6685.2557842689,1092.7603591096,789.1290283969,1460.1410599363
548,109.0800000000,12917.7449444106,8612.0335831870,933.0839460749,1247.3270272937,2125.3003878550
549,32.4100000000,4741.8652454718,3160.7961045996,1098.4202960231,370.7146287699,111.9342160792
550,48.6200000000,7108.8771222725,4739.1942528547,1097.8712831691,556.1212161468,715.6903701020
551,1.9800000000,172.2809995143,114.9767422488,755.3660261078,22.6435729105,-720.7053417528
552,46.9000000000,5603.1433169344,3735.2310993039,938.8824522502,536.4510597110,392.5787056693
553,67.6800000000,9857.0742885589,6571.0699710597,1094.5951237908,774.0672839638,1417.3419097446
554,33.9200000000,2958.9622503568,1972.6116669537,756.5599770292,387.9729154729,-158.1823090991
555,8.6300000000,1031.2694219217,687.3218216920,939.0386843848,98.7123494688,-693.8034336239
556,71.3700000000,8512.1642039360,5674.9927559021,937.7632772109,816.2973561486,1083.1108146745
557,27.4000000000,2388.4119739834,1592.3251019053,756.2106627622,313.3838604349,-273.5076511190
558,19.7800000000,2357.4160795199,1571.5236318164,937.2848285391,226.2291924321,-377.6215732677
559,31.8700000000,4662.8585428320,3108.6950699084,1098.4202960231,364.5379580036,91.2052188969
560,100.9200000000,12033.8569643196,8022.4651655186,937.6160751321,1154.2682324408,1919.5074912281
561,81.5700000000,7109.3019911190,4739.6223088747,756.1438402539,932.9380802168,680.5977617736
562,26.3500000000,3855.2344714033,2570.3177114327,1098.4202960231,301.3986568370,-114.9021928894
563,10.6700000000,1274.9527564057,849.9085435212,938.9903837852,122.0461421654,-635.9923130661
564,113.9400000000,13562.2187969568,9041.6642584423,936.4401288793,1303.1085124776,2281.0058971576
565,57.6900000000,8439.6014144089,5626.0043965995,1098.3260134850,659.8727217919,1055.3982825325
566,166.2200000000,19727.1141878476,13151.5408893551,934.5057179604,1900.8481056544,3740.2194748777
567,89.5600000000,10670.9126316244,7113.9038808761,937.0984891794,1024.3124401861,1595.5978213828
568,323.0400000000,27936.5641000876,18624.5924595877,752.5246171233,3693.0522564249,4866.3947669516
569,131.8700000000,11413.3644201694,7609.0514747252,752.8992265782,1507.6298673716,1543.7838514944
570,144.8100000000,21069.2768752000,14045.9210897303,1093.7544670621,1656.1815781600,4273.4197402476
571,104.9700000000,9124.6139469360,6083.1941874769,754.9124345824,1200.3848123953,1086.1225124814
572,16.8400000000,2408.1292487772,1605.6757746890,1079.4039103234,192.5345422336,-469.4849784688
573,15.8100000000,1379.3714243173,919.5438961570,756.6307199789,180.8345487437,-477.6377405624
574,247.0500000000,21382.2073254179,14254.9318767003,752.8992265782,2824.4480073872,3549.9282147521
575,32.6400000000,4719.1171213540,3145.9706741651,1088.4939688877,373.2548373495,111.3976409517
576,36.9400000000,4411.4256556415,2940.6083298688,938.6129255746,422.5209112087,109.6834889894
577,25.0400000000,2185.5013972127,1457.0414391955,756.8108245191,286.4138144162,-314.7646809182
578,11.3200000000,988.0142099220,658.6625684035,756.8108245191,129.4810055588,-556.9401885593
579,110.8600000000,13059.7236703847,8706.3411968496,929.6388554362,1267.4809591461,2156.2626589528
580,2.0000000000,292.4260436969,195.1432927646,1097.8712831691,22.8762326675,-1023.4647649042
581,13.8800000000,1211.5468806648,807.4957875854,756.8474066171,158.7636723106,-511.5599858483
582,141.0800000000,16743.4801445166,11162.5203637160,934.5057179604,1613.3536923699,3033.1003704702
583,18.2000000000,1583.1226168347,1055.5360126674,755.2275891446,208.1343014974,-435.7752864747
584,41.1500000000,4912.9464089919,3275.6517644929,938.4454697809,470.6710238225,228.1781508956
585,19.3100000000,1684.1844888281,1122.6973980646,756.4780410728,220.8631417037,-415.8540920130
586,51.3300000000,6132.3954468709,4088.0551955858,938.8824522502,587.1222365665,518.3355624685
587,11.8300000000,1031.7919473245,687.9687063328,756.4780410728,135.3086984130,-547.9634984941
588,157.9900000000,13684.0914347853,9122.7567592770,753.2396180813,1806.3261477133,2001.7689097138
589,4.6600000000,678.9945002875,452.5561128226,1094.9662915433,53.2976762757,-921.8255803541
590,132.8000000000,11555.0084522707,7703.4417306677,755.3660261078,1518.7204457135,1577.4802497817
591,78.8000000000,11494.7402890685,7663.4696463959,1095.9158827522,901.2782915021,1834.0764684183
592,213.8500000000,30511.0611540324,20341.1765073609,1077.5309870471,2444.8824382909,6647.4712213336
593,44.0700000000,6437.5063057626,4291.4866979861,1097.0767788299,504.0674052150,544.8754237317
594,27.7500000000,3311.5894892905,2207.4025968149,938.1427889439,317.3978344007,-151.3537308691
595,49.6000000000,7197.8372132462,4798.3640363764,1091.5804976578,567.2419588700,740.6507203420
596,60.2300000000,7193.5639106571,4795.3967720298,938.6878670654,688.9153071069,770.5639644551
597,5.3100000000,634.5783857667,422.6901223444,939.0835389281,60.7373991332,-787.9326746390
598,20.8600000000,2491.9178174577,1661.3473105061,938.8222665727,238.5998917195,-346.8516513405
599,13.0600000000,1553.9173517117,1035.6258450382,936.1820858981,149.3626827661,-567.2532619908
600,192.2400000000,16650.6091361676,11100.5419160734,753.2396180813,2197.9121377075,2598.9154643056
601,41.1700000000,4907.9929471229,3272.3629149645,937.4569555241,470.8764063541,227.2966702801
602,12.3700000000,1477.5651481124,985.2201715701,938.7575205857,141.4894990485,-587.9020430919
603,4.7800000000,563.8123182029,375.7404379827,930.4637478382,54.6525901177,-797.0444577358
604,123.9000000000,14672.7961002243,9781.5690080642,933.0839460749,1416.7933505838,2541.3497955013
605,76.2900000000,9041.7158801903,6027.9609523882,933.6011095794,872.3952485279,1207.7585696948
606,21.1900000000,1848.8844276035,1232.3552859585,756.6624014288,242.3719033165,-382.5051631003
607,42.6100000000,3718.2893686088,2479.0727034797,756.7192474217,487.3781369810,-4.8807192735
608,122.4600000000,17610.6151357084,11740.8036955215,1084.0440787886,1400.2500200561,3385.5173413423
609,263.7200000000,22806.5585824514,15204.1745834708,752.5246171233,3014.8951865539,3834.9641953033
610,18.1900000000,2173.5136493926,1448.8078280750,938.9903837852,208.0617925012,-422.3463549688
611,12.6600000000,1512.3528077188,1008.5011532984,938.8222665727,144.8070292027,-579.7776413550
612,53.0000000000,4621.6267124467,3081.3633853812,756.3829978112,606.1938515267,177.6864777275
613,157.3700000000,13630.3909683661,9087.1209906861,753.2396180813,1799.2375838068,1990.7927757920
614,82.3900000000,7183.6318427176,4788.8728027745,756.3298557505,942.3390664576,696.0901177350
615,57.4300000000,6858.3696644150,4571.8548802042,938.6129255746,656.8861919522,691.0156666841
616,90.6800000000,12905.2013499771,8603.0856705684,1075.4639149027,1036.6703151703,2189.9814493357
617,55.1100000000,6572.8649191385,4381.6587714769,937.7632772109,630.3229269630,623.1199434877
618,230.3800000000,19979.4941145397,13319.9349285848,753.8312137160,2634.1621300444,3271.5658421945
619,35.5600000000,3099.7054669653,2066.2947810677,756.2106627622,406.7127765352,-129.5127533998
620,65.4600000000,5708.1449923917,3805.5760373346,756.3829978112,748.7065947347,397.4793625112
621,35.2000000000,4205.3442378698,2803.7754851198,938.8824522502,402.6242495059,60.0620509938
622,85.8600000000,10240.3589540416,6827.2357602082,937.7632772109,982.0273364007,1493.3325802218
623,59.4600000000,7071.7188778027,4714.2732028954,935.9015508839,680.0141488897,741.5299751337
624,116.2500000000,13804.9262534663,9203.2878378991,934.9012987172,1329.4292609380,2337.3078559120
625,5.2400000000,457.3851336227,305.1739933015,756.8474066171,59.9367177887,-664.5729840846
626,23.1800000000,2017.9630121957,1345.5376996182,755.6102914559,265.0980149893,-348.2829938677
627,77.7800000000,11310.2352374135,7539.8184743915,1093.2784533794,889.5539766588,1787.5843329837
628,372.0000000000,53405.6840911979,35603.3346959944,1082.6437912211,4253.4434949931,12466.2621089892
629,132.4500000000,15671.8009752768,10447.5946713071,932.5173167244,1514.5225731388,2777.1664141065
630,190.7300000000,27656.0063016908,18436.9489776430,1090.9087661794,2181.2164955642,5946.9320623042
631,93.6100000000,13612.1254895125,9075.0756298106,1093.2784533794,1070.5984540375,2373.1729522850
632,50.6500000000,7376.7850578533,4917.7039783415,1094.5951237908,579.2923748931,785.1935808279
633,88.0500000000,12681.7026708418,8454.7054935874,1085.3172731391,1006.8230469224,2134.8568571929
634,381.3000000000,54638.6634740750,36425.6455848162,1081.1023166841,4359.6302535284,12772.2853190463
635,19.2600000000,2300.0557154211,1533.0444168704,938.6129255746,220.2965010796,-391.8981281034
636,2.8900000000,344.8826531189,230.2199027353,938.1427889439,33.0551258169,-856.5351643772
637,11.9600000000,1042.3838643347,694.6964140667,756.1438402539,136.7897442613,-545.2461342472
638,11.8700000000,1416.2743986597,944.2606101597,938.0257820855,135.7654085265,-601.7774021120
639,43.6900000000,5218.1106966065,3478.4989713958,938.6878670654,499.7295329155,301.1943252298
640,23.3000000000,2780.0499990541,1853.0227011404,938.0257820855,266.4982324067,-277.4967165786
641,126.5300000000,15048.5131114763,10032.6036964125,935.9015508839,1447.0600447194,2632.9478194605
642,59.6800000000,5201.4606206937,3467.8796798977,756.1438402539,682.5762489560,294.8608515861
643,55.1100000000,8022.4843491706,5348.7686487987,1094.1922130533,630.2958708930,949.2276164255
644,10.7700000000,1286.9955589916,858.0850072055,939.0386843848,123.1902669501,-633.3183995488
645,94.6700000000,13738.2913100407,9158.6165737793,1091.5804976578,1082.6773436738,2405.4168949298
646,7.1100000000,1036.4002607327,690.5532321179,1095.3085042616,81.3196805727,-830.7811562195
647,44.6300000000,5250.2775258910,3500.0337974436,928.7304688664,510.2413056859,311.2719538952
648,63.0700000000,7527.7914092733,5018.3091295362,938.2513041608,721.3834637139,849.8475118624
649,47.8500000000,4169.7616791043,2779.8321514311,756.0716187804,547.2683146818,86.5895942109
650,6.2100000000,741.5163910434,494.2325885442,938.5322790142,71.0298891650,-762.2783656799
651,104.0000000000,12391.4126137666,8260.6807359900,937.0984891794,1189.4650935614,2004.1682950359
652,7.7200000000,1128.1714963831,752.4797904813,1097.4304909789,88.3012470779,-810.0400321550
653,42.4900000000,3708.2077257574,2472.1903921055,756.7683859227,486.0086466337,-6.7596989045
654,196.1100000000,23242.5075535997,15494.8242185979,933.6011095794,2242.5669444069,4571.5152810155
655,71.5700000000,8527.4365458392,5685.2920359461,937.0984891794,818.5578533287,1086.4881673851
656,12.2800000000,1464.9141034441,976.5586633800,937.8995482845,140.4539716368,-589.9980798572
657,55.5800000000,4849.1754436150,3232.7715099271,756.6307199789,635.7232270192,224.0499866898
658,316.3700000000,37160.7281356931,24773.7611651703,927.7291392802,3616.7995987034,7842.4382325391
659,63.4600000000,5529.1281655270,3686.0178516736,755.9935047728,725.7952452707,361.3215638098
660,57.2000000000,4987.3011458119,3324.6664866891,756.3298557505,654.2273892630,252.0774141094
661,72.8700000000,6331.8515566227,4221.3845592150,754.7330514445,833.2866923611,522.4472536022
662,72.9100000000,8662.9764633540,5775.4169475636,935.2637903541,833.8095459109,1118.4861795254
663,6.9100000000,824.7508900916,549.6859226940,938.2513041608,79.0353533259,-742.2216900891
664,35.2000000000,3070.3618033197,2047.0748030280,756.5205193927,402.6113512404,-135.8448703413
665,83.9000000000,12184.3583542529,8123.2677540345,1092.1959456200,959.5221508888,2009.3725037097
666,185.9700000000,26784.9658795735,17856.6186565809,1085.3172731391,2126.5063263619,5716.5236234917
667,9.9400000000,866.8645185131,577.6247966508,756.4322921394,113.6906622370,-580.8832325141
668,8.7000000000,1038.9659773709,692.8706083364,938.6129255746,99.5108805500,-692.0284370901
669,26.5800000000,3172.4860576896,2114.6740790700,938.2513041608,304.0173214764,-184.4566470176
670,14.7700000000,1763.1584137031,1175.1313803670,938.3519954833,168.9374988660,-519.2624610133
671,30.0900000000,4375.4818500099,2916.9885952963,1093.2784533794,344.1331853647,21.0816159696
672,23.2400000000,2027.3078625676,1351.3166537399,756.5599770292,265.8163489266,-346.3851171282
673,12.2500000000,1747.7694605420,1165.3799040675,1077.5309870471,140.0505488383,-635.1919794110
674,41.9000000000,6127.2494335397,4085.1907220162,1097.9977895315,479.2586511528,464.8022708393
675,43.0200000000,5132.9506849488,3422.0572488494,938.0257820855,492.0495261003,280.8181279136
676,100.5100000000,11920.7739269050,7946.8912000921,934.0736028865,1149.3824663604,1890.4266575661
677,53.2300000000,4644.7533557455,3096.6968018340,756.6918581469,608.8487763125,182.5159194522
678,14.8500000000,1770.7369789947,1180.2597928695,937.6160751321,169.8462470446,-516.9851360515
679,70.3400000000,6127.4566390241,4084.8991036183,755.9089524359,804.4735322683,482.1750507016
680,26.8600000000,3208.6727026326,2138.8019627923,938.8222665727,307.2288155122,-176.1803422447
681,112.6600000000,9812.1087598733,6541.6845997783,755.8173576902,1288.4694138645,1226.1373885402
682,142.4300000000,20733.8494983191,13822.6605530754,1094.1922130533,1628.9791488167,4188.0175833737
683,66.1100000000,7850.6982762723,5233.8697791183,934.9012987172,756.0306962633,925.8965021735
684,87.8400000000,7655.7691173213,5103.7776872161,756.1438402539,1004.6497605277,791.1978293235
685,67.3000000000,9730.2874469095,6486.8244874378,1088.4939688877,769.6093919615,1385.3595986225
686,74.3700000000,6480.7769294668,4320.2486939439,756.0716187804,850.5819135400,553.8747032024
687,90.8500000000,7912.5695085611,5275.1031134383,755.8173576902,1039.0328976531,842.6161397795
688,245.0900000000,35506.9623039141,23671.0616436949,1090.1749041379,2802.8371403295,7942.8886157517
689,195.5000000000,23216.0265165821,15477.5292856494,934.9012987172,2235.7283485023,4567.8675837132
690,29.4500000000,2570.4079931275,1713.6632190930,756.8108245191,336.8565029775,-236.9225534621
691,65.4300000000,7805.3200153375,5203.3431071697,937.8995482845,748.3634661395,915.7138937438
692,5.4800000000,798.4742192222,532.4189562619,1094.9662915433,62.6762373371,-891.5872659201
693,87.7700000000,7642.6897915895,5094.8541433053,755.7180513530,1003.7949974261,788.3225995052
694,34.9400000000,3049.5774288583,2033.0147674098,756.8108245191,399.6525030232,-139.9006660939
695,11.5500000000,1380.1034992020,920.3672828805,938.9903837852,132.1118033749,-611.3659708386
696,27.3500000000,3212.5230410949,2141.3981335021,927.7291392802,312.6701932059,-169.2744248932
697,40.4300000000,4830.5804560679,3220.3352841407,938.9383947274,462.4472881587,208.8594890411
698,67.0400000000,5834.7835237600,3890.0073001918,755.4932545847,766.6915508597,422.5914181237
699,12.3800000000,1080.0362091884,720.3098619590,756.5966414806,141.6016348705,-538.4719291218
700,20.8100000000,2485.7017568488,1657.1908526923,938.7575205857,238.0272009053,-348.2738173345
701,52.9500000000,4619.0168383370,3079.2934092407,756.5599770292,605.6357863883,177.5276656788
702,43.3700000000,5115.5941925645,3410.5670524587,930.4637478382,495.8750697496,278.6883225179
703,81.0400000000,9661.0091920048,6440.2887156216,937.4569555241,926.8842353884,1356.3792854707
704,39.6800000000,5801.7327069472,3868.0188387270,1097.8712831691,453.8644561231,381.9781289281
705,17.1300000000,1495.2304081980,996.5416241439,756.8474066171,195.9381633055,-454.0967858685
706,46.6400000000,4067.4608796227,2711.7499995438,756.4322921394,533.4539725085,65.8246154311
707,99.8900000000,14340.5746878219,9560.1546868874,1082.6437912211,1142.1410503088,2555.6351594046
708,54.1900000000,7928.4689186090,5285.3605192298,1098.4202960231,619.8403496772,924.8477536788
709,15.6200000000,1361.3742442231,907.5872506356,756.1438402539,178.6501509499,-481.0069976163
710,36.2400000000,4323.9919298592,2882.4797573296,938.0257820855,414.5019717776,88.9844186665
711,27.7900000000,3319.4450659696,2212.9560776806,938.7575205857,317.8652529148,-150.1337852115
712,62.8500000000,7459.0851083277,4972.5513140978,934.5057179604,718.7360332113,833.2920430582
713,13.4200000000,1599.4198072375,1066.0628145655,937.2848285391,153.4881578584,-557.4159937255
714,42.5300000000,5081.0593874034,3387.1113243058,938.8824522502,486.4661741900,268.5994366575
715,343.6600000000,29719.7858427319,19813.3962336040,752.5246171233,3928.7838609553,5225.0811310493
716,91.3400000000,7936.7547849858,5291.1087118226,754.7330514445,1044.4957661625,846.4172555563
717,131.5500000000,19167.7524705624,12778.0549502856,1094.9662915433,1504.5728141783,3790.1584145552
718,48.5800000000,4235.1982967731,2823.6574372199,756.2725330342,555.6316957191,99.6366308000
719,46.2800000000,6729.7208381010,4486.3625763913,1093.2784533794,529.2949092282,620.7848991020
720,274.2500000000,39555.0456241149,26369.5973430729,1086.4759890134,3136.0417788347,8962.9305131939
721,25.1600000000,3005.8653700228,2004.0408668809,938.8824522502,287.7848328855,-224.8427819938
722,43.2200000000,3771.5199838365,2514.5802552222,756.7192474217,494.3553879446,5.8650932480
723,20.7000000000,1806.3503855950,1204.0287999973,756.7192474217,236.7690081086,-391.1666699325
724,174.2400000000,15101.6336242833,10067.8161916843,753.5492527343,1992.1898121552,2288.0783677095
725,70.6700000000,10301.3229853696,6867.8657812448,1095.3085042616,808.2787378442,1529.8699620190
726,38.1400000000,4526.4837872970,3017.8242457973,934.5057179604,436.1589865820,137.9948369573
727,13.8600000000,2026.1835215205,1350.9076807500,1097.7350963539,158.5317309730,-580.9909865563
728,51.4600000000,7529.0461441524,5019.0663419192,1098.4202960231,588.6138474698,822.9456587402
729,87.5200000000,12778.1714172391,8518.5081438832,1096.6652581846,1001.0327375406,2161.9652776306
730,59.6800000000,5201.4606206937,3467.8796798977,756.1438402539,682.5762489560,294.8608515861
731,55.1700000000,4811.8310848600,3207.7068516131,756.4780410728,631.0212080681,216.6249841061
732,4.7300000000,691.9624664613,461.3443434911,1098.3260134850,54.1029290011,-921.8108195159
733,65.4900000000,7807.2494075073,5204.4495296510,937.4569555241,749.0331759080,916.3097464243
734,127.9800000000,15197.8878444612,10131.6194806785,934.9012987172,1463.5729618482,2667.7941032174
735,41.5300000000,6067.8047634918,4045.1826588876,1097.2602780930,475.0174391093,450.3443874019
736,33.8200000000,2949.4323959871,1966.5699183683,756.4322921394,386.8227562229,-160.3925707435
737,32.6800000000,3882.9525555124,2588.4640723536,935.2637903541,373.7333145024,-14.5086216977
738,40.4300000000,3514.4149935660,2342.9970545406,754.9124345824,462.3374103567,-45.8319059137
739,56.4900000000,4927.4073372025,3285.0291305508,756.5205193927,646.1225918059,239.7350954531
740,335.4000000000,48151.2538822252,32100.6918150228,1082.6437912211,3834.9595382277,11132.9587377536
741,13.9800000000,1661.0672192798,1107.2042852842,935.2637903541,159.8773481256,-541.2782044841
742,24.0600000000,2099.4320071245,1399.6935921990,756.6918581469,275.2001044163,-332.1535476376
743,29.7700000000,2597.3363252324,1731.3287419832,756.6307199789,340.5088245477,-231.1319612774
744,155.1700000000,22380.1510646997,14920.0673773844,1086.4759890134,1774.3650057312,4599.2426925707
745,45.7900000000,5452.3213489072,3634.5807157390,936.6776962357,523.6969440228,357.3659929097
746,1.1900000000,103.7685997700,69.1922915879,756.3829978112,13.6107676098,-735.4174572389
747,308.7900000000,44593.4207296307,29728.8006408369,1087.5315179624,3531.0909528500,10245.9976179814
748,98.8900000000,14429.9573475920,9620.1156714636,1096.1853728800,1131.0662259902,2582.5900772583
749,5.2700000000,458.9899979099,306.2065131811,755.8173576902,60.2719138209,-663.3057867823
750,56.4400000000,4912.2193031178,3274.9206758025,755.4932545847,645.4664548109,236.3389179196
751,8.1000000000,706.7913240943,471.0186073987,756.6918581469,92.6484142050,-613.5675556563
752,286.2500000000,40840.7353534804,27227.5123041237,1077.5309870471,3272.6097636697,9263.0822986400
753,97.0200000000,14099.2363797199,9399.4332007704,1092.7603591096,1109.5840338416,2497.4587859982
754,18.1400000000,1578.3723894894,1052.4794098157,755.3660261078,207.4517235335,-436.9247699676
755,37.3900000000,3259.2234929649,2172.8048213289,756.2106627622,427.6431584547,-97.4351495810
756,54.4100000000,6497.7171067529,4331.8052206230,938.6129255746,622.3433345659,604.9556259894
757,29.3400000000,2554.8196249885,1703.2001549979,755.7180513530,335.5513868575,-239.6499682199
758,10.4900000000,915.6431396379,610.3479866030,756.8474066171,119.9878186267,-571.5400722089
759,86.7500000000,12621.7786680727,8414.7545480617,1093.7544670621,992.1535246556,2121.1161282933
760,13.7300000000,1198.2511667369,798.8473237648,756.7683859227,157.0463336851,-514.4108766358
761,46.2000000000,6753.9450717350,4503.0256024999,1097.7350963539,528.4391032432,624.7452696380
762,13.8300000000,2020.2113049398,1346.5191056434,1097.0767788299,158.1858909490,-581.5704704825
763,138.6500000000,16389.8730839898,10926.7808311856,931.8958594654,1585.3720829722,2945.8243103667
764,20.4500000000,2443.5598752105,1629.3583476832,938.9903837852,233.9122406075,-358.7010968653
765,21.8500000000,1905.7188545258,1270.4207399152,756.4780410728,249.9150515912,-371.0949780533
766,60.1400000000,8798.0174911172,5865.6637958157,1098.3260134850,687.8964376593,1146.1312441572
767,20.1200000000,1754.2744589814,1169.4321072366,756.3298557505,230.1233404191,-401.6108444247
768,54.1000000000,7736.3297125206,5157.6252156678,1079.4039103234,618.5343666769,880.7662198525
769,55.5800000000,4849.5043174233,3233.2017895652,756.6624014288,635.7258322950,223.9142941343
770,17.8300000000,2129.7483096883,1419.7275292882,938.7575205857,203.9416142307,-432.6783544163
771,44.8400000000,3902.6207220376,2601.6501815386,755.4932545847,512.8050289462,32.6722569682
772,77.6700000000,11340.0431213089,7560.2957542451,1096.6652581846,888.3708035281,1794.7113053511
773,23.6700000000,2062.6595390679,1375.1611279903,756.0716187804,270.7176804288,-339.2908881317
774,229.6900000000,19879.6972296103,13253.2339610403,752.8992265782,2625.9763724621,3247.5876695297
775,40.0900000000,4789.9572219580,3193.0443071565,938.9383947274,458.5582929083,199.4162271658
776,70.0000000000,6098.9437690969,4065.8271235521,755.9935047728,800.5935576576,476.5295831144
777,221.7300000000,31832.3718643583,21221.8951023578,1082.6437912211,2535.2581347979,6992.5748359815
778,39.2900000000,4668.3355540417,3112.1417748529,935.2637903541,449.3262523500,171.6037364846
779,220.1900000000,25863.4533242667,17241.9470404390,927.7291392802,2517.2522794150,5176.5248651326
780,50.6700000000,6048.6957902732,4032.5561052595,938.3519954833,579.5574182492,498.2302712811
781,20.9200000000,1820.7588203619,1213.5492859573,755.4932545847,239.2480197492,-387.5317399293
782,100.7400000000,11975.7029768361,7983.9762201619,935.5962830805,1152.0958656565,1904.0346079372
783,83.8900000000,12173.9226576456,8115.4939571758,1091.5804976578,959.3937082581,2007.4544945540
784,5.2200000000,455.5144450631,303.4281694363,756.7192474217,59.7069672622,-664.3399390571
785,223.2700000000,32280.5539119092,21520.6666471649,1088.4939688877,2553.2048877155,7118.1884081411
786,10.7400000000,936.7240502338,624.6587026825,756.4780410728,122.8415402329,-567.2542337545
787,32.9600000000,2876.3552518479,1917.6880487775,756.7447129152,377.0015547016,-175.0790645463
788,258.5700000000,37051.9780081080,24701.4205931432,1081.1023166841,2956.3849846705,8313.0701136103
789,57.7600000000,5034.1214050145,3355.8318711772,756.1438402539,660.6166913488,261.5290022345
790,131.5500000000,15612.4526014400,10408.0643022667,934.5057179604,1504.3711244064,2765.5114568064
791,1.6600000000,242.2980678257,161.3632462088,1096.4346045105,18.9865693474,-1034.4863522411
792,51.3600000000,6122.7718669961,4081.7505508467,937.4569555241,587.4231778078,516.1411828175
793,9.4400000000,1381.1542091100,920.4516128779,1098.4202960231,107.9773556183,-745.6950554093
794,48.0600000000,7005.5410029272,4670.6509517789,1095.3085042616,549.6798661496,689.9016807370
795,31.3500000000,3732.9171060983,2488.5417513168,936.6776962357,358.5477002646,-50.8500417188
796,172.6200000000,15010.4499056936,10006.7715105324,755.0768121019,1974.0368186624,2274.5647643969
797,85.6600000000,10199.7345871891,6799.8311889051,936.6776962357,979.6872728761,1483.5384291723
798,2.9100000000,347.1416971516,231.0940348456,937.8995482845,33.2834737348,-855.1353597133
799,19.0700000000,2278.4855131638,1519.1977187896,938.9383947274,218.1268806625,-397.7774810156
800,84.0600000000,12257.7597145503,8171.9264475838,1095.6242774865,961.4326953921,2028.7762940879
801,125.7800000000,10937.4023238219,7291.3661760161,755.0768121019,1438.3869253351,1452.5724103688
802,110.5000000000,16077.3088509744,10718.4135878352,1093.7544670621,1263.7805703106,3001.3602257665
803,55.3000000000,6604.0021320242,4402.7289836811,938.6129255746,632.5231832658,630.1370395027
804,92.5200000000,13461.2906325082,8974.6716757844,1093.7544670621,1058.1446005895,2334.7198890722
805,45.4900000000,5418.3953686388,3612.4234312719,936.8966040123,520.2714419692,348.8038913855
806,18.0700000000,2154.1761611491,1436.0103217264,937.4569555241,206.6732247466,-425.9643408480
807,103.6200000000,15048.1908542037,10032.3330775246,1092.1959456200,1185.0498840893,2738.6119469697
808,35.4400000000,3085.9852593589,2057.1118755169,755.7180513530,405.3149676288,-132.1596351398
809,216.3700000000,25643.6763009146,17095.6925371009,933.6011095794,2474.2451163190,5140.1375379152
810,50.9000000000,6080.4706092330,4053.4925581850,938.8222665727,582.2020368419,505.9537476333
811,89.5100000000,10658.1630037275,7105.4415794177,936.6776962357,1023.7194465928,1592.3242814814
812,137.9600000000,19967.4433345373,13311.5379205782,1089.3723944003,1577.6741947785,3988.8588247803
813,12.0200000000,1753.9497150172,1169.2958274707,1096.1853728800,137.4801904783,-649.0116758118
814,20.3100000000,1772.3176971707,1181.4330852520,756.7192474217,232.3081427384,-398.1427782414
815,100.7800000000,8782.2065207968,5854.7632573666,756.0716187804,1152.6374243184,1018.7342203314
816,202.0600000000,29143.0903147079,19428.5225196810,1086.4759890134,2310.5509638335,6317.5408421800
817,12.0500000000,1051.7289072050,701.4328650530,756.8108245191,137.8309290621,-544.3457114293
818,3.6200000000,315.3453658412,210.4939956776,755.9089524359,41.4016802219,-692.4592624943
819,51.7700000000,7572.6355047998,5048.3089658425,1098.2245360874,592.1567179811,833.9452848889
820,187.6100000000,16249.5879111340,10833.2736516414,753.2396180813,2144.9765717608,2518.0980696506
821,150.2200000000,21782.0231040738,14521.3348137018,1090.9087661794,1717.9381427340,4451.8413814586
822,47.0500000000,4102.3167641687,2735.1180689913,756.3298557505,538.1363402941,72.7324991329
823,136.8700000000,11897.5508327821,7931.7973681236,754.9124345824,1565.1773770843,1645.6636529917
824,145.1000000000,17249.1016670530,11499.7271521981,935.5962830805,1659.4114562910,3154.3667754834
825,162.4700000000,14122.8544151538,9414.9789898052,754.9124345824,1857.9262691232,2095.0367216429
826,43.7100000000,3815.0266003261,2543.4069740948,756.8108245191,499.9659675771,14.8428341351
827,95.7100000000,8337.4875592976,5558.3570733615,755.9089524359,1094.6284016690,928.5931318312
828,58.9300000000,5140.2392349326,3426.6252137642,756.5205193927,674.0308786533,283.0626231225
829,36.2500000000,3161.9493002937,2107.7588386908,756.5205193927,414.6210648427,-116.9511226325
830,25.7600000000,3076.9667110247,2051.2789213203,938.7575205857,294.6458767573,-207.7156076387
831,38.7600000000,3378.6440916641,2252.6873515249,756.2106627622,443.3123514765,-73.5662740995
832,126.7800000000,11034.2162163231,7356.1035484397,755.4932545847,1449.8978940632,1472.7215192354
833,60.1800000000,8726.1493170228,5817.4839007126,1090.9087661794,688.2273827036,1129.5292674272
834,11.7500000000,1403.7725794025,936.1599354679,938.8824522502,134.3987196504,-605.6685279659
835,1.2500000000,182.5932126663,121.6210805097,1097.0767788299,14.2973509535,-1050.4019976267
836,22.8500000000,1991.5109782649,1327.7665333372,756.1438402539,261.3416100644,-353.7410053906
837,37.4800000000,4478.4657272807,2985.6890803492,938.9903837852,428.7056615143,125.0806016320
838,42.3800000000,6191.9953257111,4128.0757461599,1097.2602780930,484.7396838298,481.9196176284
839,19.1000000000,2278.9251065207,1519.3366208584,938.0257820855,218.4599244192,-396.8972208425
840,57.3400000000,8383.8546727912,5589.4614570433,1097.8712831691,655.8615905771,1040.6603420017
841,41.6100000000,3631.4079423103,2420.7494659540,756.7683859227,475.9430403961,-22.0529499624
842,84.5700000000,10015.1603405647,6676.9840620264,933.0839460749,967.0558003138,1438.0365321496
843,47.5800000000,4143.9742126289,2762.8178575660,755.8173576902,544.1627437571,81.1762536156
844,17.7200000000,2589.5335383302,1726.7430981572,1097.4304909789,202.6811008057,-437.3211516116
845,107.6900000000,12834.6884531595,8556.0731065558,937.2848285391,1231.6795618310,2109.6509562337
846,26.0800000000,2276.1734713207,1517.6287052712,756.7903865069,298.3088121489,-296.5544326063
847,220.9500000000,32009.7242688393,21340.0027813209,1090.1749041379,2526.7732920797,7052.7732913008
848,20.6300000000,1798.9463976939,1199.3330541903,756.3829978112,235.9580973018,-392.7277516095
849,84.4300000000,7360.5967928480,4907.1820452941,756.2725330342,965.6645547461,731.4776597736
850,57.2500000000,8367.8735952298,5578.4658440785,1097.5884505866,654.8273461477,1036.9919544170
851,10.5700000000,1533.8939383873,1022.2601642715,1091.5804976578,120.8820061543,-700.8287296963
852,200.5500000000,29054.3118448324,19369.4169389016,1090.1749041379,2293.4798991925,6301.2401026004
853,106.4900000000,12675.4491810420,8450.4785184673,936.4401288793,1217.9043838313,2070.6261498642
854,96.5300000000,8405.4784730789,5603.6022415514,755.7180513530,1103.9800740747,942.1781060998
855,90.4800000000,7858.7173765635,5239.3956505788,754.5370947577,1034.6365000874,830.1481311396
856,289.1100000000,34058.2420200697,22705.3862148055,929.6388554362,3305.4430822545,7117.7738675735
857,11.0600000000,1615.9383742889,1077.6101345397,1097.2602780930,126.5035607163,-685.4355990601
858,14.4300000000,1705.7761889793,1137.1762855985,931.8958594654,164.9976138283,-528.2935699129
859,51.4500000000,7523.7943521628,5016.0784439182,1097.9977895315,588.4930215229,821.2250971901
860,40.9600000000,4888.8272732493,3259.3141769152,938.2513041608,468.4932087161,222.7685834572
861,177.1000000000,21030.9887267861,14021.0089495645,934.9012987172,2025.3068568785,4049.7716216259
862,62.2200000000,8947.6765780155,5965.3921689219,1084.0440787886,711.4450126400,1186.7953176650
863,108.4200000000,12882.1822542428,8588.3143209883,935.2637903541,1239.9071590682,2118.6969838322
864,13.3200000000,1590.2903078438,1060.2923432988,938.4454697809,152.3532937379,-560.8007989738
865,42.8800000000,5113.0775528143,3408.7223388469,937.6160751321,490.4381867525,276.3009520829
866,185.3900000000,21915.0275588956,14610.2431475807,931.8958594654,2119.8134184076,4253.0751334419
867,36.5100000000,3184.3384612695,2122.9954557387,756.4780410728,417.5926102332,-112.7276457751
868,44.3100000000,6479.6759522708,4319.5869109843,1097.9977895315,506.8246022095,555.2666495454
869,104.3200000000,12388.2142517127,8258.9504771407,934.9012987172,1192.9983699016,2001.3641059532
870,4.3900000000,517.1584603373,344.4955149833,929.6388554362,50.1916057248,-807.1675158070
871,31.1700000000,2699.7476423967,1799.6063138417,753.2396180813,356.3718338137,-209.4701233400
872,32.0000000000,4655.8722464360,3103.5406508060,1093.7544670621,365.9817036194,92.5954249486
873,68.0700000000,9929.5300948844,6619.9811001077,1095.9158827522,778.5534683065,1435.0796437180
874,43.6700000000,6365.6257927139,4243.7634991970,1095.3085042616,499.4698242770,527.0839649783
875,38.5200000000,5635.1784795117,3756.6610827134,1098.3260134850,440.6014429438,339.5899403696
876,13.0100000000,1551.6779640354,1034.6671875402,937.7632772109,148.8024184320,-569.5549191477
877,38.1900000000,3331.1681042267,2221.0357052616,756.5205193927,436.8104404508,-83.1985608784
878,63.9500000000,5576.4722313390,3717.9324679899,756.3829978112,731.4357887761,370.7209767617
879,274.3900000000,39519.9590670333,26346.4059157019,1085.3172731391,3137.5602026694,8950.6756755229
880,39.0800000000,4668.0069513528,3112.2852599343,938.7575205857,447.0015863228,169.9625845099
881,132.5600000000,19143.4432848209,12762.3639114704,1087.5315179624,1515.8567852255,3777.6910701626
882,100.8200000000,8777.0073722851,5851.5244146187,755.6102914559,1153.0276907343,1016.8449754762
883,353.2300000000,41664.3148867777,27775.8893001086,930.4637478382,4038.6892065404,8919.2726322904
884,43.6500000000,5208.1194188288,3471.7551756999,938.0257820855,499.2552722984,299.0831887450
885,36.4600000000,3180.2667996885,2119.8956458234,756.5205193927,417.0230075632,-113.1723730908
886,139.1100000000,16427.1478562821,10951.8212200951,931.2135751301,1590.5820553454,2953.5310057116
887,24.9400000000,3647.1026461213,2431.0233312981,1097.9977895315,285.2675598986,-167.1860346070
888,37.5000000000,3272.7180446200,2181.7004561910,756.7683859227,428.9320839907,-94.6828814844
889,137.8000000000,11978.3919394854,7985.5358326773,754.9124345824,1575.8123954279,1662.1312767978
890,21.5800000000,3145.6424228708,2096.7707229760,1095.3085042616,246.8183835104,-293.2551878773
891,36.2400000000,5284.5730675149,3522.5865819048,1095.6242774865,414.4934675352,251.8687405884
892,2.0400000000,177.6735475780,118.3070619109,755.8173576902,23.3310634146,-719.7819354376
893,89.5600000000,10635.4339377242,7090.5330646770,934.9012987172,1024.2037385773,1585.7958357527
894,25.7200000000,3722.5474236322,2481.3740589816,1089.3723944003,294.1271404009,-142.3261701505
895,15.5800000000,1859.2635763296,1239.1247706047,938.1427889439,178.2002976563,-496.2042808753
896,193.0000000000,28007.7133499298,18671.8948372039,1091.5804976578,2207.2116544739,6037.0263605943
897,61.1400000000,5334.2674815153,3556.0486609198,756.6307199789,699.3184256919,322.2696749247
898,72.8400000000,10621.6418939786,7080.7548464550,1095.6242774865,833.1044198473,1612.1583501898
899,34.7200000000,3028.9868483861,2019.1069187556,756.5966414806,397.1251019955,-143.8418138457
900,132.6000000000,19191.6713986637,12794.5849916237,1089.3723944003,1516.3786476343,3791.3353650054
901,8.4300000000,1007.4380022623,671.3313707823,939.0835389281,96.4249104884,-699.4018179364
902,77.0300000000,9147.4707036947,6098.1785499818,934.9012987172,880.9112771618,1233.4795778339
903,153.5600000000,13348.3444573830,8899.0897300899,754.9124345824,1756.0359320894,1938.3063606213
904,55.8400000000,8148.1324531251,5431.9106167048,1096.1853728800,638.6766918727,981.3597716675
905,36.3100000000,5311.8725490932,3540.9676234189,1098.3260134850,415.3229074062,257.2560047832
906,84.1000000000,10028.2141369330,6685.3876379322,937.6160751321,961.8901937007,1443.3202301681
907,226.2600000000,26771.6246784910,17847.9742301496,932.5173167244,2587.2093423812,5403.9237892357
908,47.6300000000,4153.7984926336,2769.0715442496,756.4322921394,544.7772879627,83.5173682819
909,94.7400000000,11284.6510711110,7523.3091973212,936.8966040123,1083.5461950354,1740.8990747421
910,82.0500000000,9724.3778735039,6482.5284996175,933.6011095794,938.2622904930,1369.9859738140
911,295.5500000000,25559.2233772316,17039.5207608994,752.5246171233,3378.7815576597,4388.3964415491
912,21.7800000000,2601.8202331846,1734.4271042234,938.8222665727,249.1229933677,-320.5521309792
913,35.6300000000,4257.0759745164,2838.2616063613,938.9383947274,407.5438258000,72.3321476277
914,255.6900000000,36878.1389813307,24585.6762436030,1086.4759890134,2923.8086506116,8282.1780981026
915,140.2900000000,16599.4485377243,11066.2022505292,932.5173167244,1604.1704174077,2996.5585530630
916,15.3400000000,1825.9122024339,1217.1471117134,936.4401288793,175.4404474408,-503.1154855996
917,35.4500000000,3092.8979754615,2061.7898296646,756.6307199789,405.4765814651,-130.9991556471
918,30.6100000000,3652.2459429633,2435.1984156750,938.0257820855,350.1077636897,-71.0860184869
919,99.4100000000,11836.9789319691,7891.2968693072,936.6776962357,1136.9450361500,1872.0593302762
920,345.0200000000,49338.0494900901,32892.0249602968,1079.4039103234,3944.6714822712,11421.9491371987
921,46.4100000000,6790.1871657620,4527.0010142801,1098.4202960231,530.8505375258,633.9153179331
922,333.6300000000,39248.2655380465,26165.3012041898,928.7304688664,3814.2909884825,8339.9428765078
923,174.3400000000,15148.8266828818,10099.1161934352,754.7330514445,1993.6215444796,2301.3558935224
924,185.2900000000,16036.8718693652,10691.1989075252,752.8992265782,2118.3645872851,2474.4091479767
925,28.9600000000,3454.7159963958,2303.4857021711,937.8995482845,331.2334705701,-117.9027246299
926,29.3600000000,3507.6393984050,2338.0476780278,938.8824522502,335.8252262924,-105.1159581654
927,109.2100000000,12921.9885580217,8614.6833254637,932.5173167244,1248.7807490562,2126.0071667774
928,82.2500000000,7168.5679633387,4778.8390419268,756.1438402539,940.7154235360,692.8696576219
929,7.0600000000,841.8453246938,561.2424189869,937.6160751321,80.7484514569,-737.7616208821
930,191.9500000000,16636.5850217010,11091.1024275604,753.5492527343,2194.6788019008,2597.2545395055
931,6.8600000000,597.3436478330,398.1506855839,755.7180513530,78.4554367363,-634.9805258401
932,7.3300000000,875.9810861901,584.3069338290,939.0835389281,83.8427750747,-731.2521616416
933,126.4800000000,10990.1548632034,7327.0353248499,754.7330514445,1446.3304631512,1462.0560237578
934,88.6700000000,12952.4321336958,8635.0967161906,1097.0767788299,1014.1968872343,2206.0617514410
935,27.9400000000,4069.2472757437,2713.2159880505,1094.5951237908,319.5543722510,-58.1182083486
936,9.9700000000,1188.5520933402,791.9814501643,937.4569555241,114.0305506765,-654.9168630247
937,7.0000000000,1023.1461164473,682.1493559335,1097.5884505866,80.0662257299,-836.6579158027
938,21.8600000000,3193.1901031080,2128.3689089202,1097.0767788299,250.0320734740,-282.2876581161
939,56.1000000000,6686.0991941893,4457.2453884850,937.2848285391,641.6308238343,649.9381533309
940,62.0100000000,7383.6743141676,4922.5102186135,936.6776962357,709.2039200449,815.2824792736
941,286.5300000000,41426.7349504158,27617.7248563876,1088.4939688877,3276.6148451522,9443.9012799884
942,83.6100000000,7284.7526933456,4856.5775748402,755.9935047728,956.2518193679,715.9297943647
943,198.7300000000,23585.4253552578,15723.5501897505,934.5057179604,2272.6238962622,4654.7455512847
944,361.3400000000,52043.2304722541,34695.8661126886,1085.3172731391,4131.8051081766,12130.2419782498
945,26.4000000000,3152.3402131315,2101.9087099005,938.5322790142,301.9628138414,-190.0635896246
946,79.3500000000,11595.9078028499,7730.7397422083,1097.4304909789,907.6041393302,1860.1334303324
947,28.5300000000,3409.0348772497,2272.2943443365,938.9903837852,326.3333117130,-128.5831625851
948,181.9400000000,15815.3021006530,10543.4867454326,754.9124345824,2080.5755241231,2436.3273965149
949,47.7300000000,4165.7116482414,2776.9376309217,756.7903865069,545.9463038292,86.0373269836
950,76.1900000000,11101.4143727263,7400.6234920404,1094.9662915433,871.4055698384,1734.4190193042
951,227.9000000000,19708.8377860635,13139.4101338637,752.5246171233,2605.3944070061,3211.5086280705
952,70.1900000000,8257.1584033674,5504.9075260763,928.7304688664,802.4610630986,1021.0593453262
953,32.7200000000,3883.2341248127,2589.1560290647,934.5057179604,374.1772952533,-14.6049174657
954,251.6700000000,36191.9280679710,24127.5415749390,1084.0440787886,2877.6818761025,8102.6605381410
955,34.8600000000,4152.2370312321,2768.4954501770,936.8966040123,398.6955917135,48.1493853294
956,24.0800000000,2877.7113991075,1918.6816337789,939.0835389281,275.4343825101,-255.4881561095
957,35.8900000000,5247.5853541415,3498.6404631368,1097.8712831691,410.5139952182,240.5596126174
958,16.7800000000,2001.7311608951,1334.3816850765,937.8995482845,191.9232609173,-462.4733333833
959,76.0800000000,6630.8164212864,4420.2860540214,756.1438402539,870.1474701839,584.2390568272
960,41.6800000000,4976.2237260458,3317.1157108789,938.4454697809,476.7331293541,243.9294160318
961,47.6600000000,4142.8894037437,2762.1570780593,754.9124345824,545.0161013505,80.8037897514
962,47.4100000000,6907.9676520666,4605.4239716654,1094.9662915433,542.2409511227,665.3364377352
963,72.4600000000,8613.8518731541,5742.8600881866,935.5962830805,828.6764584620,1106.7190434249
964,41.2400000000,3566.4434852885,2377.6075480325,752.5246171233,471.4632090607,-35.1518889279
965,94.5100000000,11249.4760268596,7499.9445836054,936.4401288793,1080.8915702498,1732.1997441252
966,84.1100000000,12230.7005119421,8153.9213365592,1093.2784533794,961.9488940187,2021.5518279847
967,74.1400000000,8838.4405416490,5891.9938655079,937.4569555241,847.9664019212,1161.0233186959
968,20.1200000000,2404.1283466619,1602.9363204234,938.9903837852,230.1376176539,-367.9359752007
969,32.0500000000,3829.9171463026,2552.9096234273,939.0386843848,366.5968482590,-28.6280097685
970,226.3600000000,32761.8909336464,21841.2612483273,1089.3723944003,2588.5932932013,7242.6639977175
971,31.3500000000,3736.3495496940,2490.5432995452,937.2848285391,358.5584015545,-50.0369799448
972,0.7700000000,67.1845686293,45.0017379704,756.6624014288,8.8072848303,-743.2868556002
973,62.6100000000,9141.2398586990,6094.2307980987,1096.6652581846,716.1181409669,1234.2256614489
974,103.1000000000,15028.5326134372,10019.2996223645,1095.3085042616,1179.1925551399,2734.7319316712
975,85.9100000000,12549.2663201286,8365.7928950619,1097.0767788299,982.6283363290,2103.7683099078
976,101.5000000000,8836.2055969742,5890.6388826309,755.6102914559,1160.8045091205,1029.1519137669
977,262.3100000000,37425.0944648784,24949.7243098098,1077.5309870471,2998.9109767972,8398.9281912243
978,145.9600000000,12650.5649896717,8433.8591376241,753.5492527343,1668.8477099528,1794.3088893605
979,47.4500000000,4138.8826013500,2759.1008214725,756.5205193927,542.7246766010,80.5365838838
980,47.2500000000,6898.6357342841,4599.4194702632,1096.6652581846,540.4341504661,662.1168553702
981,168.5800000000,14578.8322684273,9718.9922577468,752.5246171233,1927.2373371351,2180.0780564222
982,141.4600000000,20528.3478263268,13685.7687298388,1091.5804976578,1617.7832157610,4133.2153830692
983,8.9100000000,1064.5676938799,709.5654015903,938.9383947274,101.9145520033,-685.8506544411
984,13.9300000000,1664.6098548517,1109.9607058379,939.0386843848,159.3352292121,-543.7247645832
985,93.8600000000,13676.0566087950,9117.6746259850,1094.9662915433,1073.5021234419,2389.9135678249
986,13.1300000000,1145.9917470209,764.1626334724,756.8108245191,150.1842405465,-525.1659515172
987,106.3500000000,15392.4151828649,10261.5156397467,1089.3723944003,1216.1905669375,2825.3365817805
988,96.4500000000,11500.8472474101,7667.5618711592,937.6160751321,1103.1427964617,1792.5265046571
989,29.5800000000,3534.4988317226,2355.9640973257,938.9903837852,338.3434756562,-98.7991250445
990,2.2800000000,198.5763178813,132.2255397828,755.8173576902,26.0758944045,-715.5424739961
991,36.5300000000,4360.7431856854,2906.9039409080,938.3519954833,417.8257842638,97.6614650303
992,65.5700000000,9578.1095636228,6385.1067267607,1097.0767788299,749.9818416144,1345.9442164178
993,103.7000000000,12280.6211105187,8186.7479741407,933.0839460749,1185.8068640480,1974.9823262550
994,151.1000000000,13139.1436725194,8759.6964680138,755.0768121019,1727.9397711730,1896.4306212307
995,56.1200000000,6684.5537060455,4456.3514123667,936.8966040123,641.8472922249,649.4583974416
996,79.9700000000,11678.8256480982,7786.0840000690,1096.8788562489,914.6826635992,1881.1801281811
997,228.6300000000,33017.2407831065,22011.3241108418,1087.5315179624,2614.4412855018,7303.9438688005
998,46.7800000000,4081.1061280963,2720.7559034618,756.5966414806,535.0665976772,68.6869854767
999,43.0600000000,6181.8514972231,4120.7563305549,1082.6437912211,492.3475185333,486.1038569137
1000,216.6500000000,31414.4275429210,20942.9420425654,1090.9087661794,2477.6414500288,6902.9352841475
1001,162.4200000000,23618.0047217885,15744.9150494647,1093.2784533794,1857.5643724470,4922.2468464973
1002,168.2000000000,24367.6651822528,16245.3174326272,1090.1749041379,1923.5268962562,5108.6459492316
1003,402.3800000000,57659.3375523165,38439.3483505615,1081.1023166841,4600.6504626666,13538.2364224043
1004,201.8600000000,17456.8933545186,11637.7632614221,752.5246171233,2307.7003729629,2758.9051030103
1005,6.6000000000,960.2736508274,639.9052888260,1093.7544670621,75.4837263715,-848.8698314321
1006,18.7800000000,2243.4427905971,1495.6997780803,938.8222665727,214.8085314713,-405.8877855272
1007,63.9500000000,9264.6384566294,6176.1044085580,1090.1749041379,731.3290428988,1267.0301010347
1008,44.8800000000,5362.2669025062,3575.1179849359,938.9383947274,513.3473730537,334.8631497892
1009,46.3400000000,5517.8111226984,3678.2393429551,936.6776962357,529.9872545538,372.9068289538
1010,212.2800000000,30574.3536963804,20382.5057749971,1085.3172731391,2427.3525996672,6679.1780485771
1011,107.3800000000,9300.5743291806,6200.6237348211,753.2396180813,1227.6935359292,1119.0174403491
1012,25.1600000000,3675.2361845470,2449.7960502674,1097.0767788299,287.7770799911,-159.4137245413
1013,45.1800000000,3929.9714191535,2619.9911742994,755.2275891446,516.6762495413,38.0764061681
1014,92.8300000000,8045.7107974186,5364.0004299957,753.5492527343,1061.3807407161,866.7803739725
1015,86.7600000000,12659.9565120546,8440.1898819249,1096.1853728800,992.3278973294,2131.2533599202
1016,80.0200000000,9528.1667250394,6352.3302599402,936.6776962357,915.1829976132,1323.9757712503
1017,337.3600000000,48242.6652831047,32162.1723354381,1079.4039103234,3857.0934185236,11143.9956188196
1018,127.3000000000,15146.5297758727,10097.3519891227,936.1820858981,1455.8858741294,2657.1098267224
1019,3.1500000000,375.9101582438,250.5334235649,938.1427889439,36.0289433644,-848.7949976294
1020,52.3100000000,7654.2069970973,5102.4415340754,1098.5078760990,598.3377304444,854.9198564785
1021,38.2200000000,3335.9926148548,2224.1196803836,756.8298005211,437.1710309036,-82.1278969535
1022,77.1300000000,6718.9469799250,4479.5753455138,755.9089524359,882.1302750050,601.3324069703
1023,43.7300000000,5225.2749800957,3483.3039270740,938.9903837852,500.1947326046,302.7859366318
1024,324.1900000000,46620.8175799878,31080.8330839371,1084.0440787886,3706.9006532907,10749.0397639714
1025,44.4700000000,5312.3482906206,3541.9340021641,938.8222665727,508.6547068440,322.9373150399
1026,550.1400000000,78293.6421556728,52195.9023234487,1075.4639149027,6289.3009173775,18732.9749999440
1027,145.4500000000,12651.9332208028,8434.8636726546,755.2275891446,1663.3590193844,1798.4829396192
1028,75.3800000000,6573.1739921553,4382.1784672337,756.3829978112,862.1677835488,572.4447435616
1029,81.5300000000,11884.3478561934,7922.5288993884,1095.3085042616,932.4885453012,1934.0219072421
1030,59.8300000000,7146.5418602721,4764.4237014904,938.7575205857,684.3425002481,759.0181379479
1031,49.4300000000,5904.2882191752,3935.8282751442,938.7575205857,565.3860903771,464.3163330681
1032,192.2300000000,22673.9836669741,15116.3268511517,930.4637478382,2197.8802088533,4429.3128591309
1033,34.5800000000,3018.3927329531,2011.9878319436,756.8474066171,395.5365841860,-145.9790897935
1034,45.3900000000,3957.5804022448,2638.4707874015,756.3298557505,519.1500209553,43.6297381375
1035,151.1700000000,21968.4762267806,14645.6284756190,1092.7603591096,1728.8787713444,4501.2086207075
1036,81.0100000000,11808.5492435941,7872.3068461435,1095.3085042616,926.5411143733,1914.3927788157
1037,289.5100000000,34105.3635198727,22736.7039888949,929.6388554362,3310.0163492909,7129.0043262506
1038,68.3500000000,9963.1445599266,6641.8665416426,1095.3085042616,781.7440460118,1444.2254680106
1039,196.0500000000,28427.4106613877,18951.5725534753,1090.9087661794,2242.0568025762,6142.8725391569
1040,13.6100000000,1621.1114743279,1080.6394879873,936.8966040123,155.6582617103,-552.0828793820
1041,127.6500000000,15149.5976782502,10099.4231862193,934.5057179604,1459.7717524172,2655.8970216533
1042,53.2400000000,6361.6199391789,4240.7353751862,938.9903837852,608.9725031756,572.9216770318
1043,242.4300000000,21036.1511501075,14023.8198923502,754.0882497416,2772.0285183913,3486.2144896244
1044,38.5800000000,5645.1788558213,3763.8207583959,1098.5078760990,441.2898038720,341.5604174544
1045,8.7800000000,1048.3919345187,698.7426251832,938.5322790142,100.4255115730,-689.3084812516
1046,186.0100000000,26893.4735215400,17929.2487978968,1088.4939688877,2127.1180237558,5748.6127309997
1047,33.0000000000,2877.2891225838,1918.4485395575,756.3298557505,377.4388784209,-174.9281511451
1048,32.4600000000,3860.5448162374,2573.8093252577,935.9015508839,371.2287129660,-20.3947728702
1049,25.5700000000,3044.6791197108,2030.1261655479,936.6776962357,292.4422550483,-214.5669971211
1050,27.3800000000,2387.5497997508,1591.4227065217,756.3829978112,313.1620312227,-273.4179358049
1051,62.9700000000,5475.6576906588,3650.7116164053,755.0768121019,720.1083215802,349.7609405714
1052,56.5600000000,6723.7022073640,4482.2322639505,935.5962830805,646.8388143888,659.0348459441
1053,31.2800000000,2730.0117401423,1819.9802655089,756.7903865069,357.7875630374,-204.5464749110
1054,131.6300000000,19069.6537927464,12712.6818370707,1090.1749041379,1505.3141816540,3761.4828698838
1055,56.4100000000,8246.5376947310,5498.0490017619,1097.7350963539,645.2218574448,1005.5317391704
1056,5.4400000000,649.3961929956,432.9431401352,938.3519954833,62.2220713494,-784.1210139724
1057,246.4700000000,35076.5877451352,23384.2261515450,1075.4639149027,2817.6900372742,7799.2076414133
1058,102.0600000000,14892.5214571265,9928.3845714331,1096.1853728800,1167.3234808834,2700.6280319300
1059,101.3100000000,12070.9039605836,8046.8748816467,937.0984891794,1158.6991214298,1928.2314683277
1060,30.7500000000,2682.8381592508,1788.8002354930,756.6307199789,351.7180502130,-214.3108464341
1061,109.1700000000,12999.1247359729,8666.2375023927,936.6776962357,1248.5694557539,2147.6400815906
1062,38.1700000000,3331.0218435387,2220.6452812391,756.7447129152,436.5943368616,-82.9624874772
1063,3.7100000000,443.2711721992,295.6522506626,938.9383947274,42.4358011147,-833.7552743056
1064,114.7300000000,16683.2513343849,11122.0851703694,1093.2784533794,1312.1435811528,3155.7441294832
1065,28.6100000000,2494.2162056542,1662.7641641079,756.2725330342,327.2256651816,-252.0461566696
1066,81.0200000000,7045.2244893946,4696.6455230338,755.0768121019,926.5233637355,666.9787905234
1067,19.5800000000,2863.2826708522,1908.6546815977,1097.9977895315,223.9590546437,-367.3288549207
1068,103.0100000000,8969.7331141807,5979.6334446029,755.7180513530,1178.0895828285,1056.2920353963
1069,52.8200000000,7728.0259878377,5152.2134305745,1098.4202960231,604.1699071776,873.2223540626
1070,5.1400000000,613.6705842580,408.7160429476,938.4454697809,58.7909857217,-792.2819141921
1071,49.6200000000,7255.0901441210,4836.7658992370,1097.8712831691,567.5593324805,752.8936292344
1072,2.9700000000,258.5569519509,172.1036592535,755.6102914559,33.9663979516,-703.1233967102
1073,18.0500000000,2637.7584857144,1758.4264577564,1097.4304909789,206.4556359787,-424.5540989996
1074,32.6300000000,3891.7180604516,2594.5063566348,937.7632772109,373.2069879659,-13.7585613600
1075,47.1300000000,5623.3371869278,3748.6436252956,938.0257820855,539.0584417737,397.6093377730
1076,58.6800000000,8556.8087086582,5704.9297841623,1095.6242774865,671.1500186249,1085.1046283846
1077,335.2300000000,39376.0182473951,26250.5874641373,927.7291392802,3832.4105619160,8365.2910820617
1078,18.3100000000,2188.1601211652,1458.6953241688,939.0835389281,209.4353631129,-419.0541050446
1079,89.6700000000,13070.8876764977,8713.5262379962,1095.3085042616,1025.5887140582,2236.4642201818
1080,123.8300000000,17882.7141065131,11921.5493478912,1087.5315179624,1416.0270497471,3457.6061909124
1081,22.7600000000,3313.2234401583,2208.6207622849,1094.1922130533,260.3072767469,-249.8968119269
1082,297.9400000000,42773.3589197084,28515.6338074400,1082.6437912211,3406.6423518770,9768.4389691702
1083,52.1500000000,7607.2424628797,5071.5787410995,1095.9158827522,596.4678033228,843.2800357052
1084,89.0300000000,13005.0189789436,8669.8455963362,1097.0767788299,1018.3145243089,2219.7820794687
1085,84.0000000000,7323.1094468700,4881.8350305974,756.2725330342,960.7464479293,724.2554353091
1086,26.7000000000,2328.4992599898,1552.0910566494,756.4322921394,305.3863864918,-285.4104752908
1087,11.6600000000,1392.6109114770,928.6490466622,938.6878670654,133.3679641519,-608.0939664024
1088,39.0500000000,3403.4356105578,2268.9681265889,756.1438402539,446.6253773749,-68.3017336599
1089,170.2100000000,20139.6545413504,13426.0756083025,932.5173167244,1946.2958639031,3834.7657524204
1090,6.0300000000,525.8190391708,350.5742773787,756.3829978112,68.9688476360,-650.1070836551
1091,92.0900000000,13282.1299964439,8854.7356391868,1086.4759890134,1053.0468091628,2287.8715590809
1092,30.8800000000,3684.4611146262,2456.4975271823,938.0257820855,353.1959406317,-63.2581352734
1093,149.9500000000,17725.6506955952,11816.7448807844,931.8958594654,1714.5801935931,3262.4297617523
1094,148.6800000000,12928.7086778967,8618.8976728907,755.0768121019,1700.2652890669,1854.4689038372
1095,116.8400000000,16990.0730925611,11326.7861244253,1093.2784533794,1336.2752202728,3233.7332944835
1096,58.6800000000,6975.7221628027,4650.3159738487,935.5962830805,671.0838335986,718.7260722749
1097,58.0500000000,6929.6781256238,4620.1217954431,938.3519954833,663.9689782784,707.2353564190
1098,3.1800000000,464.4074723140,309.9846089020,1096.8788562489,36.3722754814,-978.8282683183
1099,20.7000000000,1804.8449950753,1203.2586557930,756.3298557505,236.7571146459,-391.5006311140
1100,151.5400000000,18023.0117514669,12015.4874112794,935.9015508839,1733.0868503657,3338.5359389380
1101,34.3100000000,5006.4904095043,3337.8080893255,1096.1853728800,392.4247367148,180.0722105841
1102,134.9400000000,19566.4105822375,13044.5889004440,1090.9087661794,1543.1938022935,3887.7191133207
1103,44.5200000000,5310.9100883819,3540.9569855381,937.8995482845,509.2028352825,322.8507192768
1104,15.1300000000,2206.2800913769,1470.7095493474,1095.6242774865,173.0487352044,-533.1024706614
1105,93.1200000000,8100.0207736072,5400.1976362358,755.2275891446,1064.9157228262,879.6798254004
1106,11.9100000000,1740.1289365082,1160.5032218120,1097.2602780930,136.2258054368,-653.8603688336
1107,128.0600000000,11091.7447252269,7394.4219826171,753.2396180813,1464.1314417125,1479.9516828161
1108,117.7100000000,16927.5315010961,11284.8501539478,1084.0440787886,1345.9368762110,3212.7003921487
1109,10.1300000000,880.2203412733,586.6229223977,754.7330514445,115.8390859561,-576.9747185249
1110,25.7100000000,2244.1549208856,1496.1627636198,756.8474066171,294.0788195321,-302.9340688834
1111,25.6900000000,3756.7789486309,2504.6907049738,1097.9977895315,293.8461753727,-139.7557212471
1112,55.7400000000,8075.2298291247,5383.0637646575,1090.1749041379,637.4398882124,964.5512721169
1113,11.3900000000,992.0106406440,661.1276989138,755.8173576902,130.2651040646,-555.1995200245
1114,154.7800000000,13443.5485802885,8962.4485599312,754.5370947577,1769.9053656446,1956.6575599549
1115,51.1800000000,6116.3317859769,4077.7164743811,939.0835389281,585.4124458831,514.1193267846
1116,36.5400000000,3188.2131658627,2125.4667010632,756.6624014288,417.9456983098,-111.8616349392
1117,65.8300000000,9616.0889518574,6411.1683868699,1097.0767788299,752.9556906127,1354.8880955449
1118,93.1100000000,8110.9964125609,5407.0645139682,755.9089524359,1064.8923882500,883.1305579068
1119,76.0000000000,6621.7103778766,4414.5044878996,755.9935047728,869.2158625997,581.9965226045
1120,190.4800000000,22373.7253699365,14915.9456195660,927.7291392802,2177.6021353511,4352.4484757392
1121,10.3400000000,1507.2262582244,1004.4410648987,1095.3085042616,118.2623765291,-710.7856874649
1122,34.7200000000,3028.4932332744,2018.7555863853,756.5205193927,397.1211964507,-143.9040689543
1123,46.5000000000,4045.9931704110,2697.5312604520,755.3660261078,531.7808789584,61.3150048929
1124,12.7000000000,1105.8694354926,737.3160844147,755.7180513530,145.2454878354,-532.4101881104
1125,79.5400000000,6930.1426770567,4619.9750776044,755.9935047728,909.7030225155,644.4710721640
1126,58.5300000000,5103.2646165100,3401.9843119609,756.3298557505,669.4393198175,275.5111289811
1127,52.3600000000,7661.5231957181,5108.0424578230,1098.5078760990,598.9096456905,856.0632161056
1128,95.7300000000,11414.9933332770,7609.7869162635,937.6160751321,1094.9078269080,1772.6825149734
1129,63.3200000000,5515.9305428349,3677.0669869930,755.9089524359,724.1862960368,358.7683073692
1130,176.0000000000,15298.9621288058,10199.5605722890,754.9124345824,2012.6486327672,2331.8404891671
1131,103.9500000000,15158.1503964728,10105.1978713228,1095.6242774865,1188.9237293125,2768.4045183510
1132,44.4900000000,3876.3144041017,2583.9483250753,755.9935047728,508.8343911455,27.5381831081
1133,122.1700000000,17699.1537176922,11799.4835198520,1090.1749041379,1397.1300886779,3412.3652050244
1134,43.6800000000,5214.2694319939,3475.9149250857,938.3519954833,499.6066317175,300.3958797074
1135,38.6800000000,3373.2715871314,2248.7682923046,756.4322921394,442.4099411799,-74.3389384925
1136,48.4900000000,7018.1308153937,4678.4240070382,1089.3723944003,554.5188583996,695.8155555556
1137,179.6500000000,21274.9622228031,14183.2750616931,933.0839460749,2054.2931834737,4104.3100315614
1138,32.6600000000,4751.8996115188,3167.5311796886,1093.7544670621,373.5300762565,117.0838885115
1139,107.6100000000,15520.5777925652,10346.7423769253,1086.4759890134,1230.5176146596,2856.8418119669
1140,60.6700000000,5292.0128013467,3527.7652732023,756.5205193927,693.9326897657,313.7943189860
1141,200.5800000000,23629.0760761841,15752.8403669616,929.6388554362,2293.2647554170,4653.3320983693
1142,137.6000000000,20008.8502014413,13339.6788393081,1093.2784533794,1573.7031009033,4002.1898078505
1143,158.4500000000,22882.3067929984,15254.7785106516,1087.5315179624,1811.9154165584,4728.0813478259
1144,118.3200000000,10288.7060180840,6858.9127338523,755.0768121019,1353.0763317352,1321.6401403946
1145,211.4500000000,18347.9526489718,12231.7293178714,754.0882497416,2417.7924770607,2944.3426042981
1146,0.8600000000,125.8113575384,83.8807897257,1098.3260134850,9.8368961820,-1066.2323418542
1147,2.6200000000,228.6646662140,152.6435061395,756.7903865069,29.9681398708,-710.7373663032
1148,25.9100000000,2260.9921976216,1507.4569694336,756.7192474217,296.3615942074,-299.5456134411
1149,97.6800000000,14163.6800479692,9442.2238696181,1090.9087661794,1117.0829302507,2513.4644819210
1150,60.7500000000,5297.9898893027,3531.8890237960,756.4322921394,694.8398119617,314.8287614057
1151,114.4700000000,16685.8984312333,11124.1847937530,1095.3085042616,1309.2354198532,3157.1697133655
1152,21.1200000000,1842.6517698659,1228.4531737723,756.6307199789,241.5702510731,-384.0023749584
1153,314.0200000000,44690.0234662529,29793.2362819685,1075.4639149027,3589.9339696711,10231.3892997107
1154,92.5400000000,8061.3425842378,5374.1748271436,755.9089524359,1058.3733391542,872.8854655041
1155,352.6800000000,50433.4336970754,33621.8775851554,1079.4039103234,4032.2495460189,11699.9026555778
1156,18.7000000000,2234.6162444886,1489.9087936056,939.0386843848,213.8958209811,-408.2270544829
1157,76.5600000000,6665.0236502891,4443.4035661811,755.6102914559,875.5782583080,590.4315343441
1158,260.6000000000,30738.3870551603,20492.3054253663,930.4637478382,2979.5951850761,6336.0226968797
1159,263.4900000000,22850.9284844174,15233.7186826918,753.8312137160,3012.7414690746,3850.6371189349
1160,117.2800000000,10198.2711443619,6798.5703930853,755.0768121019,1341.1831658714,1303.4407733032
1161,24.2500000000,2896.2962781576,1930.7505602921,938.6878670654,277.3733388235,-250.5154880234
1162,11.7200000000,1021.8735914146,681.3633352081,756.3298557505,134.0479895483,-549.8675890922
1163,101.1600000000,8773.0081805141,5848.5231525510,753.8312137160,1156.6622149288,1013.9915993183
1164,45.4400000000,3965.2445179438,2643.6986251951,756.7192474217,519.7480062055,45.0786391215
1165,35.2000000000,4205.3442378698,2803.7754851198,938.8824522502,402.6242495059,60.0620509938
1166,19.6600000000,2876.1061502388,1917.2751937293,1098.3260134850,224.8760220217,-364.3710789971
1167,24.4600000000,2134.3352823884,1423.0774946939,756.6918581469,279.7753347474,-325.2094051998
1168,13.1300000000,1900.3517757500,1266.5346759385,1089.3723944003,150.1512190305,-605.7065136192
1169,140.8800000000,20508.2125768672,13672.4142427158,1094.1922130533,1611.2517200400,4130.3544010580
1170,47.1600000000,5615.4504218053,3743.7272837792,936.6776962357,539.3655357090,395.6799060814
1171,101.7100000000,8860.1594363824,5906.9877537025,755.9089524359,1163.2499710977,1034.0127591464
1172,110.0700000000,16056.1683200224,10704.1728296657,1095.9158827522,1258.9302226604,2997.1493849441
1173,24.7600000000,2160.2300105057,1440.3793060897,756.6307199789,283.2045178301,-319.9845333930
1174,57.5000000000,8397.3049239170,5597.9573489957,1096.8788562489,657.6747925091,1044.7939261633
1175,83.6100000000,9974.0609274396,6649.5444865263,937.8995482845,956.2993948330,1430.3174977957
1176,47.4900000000,6947.4201970927,4631.4178898524,1098.3260134850,543.2025577726,674.4737359828
1177,191.7500000000,27846.8499931823,18564.6862580213,1092.1959456200,2192.9484199395,5997.0193696016
1178,208.9200000000,24778.5104846185,16519.2321705618,934.0736028865,2389.1054111234,4936.0993000468
1179,31.3400000000,4585.3149272782,3056.5940352172,1098.4202960231,358.4756700292,71.8249260086
1180,33.6800000000,2938.6704823825,1959.3064377879,756.6624014288,385.2329260831,-162.5312829173
1181,124.5500000000,18087.7453280358,12058.2799514325,1092.1959456200,1424.4157794183,3512.8536515650
1182,4.0000000000,584.4261751497,389.5975101797,1097.2602780930,45.7517398612,-948.1833529843
1183,29.1100000000,2540.6215394994,1693.7558277398,756.7903865069,332.9666227628,-242.8912975101
1184,62.2000000000,9089.6719009107,6059.4425233498,1097.4304909789,711.4426901870,1221.3561963950
1185,302.4700000000,26178.8150160661,17452.6598382303,752.8992265782,3458.0481230294,4515.2078282282
1186,78.3400000000,11398.1572433062,7598.8753048086,1093.7544670621,895.9689581731,1809.5585132624
1187,465.1500000000,66654.0107919381,44435.7076974478,1081.1023166841,5318.3372998394,15818.8634779668
1188,29.0500000000,2534.1348282095,1689.1458171749,756.5599770292,332.2704361583,-243.8414021529
1189,130.1800000000,15388.6309273263,10259.3077939864,931.8958594654,1488.5231717369,2708.9041021376
1190,17.9100000000,2619.4369919935,1746.3830586133,1098.1153248667,204.8579633140,-429.9193548004
1191,5.7500000000,681.4768162419,454.5675472293,933.6011095794,65.7526894617,-772.4445300285
1192,156.5300000000,18503.4751809371,12335.8905763837,931.8958594654,1789.8181907511,3445.8705543369
1193,18.8500000000,2252.3767064899,1501.6518825945,938.9903837852,215.6110384084,-403.8765982982
1194,14.9300000000,1302.8411235233,868.3210380678,756.7192474217,170.7710768628,-492.9702388289
1195,177.4900000000,25793.3772937176,17195.8622897815,1092.7603591096,2029.8914673938,5474.8631774326
1196,33.7800000000,4034.0541052401,2689.6473221249,938.6129255746,386.3767293078,19.4171282329
1197,219.7100000000,19074.3102317498,12715.9604429300,754.3228133681,2512.3122275903,3091.7147478614
1198,12.1400000000,1440.7842993651,960.2168054809,934.5057179604,138.8298399870,-592.7680640633
1199,208.5000000000,18101.1045620128,12067.5920124372,754.3228133681,2384.1295318947,2895.0602043128
1200,123.6500000000,18024.0354767363,12015.6262388506,1095.3085042616,1414.2304504661,3498.8702831580
1201,229.4800000000,32944.9902829250,21963.6312418577,1082.6437912211,2623.8715409436,7274.8437089026
1202,284.3200000000,33493.9620599295,22329.5729257328,929.6388554362,3250.6782094933,6984.0720692672
1203,221.0300000000,26152.7985622154,17435.5691773348,932.5173167244,2527.4059972886,5257.3060708675
1204,21.0400000000,2484.5603543683,1656.1290625510,931.2135751301,240.5711052007,-343.3533885134
1205,26.6900000000,3831.7142698765,2554.8689249440,1082.6437912211,305.1731367779,-110.9715830665
1206,85.9300000000,12502.4719417577,8334.7663869584,1093.7544670621,982.7752435004,2091.1758442369
1207,9.9900000000,1461.7764844390,974.5607320847,1098.5078760990,114.2686661659,-725.5607899106
1208,62.8800000000,7510.8566300169,5006.9394360307,938.7575205857,719.2287550660,845.9309183345
1209,21.5600000000,3146.9556279046,2097.7222007143,1096.4346045105,246.5966476690,-293.7978249892
1210,44.3700000000,5295.8316922381,3530.9236916582,938.2513041608,507.4961833675,319.1605130516
1211,92.6000000000,10982.6252674501,7321.4414297145,934.0736028865,1058.9276329218,1668.1826019273
1212,99.1300000000,8627.7161502138,5751.8911361811,755.4932545847,1133.6833746528,986.6483847952
1213,4.8200000000,420.2585930562,280.2771166104,756.3298557505,55.1289513330,-671.4773306377
1214,84.7500000000,12379.8198187743,8252.8590345886,1097.0767788299,969.3603946442,2060.5236107116
1215,191.0900000000,27683.8117697782,18456.2186216829,1090.1749041379,2185.2958062163,5952.1224377410
1216,34.7400000000,3027.3254071491,2018.4768488098,756.0716187804,397.3270899069,-144.5501503482
1217,1.6400000000,195.8271950582,130.6591900749,938.5322790142,18.7582960114,-892.1225700423
1218,50.0300000000,4366.2422339290,2910.9512328097,756.7683859227,572.2525909881,126.2700242085
1219,270.8900000000,31952.1169200781,21301.5925225599,930.4637478382,3097.2468905804,6622.8137590996
1220,50.0500000000,5959.5694149990,3972.9350766636,936.6776962357,572.4182583172,477.5383837825
1221,34.2800000000,2977.4185639765,1984.8063523369,754.5370947577,391.9909286361,-153.9158117542
1222,304.6600000000,35890.0903249090,23926.7794042916,929.6388554362,3483.2288382956,7550.4432268855
1223,67.6000000000,8005.4965002031,5337.3343935307,933.0839460749,773.0042816745,962.0738789230
1224,129.1700000000,18771.3704717421,12514.3616452118,1092.7603591096,1477.2724144643,3686.9760529564
1225,51.0800000000,4455.8900869170,2970.5667819283,756.5599770292,584.2469493620,144.5163785975
1226,50.2200000000,7335.8649120808,4890.9048804983,1097.0767788299,574.4103719060,773.4728808466
1227,46.6600000000,6812.4940394010,4541.9267268849,1096.6652581846,533.6858721852,640.2161821463
1228,35.8300000000,3126.9730010329,2084.8704775529,756.7683859227,409.8303085170,-124.4961709596
1229,102.1600000000,8841.9603333928,5894.6069652301,752.8992265782,1167.9644138218,1026.4897277626
1230,10.1900000000,887.4967891275,591.5353095544,755.8173576902,116.5409491149,-576.3968272319
1231,52.0900000000,6219.0857459147,4146.3946385986,938.4454697809,595.8020323430,538.4436051922
1232,44.7000000000,6503.6715442403,4335.3583317960,1093.7544670621,511.2306922433,563.3280531389
1233,185.2700000000,26493.7117530259,17662.4335215795,1079.4039103234,2118.2229595977,5633.6513615253
1234,159.1300000000,13832.5218383913,9221.5205174120,754.9124345824,1819.7316871150,2036.3571992818
1235,76.0200000000,9027.5311293635,6018.1499600871,934.9012987172,869.3609670237,1205.1189035355
1236,29.6800000000,4342.8955013161,2895.6775775159,1098.5078760990,339.4888900706,9.2211576307
1237,101.6500000000,8790.7124219103,5860.5940438344,752.5246171233,1162.0813579297,1015.5124030229
1238,33.8200000000,4039.7132828749,2692.9351356250,938.7575205857,386.8370944073,21.1835322568
1239,309.1100000000,36502.0176396763,24334.4125158698,931.2135751301,3534.3599966057,7702.0315520708
1240,151.3600000000,21996.0875946650,14663.8444314345,1092.7603591096,1731.0517353357,4508.4310687853
1241,2.4400000000,355.8045884309,237.2112176367,1095.6242774865,27.9073968208,-1004.9383035131
1242,79.4000000000,6916.6911734221,4611.1340928123,755.9089524359,908.0921021055,641.5560260684
1243,40.8100000000,4867.3311077852,3245.0925427396,937.7632772109,466.7660796472,217.7092081874
1244,94.5900000000,8227.8883695823,5485.0174943966,755.2275891446,1081.7265702549,905.9167157862
1245,50.4100000000,4394.7374668657,2930.1148989463,756.2725330342,576.5622433347,131.7877915505
1246,28.1600000000,3325.3431358846,2217.0760030924,931.2135751301,321.9810989758,-144.9275413138
1247,86.0900000000,7456.5696032702,4971.1897184341,753.2396180813,984.2813979153,747.8588688396
1248,174.3400000000,15154.6650996364,10102.8313360924,754.9124345824,1993.6656967990,2303.2556321625
1249,10.4700000000,1249.4537640674,832.8543540130,938.1427889439,119.7533450874,-641.2967239769
1250,83.5700000000,7276.9691908754,4851.5398354485,755.7180513530,955.7610565671,713.9502475069
1251,52.6500000000,4588.7550549518,3058.9051780681,756.1438402539,602.1722437589,171.5337928709
1252,173.6400000000,15016.4220850025,10010.9791496104,752.5246171233,1985.0841809238,2267.8341373450
1253,51.2100000000,4468.9973436630,2979.5999976120,756.7447129152,585.7478645712,146.9047685647
1254,11.9200000000,1422.4917734178,947.9643053806,938.1427889439,136.3380967948,-599.9534177016
1255,106.5600000000,9278.8540981176,6186.0819482390,755.7180513530,1218.6896995069,1118.3643990187
1256,45.6900000000,6676.9631696561,4451.5120236896,1097.4304909789,522.6015516824,605.4191033051
1257,38.0300000000,5549.3101216394,3699.2267996346,1096.1853728800,434.9726825200,318.9252666048
1258,15.7200000000,1371.4191606172,914.3829853884,756.5966414806,179.8043376547,-479.3648039065
1259,15.6500000000,1870.1467500667,1246.5712542488,939.0386843848,179.0090694307,-494.4722579976
1260,8.2800000000,984.7600455467,656.5840115453,935.9015508839,94.6942003499,-702.4197172324
1261,56.0900000000,4885.1516096334,3256.9238220173,755.8173576902,641.4898759423,230.9205539835
1262,0.5900000000,70.4873039870,47.0432128376,938.8824522502,6.7485314548,-922.1868925555
1263,168.4100000000,24457.3038193055,16304.9762832779,1092.1959456200,1926.0205653299,5134.1110250778
1264,20.3700000000,1776.0721038495,1183.9291994750,756.3298557505,232.9827258617,-397.1696772377
1265,5.2100000000,622.1853726554,414.6312301856,938.6129255746,59.5921480075,-790.6509311122
1266,70.9200000000,6185.5185886944,4123.5915710868,756.4780410728,811.1659248901,494.2830516447
1267,29.6500000000,2586.6779969657,1724.2650581610,756.5966414806,339.1347717214,-233.3184743974
1268,27.8800000000,2433.1567755735,1621.9021421892,756.7683859227,318.8967067109,-264.4104592493
1269,77.4800000000,11322.6331010058,7548.5604245128,1097.4304909789,886.2151066831,1790.4270788309
1270,91.9100000000,7979.2447016527,5319.2675317980,754.3228133681,1050.9608886160,854.6934678707
1271,9.7000000000,846.6862206375,564.4368548674,756.8474066171,110.9515577387,-585.5495985857
1272,184.5000000000,16017.5241807739,10678.2310899526,754.3228133681,2109.6973555615,2475.2729218917
1273,65.3800000000,7794.1359942408,5195.7464367920,937.4569555241,747.7750655194,913.1575364053
1274,29.3300000000,2558.7610674875,1705.6041809082,756.5966414806,335.4746325325,-238.9143874338
1275,11.1400000000,1330.5047644815,886.6762083950,938.6878670654,127.4201647214,-622.2794757003
1276,29.0400000000,4247.8140826615,2831.5238480002,1098.2245360874,332.1659472701,-14.1002486961
1277,65.5800000000,7815.9426943839,5210.8415160227,937.2848285391,750.0561395197,917.7602103024
1278,78.7200000000,6853.0650698897,4568.5698638200,755.6102914559,900.2810931819,628.6038214319
1279,115.5500000000,13771.4574311690,9181.0064806114,937.2848285391,1321.5765007853,2331.5896212331
1280,15.0000000000,1308.7902979732,872.3413821953,756.6624014288,171.5704837068,-491.7839693578
1281,69.1400000000,10109.1683306031,6739.4130036919,1097.8712831691,790.8313633153,1481.0526804269
1282,1.4400000000,125.4166218198,83.5108672312,755.8173576902,16.4689859397,-730.3805890413
1283,7.5500000000,901.8283644502,601.2369252146,938.7575205857,86.3577783198,-724.5238596699
1284,57.8100000000,8435.5934297127,5623.2499339273,1096.1853728800,661.2088029577,1054.9493199477
1285,30.9200000000,2693.5024065770,1795.7769006245,755.9089524359,353.6298211222,-211.8132676056
1286,310.5600000000,36711.4243416075,24474.0113639677,931.8958594654,3551.0505163206,7754.4666018539
1287,49.8200000000,4347.6947405056,2898.3949662305,756.7447129152,569.8488305592,122.7062308007
1288,30.6100000000,2669.9936022618,1780.0650461113,756.5205193927,350.1117460644,-216.7037093066
1289,116.9000000000,16976.7758237445,11318.0301321200,1092.1959456200,1336.9265725733,3229.6231734313
1290,8.0800000000,962.7174415311,641.4175630298,937.0984891794,92.4122880382,-708.2108987163
1291,136.0000000000,16159.1660816917,10772.7984514139,935.2637903541,1555.3161191041,2895.7877208196
1292,47.6200000000,5689.6423773918,3793.4458008099,938.9383947274,544.6880994835,412.5700823711
1293,38.4700000000,3356.3832190692,2237.7962785384,756.6307199789,440.0192972909,-78.0630767390
1294,34.3600000000,4099.6788827252,2733.3859767780,938.0257820855,392.9991101070,35.2680137546
1295,48.0000000000,5674.0995891202,3782.3472107950,931.8958594654,548.8486114869,411.0079073728
1296,60.2700000000,5223.6883524768,3482.4741253203,753.5492527343,689.1028465255,298.5621278967
1297,77.0700000000,11262.7172572859,7508.9562250138,1097.4304909789,881.5255326803,1774.8050086129
1298,52.6900000000,7705.1258389787,5136.6250553875,1097.9977895315,602.6763324401,867.8266616196
1299,51.9500000000,4532.7770653138,3022.0397883195,756.6624014288,594.2057752380,159.8691003275
1300,173.5900000000,25097.7800580836,16732.1095148074,1088.4939688877,1985.0890691026,5292.0875052859
1301,35.5200000000,3098.5359414113,2065.8059189358,756.5599770292,406.2735246934,-130.1034792470
1302,39.0400000000,3403.0512213253,2268.6638575640,756.2106627622,446.5148142838,-68.3381132849
1303,17.4900000000,2086.8272310496,1391.5419518143,938.0257820855,200.0452396907,-442.7857425409
1304,110.3400000000,16054.0294897422,10702.4159556146,1093.7544670621,1261.9506617925,2995.9084052730
1305,315.5900000000,45307.2576407020,30205.1439029675,1082.6437912211,3608.4522381314,10411.0177083819
1306,136.6400000000,11849.9786257952,7900.0993369538,753.8312137160,1562.3401052577,1633.7079698678
1307,7.3700000000,641.7525779197,427.6433289605,755.7180513530,84.2881295549,-625.8969319486
1308,167.7000000000,24030.6946357261,16020.1242252631,1081.1023166841,1917.4140926219,5012.0540011570
1309,36.1000000000,5219.3666691446,3480.0560554924,1088.4939688877,412.8216797892,237.9949649754
1310,8.7200000000,1039.7862933895,693.2994587485,937.6160751321,99.7346312612,-690.8638717523
1311,45.7800000000,5442.2045094258,3627.8067386350,935.5962830805,523.5551789731,355.2463087372
1312,541.6200000000,77081.1111069101,51387.5587033952,1075.4639149027,6191.8987219071,18426.1897667051
1313,5.1400000000,613.9599726191,409.2453020368,938.7575205857,58.7919179555,-792.8347679589
1314,55.8000000000,6661.0859502120,4440.7596373870,938.3519954833,638.2337465622,643.7405707794
1315,165.0200000000,23883.9337421379,15922.1502117984,1089.3723944003,1887.1252219654,4985.2859139738
1316,50.8800000000,4439.4166907251,2959.7296895913,756.6624014288,581.9670807335,141.0575189714
1317,127.9100000000,18645.0010337997,12429.9581781213,1095.3085042616,1462.9536346067,3656.7807168101
1318,48.2600000000,4202.3038548719,2801.8011207757,755.7180513530,551.9328537744,92.8518289688
1319,57.8200000000,6907.7557907281,4605.5305367992,938.8824522502,661.3560825691,701.9867191097
1320,50.3300000000,7318.6441180126,4878.7060716651,1093.2784533794,575.6139321836,771.0456607845
1321,187.9900000000,16328.0313839542,10885.6149634378,754.5370947577,2149.6608714791,2538.2184542796
1322,80.0500000000,11658.6701654720,7772.2332991029,1094.5951237908,915.5450071114,1876.2967354668
1323,234.7000000000,20313.3133344488,13542.1852828653,752.8992265782,2683.2541887625,3334.9746362428
1324,12.5500000000,1832.8030746984,1221.7040468492,1096.8788562489,143.5446721042,-629.3245005039
1325,14.1900000000,1693.0862440591,1128.8529098902,938.0257820855,162.3008548434,-536.0933027600
1326,75.6200000000,6592.5420996704,4395.1723484194,756.2725330342,864.9005522906,576.1966659261
1327,134.4900000000,15979.7518112259,10653.1006908426,935.2637903541,1538.0475357229,2853.3397943062
1328,44.9100000000,3912.9080667163,2608.8538511001,755.9935047728,513.6379524915,34.4227583520
1329,41.7900000000,3638.0791319956,2425.0970167537,755.6102914559,477.9312358241,-20.5594120382
1330,43.3200000000,3781.1407659736,2520.8538522053,756.8298005211,495.5062548075,7.9508584396
1331,37.2200000000,4442.4353298423,2961.8370893397,938.2513041608,425.7157526468,116.6311836950
1332,16.0300000000,1915.4163716198,1277.0646508868,938.9903837852,183.3551695324,-483.9938325847
1333,3.8800000000,563.0566207136,375.5241419773,1091.5804976578,44.3729596858,-948.4209786072
1334,39.1200000000,4674.7693841922,3116.4281356219,939.0386843848,447.4654821807,171.8370820047
1335,141.9100000000,16884.8707030173,11256.2666252369,936.1820858981,1622.9753684030,3069.4466234791
1336,171.6600000000,20311.2220114459,13540.6325674177,932.5173167244,1962.8761412232,3875.1959860806
1337,98.8000000000,11709.5494686434,7806.7035285027,933.6011095794,1129.8027337076,1839.4420968536
1338,58.6000000000,6972.4009808809,4647.9874235644,936.1820858981,670.1878415081,718.0436299102
1339,70.3000000000,8325.2426621935,5549.9771980538,933.0839460749,803.8787130431,1038.3028050216
1340,9.2700000000,1106.4313677495,737.2258257308,938.2513041608,106.0286143749,-675.0743765171
1341,13.4300000000,1596.5226422365,1064.5301626883,935.5962830805,153.5899094279,-557.1937129602
1342,2.8000000000,407.3888215632,271.9597477510,1093.7544670621,32.0233990667,-990.3487923167
1343,17.2300000000,1501.9101573626,1001.1943784555,756.2106627622,197.0658363245,-452.5607201797
1344,123.6700000000,10725.1672764351,7149.8961053438,753.8312137160,1414.0412823274,1407.3986750479
1345,90.0500000000,13126.2789703203,8751.1927779299,1095.3085042616,1029.9349135825,2249.8427745463
1346,41.9000000000,6128.9053052176,4085.8392368073,1098.2245360874,479.2614735060,465.5800588168
1347,93.8200000000,8176.9610494886,5451.1258942495,756.1438402539,1073.0446326584,896.6466823268
1348,49.7500000000,5941.8861789007,3961.1866114688,938.6878670654,569.0442724318,472.9674279347
1349,355.7000000000,41902.7936997641,27935.4544877331,929.6388554362,4066.7777121439,8970.9226444509
1350,36.2300000000,5289.6840773146,3526.2215938684,1096.6652581846,414.3900374897,252.4071877719
1351,216.2200000000,31324.4742313122,20883.4036227115,1090.1749041379,2472.6812455916,6878.2144588711
1352,17.8300000000,2599.0178127797,1732.6608369502,1095.3085042616,203.9282566260,-432.8797850582
1353,12.9700000000,1549.8915877549,1033.1172723569,939.0386843848,148.3544811831,-570.6188501699
1354,34.6300000000,4131.8940543881,2754.6850882854,938.0257820855,396.0872870491,43.0958969681
1355,188.2200000000,22173.0217322733,14781.9893701906,929.6388554362,2151.9508039913,4309.4427026551
1356,143.9500000000,20732.8915328527,13822.2156202218,1085.3172731391,1646.0213242985,4179.3373151933
1357,144.0300000000,17143.8158094233,11429.5909728515,936.4401288793,1647.2416978423,3130.5430098503
1358,148.4700000000,21613.1056309446,14408.6211634775,1094.1922130533,1698.0589357917,4412.2333186221
1359,31.3200000000,2731.4081207072,1821.0613818074,756.4322921394,358.2285252780,-204.3140785176
1360,48.7100000000,5819.8756867441,3879.8672279266,938.9383947274,557.1557607274,443.9143033627
1361,244.4300000000,28831.0972674322,19220.5685583478,930.4637478382,2794.7139335692,5885.3510276769
1362,14.5000000000,1264.9858669815,843.4716518277,756.5966414806,165.8500569970,-500.9324833238
1363,3.6900000000,539.7532357101,360.1499631228,1098.2245360874,42.2070366882,-960.8283001883
1364,31.2900000000,4557.1491502513,3038.2366532857,1094.5951237908,357.8688728609,66.4485003139
1365,50.1800000000,7340.0589072987,4893.0719127723,1098.2245360874,573.9699460748,774.7925123643
1366,36.2900000000,4304.0979584856,2869.7107111444,934.0736028865,414.9944254723,85.3192189824
1367,139.9500000000,16644.5855524469,11096.2697951159,935.9015508839,1600.5378428711,3011.8763635760
1368,3.3700000000,293.3794370621,195.5723400608,755.6102914559,38.5409970023,-696.3441914569
1369,155.9700000000,13557.8359274423,9038.8097379295,754.9124345824,1783.5954957540,1980.5182591764
1370,601.2600000000,85568.8284482493,57045.9640437691,1075.4639149027,6873.7140901996,20573.6863993780
1371,19.4900000000,2847.6165384169,1898.2516985354,1097.2602780930,222.9253524739,-370.8207906853
1372,74.1700000000,10831.7931514248,7220.8179485417,1096.8788562489,848.3432932244,1665.7530534099
1373,3.1100000000,270.9673588842,180.5650636800,755.9935047728,35.5692280616,-701.1604376303
1374,75.7700000000,11011.1228663304,7341.0301936250,1092.7603591096,866.5551664005,1710.7771471953
1375,34.1900000000,5002.2947467658,3334.4662202370,1098.4202960231,391.0747657403,178.3334647655
1376,373.9200000000,43987.9850432705,29325.5258950854,928.7304688664,4274.9143854371,9458.8142938816
1377,43.0800000000,3754.0926465164,2502.4391341970,756.0716187804,492.7130406791,2.8688528599
1378,69.6700000000,8307.5586078492,5538.1421050031,937.6160751321,796.8476788957,1034.9527488184
1379,118.2800000000,14073.3035498054,9382.2770008820,936.1820858981,1352.7272678086,2402.1171952166
1380,18.3800000000,2687.3953415749,1791.1366514465,1097.8712831691,210.2325782143,-411.8451712550
1381,100.6100000000,11996.8920846234,7997.7044705633,937.6160751321,1150.7226205496,1910.8489183784
1382,46.7400000000,5581.0750591578,3720.9464999591,938.5322790142,534.6114363238,386.9848438608
1383,28.3600000000,2475.4661048742,1650.1000876745,756.8474066171,324.3903275742,-255.8717169916
1384,42.4900000000,5067.7015135945,3378.3451350743,937.7632772109,485.9811498214,265.6119514879
1385,4.5100000000,393.5789498129,262.3547167709,756.7447129152,51.5860743842,-677.1065542573
1386,25.1700000000,2196.6483515489,1464.5534269022,756.7683859227,287.8992147746,-312.5726760505
1387,12.9400000000,1129.2486941418,752.7081754974,756.7447129152,148.0097123130,-528.2139065838
1388,30.7700000000,3667.2241034796,2444.5923161588,937.2848285391,351.9247851940,-66.5778264123
1389,50.2200000000,7252.4420772760,4834.6837405805,1087.5315179624,574.2782721336,755.9485465995
1390,118.8500000000,10286.4818483137,6857.7780379801,752.8992265782,1358.7761411778,1317.0284425776
1391,71.1100000000,8421.1665107906,5613.7700394108,933.0839460749,813.1410424537,1061.1714828511
1392,404.7200000000,58103.0872725527,38735.1095072162,1082.6437912211,4627.5635787463,13657.7703953692
1393,68.2700000000,9938.2145984009,6625.8622868546,1094.1922130533,780.8074597326,1437.3526387604
1394,14.1700000000,1686.6477124177,1124.4120936781,936.4401288793,162.0593963648,-536.2639065044
1395,52.1400000000,4541.1268483916,3027.2689371315,755.8173576902,596.3145325661,161.7260210038
1396,300.2700000000,35372.9318645717,23582.2838893083,929.6388554362,3433.0372325708,7427.9718872564
1397,12.2100000000,1782.6950754626,1188.1833631513,1096.6652581846,139.6550471363,-641.8085930096
1398,4.8300000000,701.4356478074,467.5262016711,1092.1959456200,55.2382835375,-913.5247830211
1399,210.6600000000,18232.6484321899,12155.2189381052,752.8992265782,2408.4121321036,2916.1181354029
1400,38.2900000000,3341.8206371498,2228.0080992279,756.7903865069,437.9694945238,-80.9473431087
1401,143.3200000000,20743.2152704109,13828.4908495327,1089.3723944003,1638.9697419227,4186.3822845552
1402,106.8700000000,9301.3621000035,6200.7381323571,755.4932545847,1222.2005674281,1122.9301456336
1403,162.2500000000,23401.2986417963,15601.2008880911,1086.4759890134,1855.3246257646,4858.2971389273
1404,52.9800000000,4614.2865444531,3075.9836096830,755.8173576902,605.9214410309,176.5641360490
1405,24.0400000000,2857.8111928046,1904.9487121790,935.5962830805,274.9293687749,-257.6631712298
1406,100.8100000000,14640.1092454379,9759.6094598832,1092.1959456200,1152.9133257580,2635.3905141767
1407,47.7500000000,4162.2872904273,2774.5865488048,756.2106627622,546.1342823272,85.3557965330
1408,1.8000000000,157.0327283149,104.5009126158,756.5966414806,20.5882829376,-724.6531087191
1409,38.1300000000,4550.3029631224,3033.4857772181,938.1427889439,436.1217811063,142.5526158542
1410,110.7400000000,13142.7062035991,8761.9783500137,934.5057179604,1266.3934497664,2179.8286858586
1411,57.9200000000,5043.4612365144,3362.1613449309,755.7180513530,662.4109177500,263.1709224805
1412,125.7200000000,14974.7343536001,9983.0505080733,936.8966040123,1437.8660295530,2616.9212119616
1413,52.6000000000,4590.0497720916,3060.1053683577,756.7192474217,601.6449191551,171.5802371571
1414,30.7100000000,2657.9542075029,1772.2347738600,752.8992265782,351.0981514141,-218.2779443495
1415,102.0600000000,14840.8666537725,9893.8794460342,1093.2784533794,1167.2393784752,2686.4693758837
1416,33.2200000000,3968.4328809179,2645.4885325655,938.8222665727,379.9754747326,4.1466070471
1417,272.5400000000,39126.8417801481,26084.3875724126,1082.6437912211,3116.2190594769,8843.5913570374
1418,121.9600000000,14526.8740197667,9684.5881732958,936.8966040123,1394.8627184560,2510.5265240027
1419,77.9700000000,11360.7727869992,7573.6596528255,1094.9662915433,891.7639097034,1800.3829329270
1420,255.3500000000,30185.0277100382,20123.0760103734,931.8958594654,2919.7602696498,6210.2955705496
1421,102.5000000000,14956.7259392070,9970.9044197048,1096.1853728800,1172.3560336130,2717.2801130092
1422,59.9600000000,7162.0700307859,4774.5285237629,938.7575205857,685.8294553715,762.9545310658
1423,44.7900000000,5350.0519793012,3567.0022621975,938.7575205857,512.3132305885,331.9789659295
1424,63.2800000000,7505.1892756398,5003.5981630209,934.0736028865,723.6386675086,843.8788422237
1425,42.6700000000,3722.8196505767,2482.0501259551,756.6307199789,488.0588358566,-3.9200312140
1426,209.8300000000,18174.1433366732,12116.1613209147,753.2396180813,2399.0215556344,2905.7208420428
1427,252.5100000000,29784.1523994571,19856.4369918571,930.4637478382,2887.0973913414,6110.1542684204
1428,117.2400000000,13914.1310755821,9276.3802100927,934.5057179604,1340.7257364151,2362.5194111138
1429,113.5700000000,13437.8741922400,8958.3542028093,932.5173167244,1298.6359277567,2248.3667449495
1430,34.1100000000,4054.9059811384,2703.3463341952,935.5962830805,390.0932100213,25.8701538414
1431,309.1100000000,36502.0176396763,24334.4125158698,931.2135751301,3534.3599966057,7702.0315520708
1432,28.7400000000,2507.6422109166,1671.9876492077,756.6624014288,328.7290467823,-249.7368865022
1433,50.6700000000,6050.3438863399,4033.3923892686,938.5322790142,579.5627188388,498.8564992183
1434,461.3900000000,65979.0234022163,43985.7848581483,1079.4039103234,5275.1491948442,15638.6854389004
1435,38.0900000000,3323.4548299866,2215.4701770040,756.6624014288,435.6746482929,-84.3523967391
1436,30.6900000000,4489.1671555400,2992.9703831932,1098.2245360874,351.0390124559,46.9332238036
1437,21.4800000000,2566.9950520278,1711.4805934140,939.0835389281,245.6947897141,-329.2638700284
1438,34.2000000000,2982.5720858297,1988.6166663321,756.4322921394,391.1690793266,-153.6459519683
1439,34.4700000000,4108.1967776062,2738.6786098320,937.2848285391,394.2426826661,37.9906565689
1440,54.8000000000,8016.8167361693,5344.4046025205,1098.3260134850,626.8161753198,947.2699448441
1441,104.9100000000,12482.5014830071,8321.9933976286,936.1820858981,1199.8192227409,2024.5067767394
1442,10.8400000000,1292.2672709937,861.6061930359,937.4569555241,123.9810601136,-630.7769376799
1443,111.4900000000,9697.9307995002,6465.1580775877,755.2275891446,1274.9941359310,1202.5509968368
1444,45.9400000000,5452.1936336766,3635.1064778922,934.5057179604,525.3577305605,357.2237072635
1445,26.9900000000,3944.9590975590,2630.0647389881,1097.5884505866,308.7124903498,-91.4065823655
1446,90.7800000000,10816.2734334398,7211.0883601231,937.0984891794,1038.2657807068,1629.8208034306
1447,29.4900000000,2564.3504096797,1709.6996550658,755.0768121019,337.2398666571,-237.6659241452
1448,54.2400000000,6476.6262560702,4317.4341068227,938.5322790142,620.3963266197,600.2635436136
1449,268.9900000000,38378.1638523413,25585.3860756648,1077.5309870471,3075.2813985310,8639.9653910983
1450,60.9700000000,8854.3543368153,5902.5182960970,1092.1959456200,697.2832603062,1162.3568347921
1451,26.6800000000,2327.7438077662,1551.7303247650,756.6307199789,305.1654497458,-285.7826867235
1452,87.0600000000,12600.5046151407,8400.4850955105,1089.3723944003,995.5952116368,2115.0519135931
1453,2.7500000000,328.5126557051,219.2393811518,938.8222665727,31.4549234050,-861.0039154244
1454,26.9400000000,3216.3979649634,2144.2783702467,938.4454697809,308.1379679654,-174.4638430297
1455,55.6400000000,8136.5192955167,5424.5975161198,1097.9977895315,636.4188866382,977.5051032272
1456,8.3500000000,728.2724226678,485.3766946520,756.4780410728,95.5052943152,-609.0876073722
1457,4.9700000000,433.8175790277,288.9700644536,756.8474066171,56.8483754599,-668.8482675030
1458,14.1800000000,1693.3951217378,1129.3245348476,938.6129255746,162.1912972642,-536.7336359485
1459,68.2100000000,8133.4659486349,5422.5921952117,937.6160751321,780.1489906340,993.1086876572
1460,50.1300000000,4369.7478925470,2913.0496011444,756.2106627622,573.3552161898,127.1324124506
1461,63.2900000000,7495.0868860629,4997.1059062937,933.0839460749,723.7195412304,841.1774924639
1462,12.2500000000,1069.1849886524,712.8382774929,756.8108245191,140.1185793370,-540.5826926967
1463,92.0100000000,13426.0327186969,8950.4280611849,1096.1853728800,1052.3754014901,2327.0438831419
1464,11.5300000000,1375.1611779653,917.0913707742,937.7632772109,131.8748566119,-611.5683266318
1465,27.6800000000,2415.3066482629,1610.1487146537,756.6918581469,316.6059389128,-268.1398634505
1466,27.8700000000,3329.9103960082,2219.6661280518,938.9383947274,318.7832283201,-147.4773550911
1467,348.4300000000,40926.4864061686,27284.3658734141,927.7291392802,3983.3153717996,8731.0760216746
1468,74.3500000000,8876.7330621762,5917.4974913715,938.4454697809,850.4104646708,1170.3796363530
1469,10.1400000000,885.0233293825,590.2300937641,756.8108245191,115.9838689369,-578.0014578377
1470,52.3400000000,7448.8116305448,4965.5393803281,1075.4639149027,598.3604355537,809.4478997603
1471,95.8200000000,13941.4274579219,9294.6243201974,1093.7544670621,1095.8864637752,2457.1622068871
1472,24.0200000000,3513.9404745034,2342.6706273380,1098.3260134850,274.7467980143,-201.8029643338
1473,54.8100000000,7854.0391948965,5235.6271909380,1081.1023166841,626.6754109517,910.6342763228
1474,17.4800000000,2553.3834859254,1702.6951271362,1097.0767788299,199.9341557331,-446.3225757738
1475,88.6100000000,12925.7479316543,8617.1957370894,1095.9158827522,1013.4805762691,2199.1557355436
1476,106.8700000000,15594.3931816883,10396.1029024214,1096.1853728800,1222.3384323144,2879.7664740725
1477,7.9100000000,944.7300437207,629.5925740083,938.6878670654,90.4751797977,-714.0255771507
1478,14.8600000000,1290.0835193837,860.0805710619,754.3228133681,169.9192558463,-494.2391208925
1479,9.5000000000,829.0465683421,552.8188674815,756.7447129152,108.6624626719,-589.1794747264
1480,6.3200000000,755.0504427084,503.3623773621,938.8824522502,72.2893538886,-759.4837407924
1481,43.9900000000,3836.7310027731,2557.7241474704,756.4780410728,503.1470535239,19.3817607060
1482,90.8500000000,12991.5998961645,8660.9178149894,1079.4039103234,1038.7032756488,2212.5748952030
1483,22.4100000000,2675.9069763741,1783.7819862399,938.5322790142,256.3252522040,-302.7325410840
1484,137.1000000000,19862.1099672227,13241.3755996710,1090.1749041379,1567.8688316095,3962.6906318043
1485,329.2300000000,46854.6475568259,31236.7070320638,1075.4639149027,3763.8174665143,10778.6591433450
1486,210.5200000000,18257.1538371078,12171.6646761206,753.8312137160,2407.0831305536,2924.5748167176
1487,134.2500000000,15979.7075082627,10652.9351968058,936.4401288793,1535.3898350019,2854.9423475757
1488,212.7800000000,25198.3660549292,16798.7815573277,933.0839460749,2433.1338913416,5033.3666601850
1489,30.2400000000,2639.3595148447,1759.2848688525,756.8108245191,345.8927215633,-222.6289000903
1490,82.1000000000,9772.3201968593,6514.6350169802,936.4401288793,938.9609344779,1382.2841165219
1491,287.2700000000,33794.4706444703,22529.3437641270,928.7304688664,3284.2711154913,7052.1252959855
1492,12.0400000000,1761.3590055379,1174.3310561592,1098.3260134850,137.7165465484,-649.0146106546
1493,2.4200000000,353.9845068885,235.9603206667,1098.2245360874,27.6804956058,-1007.8808454714
1494,70.9400000000,8367.5409734960,5578.3003485130,930.4637478382,811.0993186082,1047.6775585367
1495,136.7800000000,19599.9905323472,13066.6935021699,1081.1023166841,1563.8872962959,3888.3074171973
1496,28.8600000000,4196.6236687035,2797.5797054303,1093.2784533794,330.0659265412,-24.3004166475
1497,59.0200000000,5143.1417826695,3429.0498513407,756.0716187804,675.0214405961,282.9988719522
1498,26.5800000000,2319.4586110684,1546.1924804255,756.7192474217,304.0251321510,-287.4782489298
1499,70.1700000000,10011.5088201003,6674.4485414778,1077.5309870471,802.2324091413,1457.2968824341
1500,42.0300000000,4944.4132738785,3296.1483335148,928.7304688664,480.5162912386,239.0181802587
1501,25.5000000000,2217.3935383802,1478.3873487922,755.0768121019,291.6112783912,-307.6819009052
1502,32.7500000000,4788.4764655373,3191.9867173639,1097.8712831691,374.5983099302,124.0201550742
1503,24.2500000000,3524.0824799856,2349.8583001926,1092.7603591096,277.3388251975,-195.8750045141
1504,41.2900000000,6036.1556712541,4023.6712641692,1097.7350963539,472.2781509288,442.4711598021
1505,78.3700000000,6819.0211777444,4546.0035012207,755.3660261078,896.2509136338,621.4007367821
1506,81.1300000000,9653.0868870114,6435.6748941661,936.1820858981,927.8556242586,1353.3742826885
1507,49.8100000000,5949.6782560614,3966.1427419618,938.7575205857,569.7325745840,475.0454189300
1508,94.0600000000,11163.1113013413,7441.6802424774,934.5057179604,1075.6453664893,1711.2799744142
1509,267.5100000000,31652.4233967255,21101.3918690215,932.5173167244,3058.8896454539,6559.6245655257
1510,2.5400000000,371.4370778327,247.7902569092,1097.9977895315,29.0529110723,-1003.4038796803
1511,16.1000000000,2347.7269974335,1565.5940364021,1095.6242774865,184.1430691865,-497.6343856416
1512,67.5300000000,5888.6500356892,3925.5093427536,756.3829978112,772.3824678038,434.3752273206
1513,9.3500000000,1113.3261544504,742.1966626734,936.6776962357,106.9352790263,-672.4834834850
1514,33.4900000000,2919.6539925676,1946.6507287117,756.2725330342,383.0404588232,-166.3097280016
1515,118.3500000000,17251.4726944742,11500.8501930900,1095.3085042616,1353.6124044696,3301.7015926530
1516,14.9400000000,1302.2947040625,868.0568281290,756.2106627622,170.8742655072,-492.8470523359
1517,43.1600000000,5140.8648958112,3427.1709476169,936.8966040123,493.6231135500,283.1742306320
1518,97.0100000000,14135.0335778735,9423.8155258356,1094.9662915433,1109.5295226411,2506.7222378535
1519,10.1900000000,889.3873497443,593.0814468741,756.8108245191,116.5557815056,-577.0607031546
1520,105.0200000000,12519.7332841109,8346.2660517312,937.4569555241,1201.1523001047,2034.8579767508
1521,158.0900000000,13717.7953855567,9145.3511062690,754.0882497416,1807.6557706244,2010.7002589217
1522,17.0600000000,2038.7772619923,1359.2388247937,939.0835389281,195.1374819610,-454.6825836905
1523,29.0100000000,3466.1177103767,2310.6360513326,938.9383947274,331.8228006303,-115.2795363136
1524,145.9500000000,17193.4572405976,11462.3053167156,929.6388554362,1668.6708099168,3132.8422585290
1525,26.6900000000,3186.9681927455,2124.6320473049,938.5322790142,305.2798295995,-181.4759631731
1526,50.1500000000,7292.4697500166,4861.6476588271,1093.2784533794,573.5553089411,763.9883288689
1527,47.2000000000,6893.0920418936,4595.0659672538,1096.8788562489,539.8652209814,661.2819974095
1528,118.4800000000,10305.9542660758,6870.4085110225,755.2275891446,1354.9314308468,1325.3867350618
1529,4.0400000000,481.3587207656,320.7087815149,937.0984891794,46.2061440191,-822.6546939478
1530,94.0200000000,13643.9648143026,9096.0292167831,1091.5804976578,1075.2437292934,2381.1113705682
1531,238.8700000000,34605.8512609080,23070.2732771037,1090.1749041379,2731.7055274002,7713.6975522663
1532,90.4700000000,7830.1894221030,5220.3872143051,752.8992265782,1034.3161757876,822.5868054321
1533,137.6000000000,19934.5465462425,13289.4386689983,1090.1749041379,1573.5868069254,3981.3461661809
1534,103.3000000000,8998.6674838099,5999.0788768114,755.9089524359,1181.4346869962,1062.2449675663
1535,10.5300000000,1254.9843942035,836.3078976333,937.2848285391,120.4344487518,-639.0427807207
1536,35.5700000000,3102.0493886831,2067.9849590017,756.4322921394,406.8387178844,-129.2065803423
1537,5.0800000000,738.2407834362,491.8308070171,1092.7603591096,58.0981951342,-904.4485778247
1538,177.0600000000,25599.4754138157,17066.1948961346,1088.4939688877,2024.7702665782,5420.0162822152
1539,16.6500000000,2433.6261198354,1621.9995796641,1097.5884505866,190.4432369146,-476.4051473299
1540,24.6400000000,2942.8758884043,1962.2301889925,938.6878670654,281.8341883964,-239.8763560500
1541,35.8400000000,5229.7469040115,3486.6275582763,1096.1853728800,409.9242950702,237.0096777850
1542,81.0200000000,7056.4268748885,4704.4455206917,755.8173576902,926.6091950231,669.5548014835
1543,89.2900000000,7782.1450874956,5187.8135437565,756.1438402539,1021.2338014290,816.9539020563
1544,159.9300000000,23147.2398701982,15431.0449292916,1089.3723944003,1828.9173236512,4797.9052228551
1545,51.6300000000,6151.6214735459,4101.1850242209,937.0984891794,590.5007959671,522.8371641785
1546,14.0500000000,1223.9233121736,815.6642332507,755.9089524359,160.6888417454,-508.3387152584
1547,1.3800000000,164.8201593343,110.1787004514,938.6878670654,15.7845446423,-899.8309528249
1548,227.7100000000,19768.8370254961,13179.0807504248,754.3228133681,2603.7896197014,3231.6438420018
1549,78.7200000000,11501.5071269461,7667.6105726865,1097.2602780930,900.3942404692,1836.2420356974
1550,27.9600000000,3340.0777649146,2226.4977152531,938.8222665727,319.8107848743,-145.0530017854
1551,16.7500000000,2000.7450469590,1333.8365399719,938.7575205857,191.5884485903,-463.4374621888
1552,231.0900000000,27366.7187312416,18244.7526280850,933.0839460749,2642.5082759194,5546.3738811623
1553,56.4000000000,6723.6046202995,4482.0928223583,937.4569555241,645.0675083404,658.9873340767
1554,204.8900000000,17746.2718784300,11831.0751721873,753.2396180813,2342.5417077345,2819.4153804269
1555,5.3200000000,634.5062850629,423.2729403573,937.7632772109,60.8477222182,-787.3776547235
1556,216.2900000000,31151.9076737805,20768.4051958662,1085.3172731391,2473.2056424628,6824.9795623124
1557,82.5100000000,9691.6005894239,6461.1150579803,927.7291392802,943.2693835984,1359.4870085649
1558,18.6900000000,2727.2312956466,1817.7235136136,1096.1853728800,213.7691148120,-400.4467056589
1559,49.6500000000,4330.3863216114,2886.9361664518,756.4780410728,567.8847739819,119.0873401049
1560,33.8200000000,4944.9243989152,3296.5277670592,1097.8712831691,386.8370944073,163.6882542796
1561,52.1900000000,7573.6920193411,5048.7134643613,1091.5804976578,596.8620530932,836.5360042288
1562,77.2500000000,11233.1662649807,7488.6432358776,1093.2784533794,883.4924748894,1767.7521008343
1563,40.6200000000,3545.0081859324,2363.2566661376,756.7683859227,464.6192333787,-39.6360995066
1564,37.9600000000,5546.2044021706,3697.0316923440,1097.2602780930,434.1840112831,317.7284204505
1565,17.4400000000,2549.5411699363,1699.5290177177,1097.7350963539,199.4800424364,-447.2029865717
1566,46.3200000000,4029.1340446036,2685.9621750911,755.2275891446,529.7132332615,58.2310471063
1567,3.2300000000,385.7747207608,257.0836343867,938.6878670654,36.9449849237,-846.9417656150
1568,31.3700000000,3744.2019424275,2496.2207783518,938.2513041608,358.8044911480,-49.0746312331
1569,71.1800000000,10266.2831267985,6843.7700361481,1086.4759890134,813.9414906744,1522.0956109627
1570,188.3600000000,27288.3080483302,18191.8717403828,1090.1749041379,2154.0756609917,5852.1857428178
1571,54.0800000000,4714.6876057944,3143.0298223991,756.2725330342,618.5377131431,196.8475372180
1572,15.0800000000,1314.9836004471,876.4356934467,756.3829978112,172.4793071891,-490.3143980000
1573,41.0000000000,5961.9393768829,3974.6101912517,1093.2784533794,468.9086274494,425.1421048025
1574,23.7100000000,2825.8005685246,1883.9903188442,937.2848285391,271.1776619093,-266.6522407680
1575,263.7900000000,37993.2577801403,25329.0347152287,1085.3172731391,3016.3526581223,8562.5531336503
1576,316.1900000000,45308.6782162806,30205.5414861805,1081.1023166841,3615.1888011098,10406.8456123062
1577,13.6600000000,1629.8490552394,1086.2546868754,938.0257820855,156.2388778831,-550.6702916046
1578,13.3300000000,1945.1039684842,1296.8553722857,1096.1853728800,152.4634724689,-600.4002491504
1579,137.5000000000,16345.6339022728,10897.4271917297,935.5962830805,1572.4953496899,2940.1150777726
1580,28.8700000000,4223.4580141096,2815.9979407900,1098.3260134850,330.2223171803,-21.0882573456
1581,115.9100000000,10062.8250828916,6708.6284542825,754.3228133681,1325.3930649492,1274.4807502918
1582,322.3600000000,37922.4616456694,25281.7975271652,928.7304688664,3685.4444835513,8026.4891660865
1583,41.2500000000,4929.6343527071,3286.2085001872,939.0835389281,471.8300780125,232.5122355793
1584,37.1800000000,5436.2001523261,3624.0897227712,1097.8712831691,425.2691652887,288.9699810970
1585,20.5800000000,1796.2307809360,1197.5683061881,756.8108245191,235.3992132862,-393.5475630574
1586,34.0500000000,2970.3026127550,1980.3778546189,756.5599770292,389.4598399721,-156.0950588652
1587,107.7300000000,15709.3558654355,10472.8752586596,1095.6242774865,1232.1573194693,2908.6990098200
1588,58.0500000000,5046.0497248703,3364.0278810606,754.9124345824,663.8309837053,263.2784255220
1589,244.6300000000,28992.9867056095,19329.0026604448,933.6011095794,2797.4052909605,5932.9776446249
1590,4.5900000000,671.6270333909,448.0738998090,1098.5078760990,52.5018195898,-927.4565621069
1591,9.6900000000,1417.0178284248,944.2817898431,1097.9977895315,110.8357119253,-736.0974628751
1592,117.4900000000,13934.6505688198,9289.7686482558,934.0736028865,1343.5573174080,2367.2510002694
1593,30.3400000000,4437.3935419923,2957.8960291642,1098.1153248667,347.0346514207,34.3475365407
1594,39.8200000000,3470.5456085124,2313.7872500771,756.1438402539,455.4320749569,-54.8175567755
1595,123.5200000000,14712.6884135912,9808.0898290658,936.8966040123,1412.7045177409,2554.9974627723
1596,126.0200000000,14980.9220681049,9986.9737631148,935.5962830805,1441.2062834031,2617.1457385065
1597,102.5000000000,14934.9648668388,9956.2344820975,1094.9662915433,1172.3201326741,2711.4439605239
1598,10.7400000000,936.7240502338,624.6587026825,756.4780410728,122.8415402329,-567.2542337545
1599,110.1500000000,9557.9427017463,6371.8775981470,754.0882497416,1259.4932199018,1172.4836339558
1600,46.2600000000,6755.8143613983,4503.8940234591,1096.8788562489,529.1136678517,625.9278138386
1601,245.4600000000,35173.3709319340,23448.4499833460,1081.1023166841,2806.4905377159,7837.3280941879
1602,122.6200000000,14425.0286852959,9616.5977153061,928.7304688664,1401.8774121264,2477.8230889970
1603,64.3700000000,7685.2092429358,5123.7590891255,938.4454697809,736.2598737170,886.7448103125
1604,104.6000000000,9071.3390241377,6047.5566629782,753.8312137160,1195.9951332696,1073.9560141740
1605,38.7200000000,4626.2694845152,3083.8803992195,938.9383947274,442.8879296934,160.5627608749
1606,54.7200000000,4763.7159632160,3176.0948025872,755.6102914559,625.8051501387,206.2057190343
1607,20.7000000000,2446.9554478081,1631.6007575978,931.8958594654,236.6909637037,-353.2321329589
1608,51.4900000000,7517.6879144611,5011.4507978076,1096.6652581846,588.9302520106,820.6416064584
1609,68.9300000000,10051.4796231734,6701.2168982363,1095.6242774865,788.3839601877,1466.2544872628
1610,30.0900000000,3595.1562187257,2397.0574784494,938.9383947274,344.1760796610,-85.0157341120
1611,334.9700000000,39460.7219724768,26306.9302350850,929.6388554362,3829.7681479810,8394.3847339746
1612,45.3300000000,5416.4581488163,3611.0103921627,938.9903837852,518.4959348038,347.9614380646
1613,130.1300000000,15285.0319319080,10190.1014628718,927.7291392802,1487.6699174362,2679.5314123198
1614,59.4900000000,8691.8782899139,5794.2268003328,1097.2602780930,680.4427510863,1119.9484604018
1615,16.6600000000,2423.9634883008,1615.7608542856,1093.7544670621,190.5392244468,-476.0910574938
1616,47.2400000000,5606.4786080732,3737.9868499080,934.5057179604,540.2241878902,393.7618523145
1617,128.0800000000,18653.8722647552,12435.5732785646,1094.5951237908,1464.8720113783,3658.8318510214
1618,71.3700000000,8520.9473927036,5680.5606548801,938.4454697809,816.3254184741,1085.6158495684
1619,255.2900000000,36581.9679997288,24388.1779406939,1081.1023166841,2918.8827889412,8193.8049534097
1620,18.9300000000,1651.4608594455,1100.9917579166,756.5966414806,216.5201088933,-422.6476488450
1621,63.3100000000,9224.7085436055,6149.4389448249,1094.9662915433,724.0935375570,1256.2097696803
1622,14.6900000000,1279.9069138291,853.0142663501,755.9935047728,168.0102765999,-497.1111338938
1623,4.1100000000,358.6085416447,238.8553784582,756.6624014288,47.0103125357,-683.9195507781
1624,122.1800000000,17664.8814303626,11776.5096917862,1088.4939688877,1397.1898292699,3402.6879404189
1625,8.3200000000,1196.4749136787,797.9186977539,1084.0440787886,95.1337593244,-780.6216221881
1626,466.1600000000,66341.9570060139,44227.9437829222,1075.4639149027,5329.2262254057,15709.3230827833
1627,328.8300000000,47360.8664310381,31573.5889802020,1085.3172731391,3760.0638559853,10941.8963217118
1628,311.8700000000,44496.0703395282,29664.2157399013,1077.5309870471,3565.5154829543,10188.8081296255
1629,46.5000000000,4048.1138941803,2698.8982928388,755.6102914559,531.7971396463,61.8081702392
1630,152.3900000000,22172.1366135746,14781.8121718802,1093.7544670621,1742.8734942048,4553.6964804274
1631,195.9300000000,17009.8293373389,11339.8315292310,754.3228133681,2240.3956795402,2675.2793151997
1632,137.6300000000,16368.6624478976,10912.4262718832,935.9015508839,1574.0051683769,2946.3294567536
1633,216.9600000000,18835.5666463995,12557.1763375032,754.3228133681,2480.8668740521,3043.2006214761
1634,92.1400000000,13452.7046890357,8968.8679670132,1096.6652581846,1053.8751878084,2333.2962760295
1635,4.3300000000,633.1978531558,421.9131401427,1097.9977895315,49.5272066704,-936.2402831888
1636,53.5800000000,7835.2750512902,5223.6864970043,1097.9977895315,612.8562894693,900.7344752851
1637,305.1400000000,26409.9038384052,17606.7672098704,752.8992265782,3488.5734263272,4561.6639756294
1638,65.1900000000,9467.2028738230,6311.6037225592,1092.1959456200,745.5452802913,1317.8579253525
1639,56.4700000000,4891.0731269215,3260.6728260697,753.2396180813,645.6309738678,231.5297089028
1640,64.2800000000,9398.5730444196,6265.4935784064,1097.8712831691,735.2421179333,1299.9660649108
1641,97.7200000000,8507.1331126730,5671.5978617628,755.6102914559,1117.5745480912,962.3504113631
1642,238.3300000000,20668.9505700072,13779.2430295705,753.8312137160,2725.0623337680,3410.8139929526
1643,330.0400000000,38766.4023576956,25844.4602319214,927.7291392802,3773.0775343935,8221.1354521005
1644,15.9100000000,1900.5950371885,1266.7164244328,938.8222665727,181.9810295905,-486.9246834074
1645,9.4500000000,824.6831653508,549.6955970437,756.7447129152,108.0905549736,-589.8476995817
1646,173.5600000000,20632.3506914798,13754.8502599982,935.5962830805,1984.8894028522,3957.0147455488
1647,74.7500000000,6518.2376746300,4345.2759117202,756.3829978112,854.9620830495,561.6166820491
1648,14.8700000000,1776.8085742973,1184.5875554778,938.9903837852,170.0867979380,-516.8561629037
1649,7.1300000000,1025.3444873232,683.9303123605,1084.0440787886,81.5268874980,-824.1567913238
1650,27.3100000000,3959.9723803239,2640.2426934003,1090.9087661794,312.3212000936,-83.5002793494
1651,16.2400000000,1937.6829177956,1292.1460981133,938.0257820855,185.7481242182,-478.2370866214
1652,51.1700000000,4465.0014881364,2976.4367318599,756.6918581469,585.2863401072,146.5865580224
1653,115.9000000000,10094.2961589678,6729.5840510486,755.8173576902,1325.5246322288,1283.3701180002
1654,116.4500000000,16898.9545056960,11265.7242593186,1091.5804976578,1331.7606070647,3209.8891416550
1655,57.7800000000,6896.3974572350,4597.9610710054,938.2513041608,660.8773828031,699.3076992657
1656,104.0200000000,9030.5846356862,6020.5639974330,754.3228133681,1189.4347909241,1066.2630339609
1657,274.9700000000,39402.0280500037,26267.6338553896,1081.1023166841,3143.8959633168,8909.3959146132
1658,23.7400000000,2836.8871467465,1891.2022795624,939.0386843848,271.5447481332,-264.8985653339
1659,31.7100000000,2748.3517115819,1832.0124545524,753.5492527343,362.5593373705,-199.7693330754
1660,3.4100000000,297.4142468619,198.3713447708,756.4780410728,39.0027609119,-696.4378998936
1661,64.4300000000,7691.2861607914,5127.2837596015,938.3519954833,736.9426575449,888.7077481617
1662,60.3100000000,8819.4370724769,5879.9958261151,1097.9977895315,689.8350656569,1151.6083911734
1663,47.7100000000,5691.4537357749,3794.4149592398,937.8995482845,545.6888425725,413.4503856782
1664,84.5100000000,12347.4640154753,8231.2835661381,1097.2602780930,966.6198839183,2052.3002873259
1665,55.2300000000,8063.7386582965,5375.5715058701,1096.6652581846,631.7074736560,959.7944205859
1666,41.8800000000,3652.7004863864,2435.3248070799,756.4780410728,479.0133803497,-18.1157421160
1667,116.4300000000,13858.6021987860,9238.7261717674,936.4401288793,1331.5861339983,2351.8497641411
1668,187.1200000000,26697.3568536009,17798.5294439408,1077.5309870471,2139.2864243768,5682.0099982362
1669,28.7400000000,4193.7200340762,2795.6800238618,1096.1853728800,328.7171942053,-26.8625568709
1670,14.4900000000,1263.6686995226,842.1857722160,756.4322921394,165.7321625568,-500.6815273896
1671,33.5200000000,2925.6392505818,1950.3255272206,756.8108245191,383.4101860715,-164.9072872295
1672,105.3600000000,9167.4374286991,6111.4560687616,755.3660261078,1204.9125463883,1095.7027874413
1673,88.8000000000,7739.4387251608,5159.8015915763,756.1438402539,1015.6295393313,807.8637539993
1674,55.1500000000,6584.4227085274,4389.2548960023,938.4454697809,630.8021133368,625.9202294074
1675,1.6100000000,140.2757066892,93.3957225931,755.9935047728,18.4136518261,-727.5271725028
1676,3.1400000000,374.9374344406,249.9567114476,938.5322790142,35.9152740705,-849.4668300917
1677,57.2100000000,6789.7256809455,4526.7363686959,934.5057179604,654.2384798730,674.2451144162
1678,52.4900000000,6261.6727434673,4174.6019197923,937.8995482845,600.3606654083,548.8106099822
1679,10.0000000000,1193.1545060318,795.1668296082,938.0257820855,114.3769237797,-654.4150294416
1680,12.8300000000,1117.1893588481,744.6892452588,755.7180513530,146.7322526715,-529.9501904352
1681,129.4000000000,11215.2857609175,7476.5913685787,753.5492527343,1479.5073559050,1505.6377836995
1682,118.0300000000,14049.0493646201,9366.2368215659,936.4401288793,1349.8850072646,2396.4874069103
1683,49.5200000000,7230.0622552751,4819.8083198799,1096.6652581846,566.3978652081,747.1908120025
1684,71.2500000000,6213.0359106005,4142.3118563957,756.3829978112,814.9304136091,499.4106427845
1685,50.9500000000,7404.2062826915,4936.5240259860,1092.7603591096,582.6974492293,792.2244483665
1686,53.6900000000,4684.8921222990,3123.4212618283,756.6918581469,614.1102911932,190.6687111307
1687,270.7500000000,38797.3200514183,25864.8933022405,1081.1023166841,3095.6461871042,8755.6782453896
1688,129.3400000000,18628.6362685597,12418.9449988795,1085.3172731391,1478.9607369557,3645.4132595855
1689,50.0200000000,4364.6545717526,2909.6255818742,756.6918581469,572.1325529053,126.2045788262
1690,27.9100000000,3323.3083391133,2215.6753312163,936.6776962357,319.2046671255,-148.2493554641
1691,7.3700000000,1078.1740756490,718.9781976485,1098.3260134850,84.2999126297,-823.4300481141
1692,44.2600000000,5268.2447248842,3512.3388080872,936.4401288793,506.1925817295,313.2732061883
1693,22.1200000000,3235.9851497092,2156.9345929455,1098.3260134850,253.0141204028,-272.2895771240
1694,58.9800000000,5128.7008193593,3419.3993101317,755.0768121019,674.4797333143,279.7449638115
1695,17.0200000000,2489.8945410511,1659.6413395720,1098.3260134850,194.6790383931,-462.7518503989
1696,12.4400000000,1085.4234204524,723.4894796779,756.6624014288,142.2891211542,-537.0175818084
1697,29.6900000000,3546.3952504008,2364.5284117683,938.7575205857,339.5976739490,-96.4883559022
1698,234.8400000000,27626.6003625418,18417.6535748972,928.7304688664,2684.8547664635,5595.3615523147
1699,11.4200000000,1364.4627456912,909.6992328081,938.9383947274,130.6244875284,-614.7993693727
1700,310.9700000000,44908.2419906515,29939.0042817317,1087.5315179624,3556.0197985938,10325.6863923637
1701,93.1800000000,8085.4207984450,5390.4946645038,754.0882497416,1065.4523670490,875.3855171505
1702,56.7700000000,8198.3499945631,5465.2946632650,1087.5315179624,649.1791618682,996.3446514675
1703,169.6400000000,24354.1404549215,16235.7799423864,1082.6437912211,1939.6617056200,5096.0550156941
1704,10.4000000000,1234.2797951728,823.0429761265,934.5057179604,118.9316586380,-642.2005575522
1705,8.7300000000,1277.4082791944,851.3404096372,1098.5078760990,99.8564019648,-772.2964085066
1706,74.4400000000,10880.4281297626,7253.5214847597,1097.5884505866,851.4471204757,1677.8710739405
1707,107.0600000000,12752.1083351609,8501.0306388335,936.8966040123,1224.4506611831,2089.7304311320
1708,70.3400000000,8361.8319177154,5574.7763782885,935.5962830805,804.4314392523,1047.0278170941
1709,37.1000000000,4412.3910253360,2941.4963717230,935.9015508839,424.2940619544,110.6990407747
1710,34.9600000000,5108.9216986469,3405.9611569156,1097.4304909789,399.8719686324,205.6580821200
1711,210.9000000000,30605.3199248715,20403.4783807658,1091.5804976578,2411.9219581789,6698.3390882689
1712,9.5400000000,831.1989079598,554.1479540523,755.9935047728,109.1094648579,-588.0520157232
1713,45.8700000000,5473.9679233786,3649.6625757155,938.1427889439,524.6500419446,361.5125167746
1714,10.8600000000,941.8235353933,627.7210713471,753.8312137160,124.1731084829,-563.9018581527
1715,91.4200000000,10862.2864940313,7241.7145145616,935.2637903541,1045.4926441802,1639.8155449355
1716,47.8100000000,4165.5785942932,2776.9661517676,755.9935047728,546.8053998801,85.8135378726
1717,16.5000000000,1971.4216553332,1314.5153914077,938.9383947274,188.7306518580,-470.7627826599
1718,28.2500000000,3375.5778227236,2250.2759882868,938.9903837852,323.1306013282,-136.8191506766
1719,97.9200000000,14103.2632087317,9401.9131629935,1085.3172731391,1119.6832794395,2496.3494931597
1720,40.7700000000,3545.2209631278,2363.4083467087,755.0768121019,466.2349733337,-39.4991690164
1721,73.7700000000,8690.3826011572,5793.7882065366,929.6388554362,843.4247731933,1123.5307659911
1722,76.3000000000,10886.1069256613,7257.1384935116,1077.5309870471,872.3148470498,1679.1225980529
1723,158.7200000000,22645.3852063036,15096.9669390569,1077.5309870471,1814.5978050293,4656.2894751703
1724,307.8500000000,44457.6721124933,29638.7133661677,1087.5315179624,3520.3418175293,10211.0854108339
1725,36.0600000000,4286.7167892070,2857.4230682685,935.5962830805,412.3940531623,81.3033846956
1726,73.1000000000,10608.1028283931,7072.3713405722,1091.5804976578,835.9957095442,1608.1552806189
1727,21.9400000000,3192.1824089627,2127.6850853464,1093.7544670621,250.9262055440,-280.1833489898
1728,58.5800000000,8568.7654601347,5712.7235529829,1098.2245360874,670.0510052025,1087.7663658620
1729,55.6600000000,6646.1839493523,4431.0507938444,938.5322790142,636.6382658490,639.9626106447
1730,39.4600000000,3442.2361556332,2294.9084550584,756.5599770292,451.3387748987,-60.5710513530
1731,351.8400000000,50674.9604509821,33783.7402088162,1085.3172731391,4023.1757050447,11782.7272639822
1732,27.5400000000,3290.9802873378,2194.3069338489,939.0386843848,315.0102090812,-157.3755399772
1733,21.7100000000,3164.5920760206,2109.3262362873,1095.3085042616,248.3052412424,-288.3479057707
1734,27.8100000000,4056.7097390735,2704.0939747898,1095.9158827522,318.0780366329,-61.3781551014
1735,92.1800000000,10972.1373416138,7314.4745475348,936.4401288793,1054.2438360557,1666.9788291441
1736,82.3600000000,7169.9496844019,4779.7879910856,755.6102914559,941.9099445435,692.6414573169
1737,70.2900000000,8393.1058174626,5595.6218358163,938.5322790142,803.9759918528,1054.9757107793
1738,94.7900000000,13671.5506826248,9114.2150718370,1086.4759890134,1083.9212405314,2386.9383812430
1739,131.9000000000,19200.9741545201,12800.9856426307,1094.1922130533,1508.5470036433,3797.2492951927
1740,34.7500000000,3030.2175142929,2020.4149143667,756.3829978112,397.4572894444,-144.0376873295
1741,12.8300000000,1528.2042774156,1018.8886601023,936.8966040123,146.7373620678,-574.3183487668
1742,84.0800000000,10032.0430867153,6687.9210133115,938.0257820855,961.6811751397,1444.4151161786
1743,199.0000000000,28738.2710748292,19158.5604129838,1087.5315179624,2275.6148178929,6216.5643259902
1744,20.6700000000,1803.6267492628,1202.6006997414,756.6918581469,236.4250273601,-392.0908359855
1745,29.7900000000,4358.5364289603,2906.0799349982,1098.4202960231,340.7463372741,13.2898606649
1746,32.8800000000,2869.7797899502,1913.2579367910,756.8108245191,376.0897051919,-176.3786765518
1747,8.6300000000,752.9906847672,501.9424619775,756.6624014288,98.7102182927,-604.3243969317
1748,54.8600000000,7954.7449573258,5302.8603248803,1090.9087661794,627.3870756916,933.5887905746
1749,71.4500000000,10434.5641185021,6956.4193115370,1096.8788562489,817.2324160831,1564.0335346332
1750,121.1500000000,17666.2811018055,11777.5369556614,1095.6242774865,1385.6480019838,3407.4718666738
1751,96.4800000000,11501.6555632357,7667.4248087333,937.4569555241,1103.4771844801,1793.2966144982
1752,37.4800000000,5450.0850694042,3633.4419344919,1093.2784533794,428.6511062635,294.7135752694
1753,101.3500000000,14707.6774508569,9805.3525960736,1091.5804976578,1159.0720268442,2651.6723302814
1754,29.5200000000,3505.5606279770,2336.8348249274,934.9012987172,337.5892626485,-103.7647583161
1755,4.1400000000,492.3800227733,328.2920057727,935.9015508839,47.3471001750,-819.1606340582
1756,22.0300000000,1920.8084657734,1280.5764810648,756.3298557505,251.9690452004,-368.0669162423
1757,1.9400000000,282.7871316204,188.3326996685,1095.3085042616,22.1884923082,-1023.0425646178
1758,20.4600000000,2946.8215405499,1964.5788698792,1085.3172731391,233.9534303241,-337.0280327924
1759,146.4600000000,21309.3452879069,14205.8974119368,1093.7544670621,1675.0525097529,4334.6408991551
1760,27.8200000000,4053.5680253215,2702.0262030291,1094.9662915433,318.1848399121,-61.6093091630
1761,16.2800000000,1945.5623578684,1297.0785126842,939.0835389281,186.2156041223,-476.8152978662
1762,97.0100000000,8452.2647862870,5634.8752631159,755.9935047728,1109.5083004052,951.8877179931
1763,63.9600000000,7544.2334460785,5029.1412468459,930.4637478382,731.2928167209,853.3356346735
1764,93.7800000000,13525.8785000164,9016.9102845932,1086.4759890134,1072.3719162046,2350.1203102052
1765,110.9900000000,9666.6603165129,6444.2552546753,755.8173576902,1269.3699648928,1197.2177392546
1766,30.6900000000,4483.0285573827,2988.4036925247,1097.0767788299,351.0285606092,46.5195254189
1767,29.3500000000,2561.6799524038,1707.9605128730,756.8108245191,335.7126778401,-238.8040628284
1768,161.8600000000,14074.7967891065,9383.2339892731,755.0768121019,1850.9882949177,2085.4976928138
1769,30.1900000000,2618.2000491273,1745.3707837456,753.8312137160,345.1920943920,-226.1940427263
1770,62.1400000000,7418.9669466527,4946.0564617570,938.4454697809,710.7532787443,823.7117363705
1771,188.6500000000,27129.2058251787,18086.1571490881,1084.0440787886,2157.0893866044,5801.9152106976
1772,128.3400000000,11156.0727250621,7437.4034942297,754.9124345824,1467.6325314167,1496.1242648333
1773,10.6700000000,1274.9527564057,849.9085435212,938.9903837852,122.0461421654,-635.9923130661
1774,71.0300000000,8451.3590729005,5634.2977521723,936.1820858981,812.3454331454,1068.5338016847
1775,8.4200000000,1227.8174731919,818.3787008466,1095.6242774865,96.3033939472,-782.4888990883
1776,138.2200000000,11962.9576867810,7975.0564823702,752.8992265782,1580.2274988102,1654.7744790225
1777,45.2700000000,3930.1534941118,2619.9377395423,754.3228133681,517.6476926085,38.2452485930
1778,51.2500000000,6109.6584537296,4073.0474579877,937.4569555241,586.1650674192,512.9889727986
1779,82.3300000000,9711.0184430213,6474.2967775487,930.4637478382,941.3279799974,1364.9299376370
1780,85.1900000000,12329.8528390057,8219.5515703764,1089.3723944003,974.2103845548,2046.7184896742
1781,51.5800000000,4495.4983045472,2997.2788832718,756.1438402539,589.9343653008,152.1412157207
1782,16.8100000000,1467.1836456528,978.0141167203,756.8108245191,192.2770056045,-459.9183011912
1783,269.9300000000,23395.2247715955,15596.8627887568,753.5492527343,3086.2706381719,3958.5420919325
1784,125.6300000000,10927.8952941180,7285.0833731419,755.2275891446,1436.6984778636,1450.8858539679
1785,26.1800000000,2284.2753333959,1523.1357466902,756.6624014288,299.4476842296,-294.9704989528
1786,74.9100000000,8922.6642573034,5948.6630862540,936.8966040123,856.7494772018,1180.3550898353
1787,75.4900000000,11029.5829905127,7352.6168410518,1097.2602780930,863.4497105312,1716.2561608367
1788,47.2400000000,4121.5373867645,2747.8557834380,756.6307199789,540.3304290102,76.7204543374
1789,5.9800000000,521.9368352768,347.8650794165,756.8108245191,68.4007432192,-651.1398118781
1790,193.1200000000,22870.1402976216,15246.4890843088,933.0839460749,2208.3222910795,4482.2449761584
1791,41.1200000000,3588.0566971305,2391.8391694856,756.6918581469,470.3336780381,-30.8080085401
1792,30.2600000000,4423.6878326992,2948.7554751854,1097.7350963539,346.1161745485,31.0810866114
1793,26.7600000000,3171.5338439362,2114.7272849362,933.6011095794,306.0072991297,-182.8018497091
1794,90.5300000000,13185.0019997524,8789.6892946218,1094.5951237908,1035.4064896165,2265.3110917233
1795,29.2800000000,2555.3382492393,1703.6024366651,756.7683859227,334.9101711799,-239.9427445285
1796,182.5000000000,26503.5208540066,17668.5943714851,1092.1959456200,2087.1608168915,5655.5697200100
1797,102.8000000000,8956.7345637595,5971.0998644510,755.9935047728,1175.7288246743,1053.9123698614
1798,4.6400000000,404.9633783331,270.0615877852,756.7903865069,53.0733469467,-674.9619429057
1799,14.7600000000,1749.3213578662,1166.0645776751,933.6011095794,168.7842950357,-519.1286244240
1800,62.9800000000,5486.3124698001,3657.3331748982,755.9089524359,720.2977404359,352.7726020301
1801,121.6700000000,17523.9382619116,11682.2279226747,1085.3172731391,1391.2567872692,3365.1362788287
1802,19.0200000000,2272.3195285308,1514.7914533701,938.8824522502,217.5543530001,-398.9087300896
1803,10.0200000000,874.0802402292,582.4640748879,756.5599770292,114.6075652429,-579.5513769308
1804,76.3500000000,10940.6293108986,7294.0789070332,1081.1023166841,872.9550743690,1692.4930128123
1805,439.3800000000,62530.7385217573,41687.4352627543,1075.4639149027,5023.0723762630,14744.7669678373
1806,6.5500000000,571.5050967816,380.7839366726,756.6624014288,74.9191112186,-640.8603525384
1807,56.4000000000,6735.3656464044,4490.0197689833,938.6129255746,645.1050187377,661.6279331089
1808,25.4900000000,2220.4843578152,1480.0359071081,755.9089524359,291.5273007893,-306.9878025180
1809,70.7400000000,6167.1043127570,4111.2857838156,756.2725330342,809.0857586490,490.4602372581
1810,259.8200000000,22503.9599758587,15002.6585767797,753.2396180813,2970.5656035120,3777.4961774857
1811,240.0300000000,34246.2941725621,22830.8517569597,1077.5309870471,2744.1904683795,7593.7209601758
1812,61.4100000000,5353.7160849082,3568.8596693048,756.2725330342,702.3742781826,326.2096043866
1813,101.3600000000,8826.0571639001,5883.7823536290,755.7180513530,1159.2191060625,1027.3376528556
1814,28.3100000000,2471.1017429122,1647.3994328665,756.8474066171,323.8184123281,-256.9635088996
1815,54.4400000000,4750.3357634189,3166.8485093189,756.6918581469,622.6888480641,204.1065478890
1816,26.4200000000,2303.8373159027,1536.0688732514,756.3829978112,302.1819161762,-290.7964713361
1817,41.3400000000,4931.5593677832,3287.4990118364,937.8995482845,472.8312041909,233.3296034714
1818,106.8100000000,15531.5791425577,10354.4565926599,1093.2784533794,1221.5641584846,2862.2799380338
1819,67.0000000000,5844.1545688187,3895.9150895572,756.5205193927,766.3341060541,425.3848538147
1820,108.8700000000,12967.7006767137,8645.1159038985,936.8966040123,1245.1517231740,2140.5364456289
1821,78.8500000000,11512.3265110752,7675.2812410016,1096.6652581846,901.8673600900,1838.5126517989
1822,194.3600000000,27730.3242735457,18487.1630236170,1077.5309870471,2222.0591569147,5943.5711059668
1823,5.5500000000,484.3113352682,322.7959249323,756.7192474217,63.4815456523,-658.6853827380
1824,17.8700000000,2135.1093927760,1423.6792993447,938.9383947274,204.4010150729,-431.9093163690
1825,109.5600000000,15970.1846084208,10647.0752879261,1095.3085042616,1253.0779470527,2974.7228691803
1826,45.6600000000,3984.8614911293,2656.7725388845,756.7683859227,522.2677054671,49.0528608550
1827,29.6500000000,2581.2167088698,1721.0365925349,755.6102914559,339.0921546347,-234.5223297558
1828,19.6800000000,2347.6799312524,1565.4757199221,937.8995482845,225.0923584537,-380.7876954080
1829,49.7200000000,4336.4915994062,2891.1568333618,756.4780410728,568.6854171677,120.1713078039
1830,83.5600000000,7284.7503021483,4856.4880159006,756.2725330342,955.7139665354,716.2757866781
1831,61.2600000000,5338.3406575116,3558.8933913226,756.0716187804,700.6406887651,322.7349586434
1832,199.7000000000,28802.7077890091,19201.4780161121,1086.4759890134,2283.5644238224,6231.1893600612
1833,213.7400000000,30784.6351943864,20522.8328371313,1085.3172731391,2444.0472237274,6732.4378603886
1834,36.1800000000,3157.1863261269,2104.6294305583,756.7192474217,413.8310489550,-117.9934008080
1835,70.1500000000,10236.2373135158,6824.4356476018,1096.1853728800,802.3490317849,1513.2672612491
1836,22.9700000000,3361.0616464027,2240.3694990452,1098.5078760990,262.7378640472,-240.5535927887
1837,58.5600000000,5109.5173232874,3406.2853971436,756.6624014288,669.8111683914,276.7583563234
1838,161.8700000000,14080.2229663208,9386.7309697921,755.2275891446,1851.1373287573,2087.1270786267
1839,23.9800000000,2864.6303577486,1909.8186091449,938.8222665727,274.2869320917,-258.2974500606
1840,59.3100000000,5170.6383487364,3447.1939987603,756.2725330342,678.3556169844,288.8161999575
1841,25.8000000000,2251.3932342199,1501.0010509350,756.7192474217,295.1034014107,-301.4304655475
1842,5.2000000000,621.3906134407,414.1007248703,939.0386843848,59.4790518236,-791.2278476381
1843,116.3900000000,16972.1705112599,11314.9750812699,1095.6242774865,1331.2057032678,3230.3654492358
1844,18.5100000000,1603.2187635792,1069.0730577278,753.2396180813,211.6279321107,-430.7218443406
1845,5.3400000000,465.9587247733,310.6718474332,756.6918581469,61.0793249203,-662.4843057271
1846,22.2600000000,1942.9407537066,1295.0921330912,756.8298005211,254.6160949219,-363.5972748276
1847,23.3400000000,2784.2911379792,1856.2069250505,937.8995482845,266.9540470686,-276.7693824244
1848,9.3700000000,1116.7335017746,744.4059308604,937.2848285391,107.1672160308,-672.1244736557
1849,54.0100000000,6453.6268391257,4302.3867721256,938.9903837852,617.7799567340,594.4697264809
1850,33.4800000000,4886.8309101228,3257.5205328400,1096.4346045105,382.9339408144,149.9418319578
1851,5.7600000000,500.5004112275,333.5698970497,754.7330514445,65.8670419651,-653.6695792318
1852,520.7100000000,74292.3294529634,49528.6459228708,1077.5309870471,5953.1201049447,17733.0324381007
1853,31.0200000000,2707.4382324895,1804.9065186121,756.8108245191,354.8145576354,-209.0936682771
1854,57.8600000000,5044.8469282636,3363.3253993250,756.3298557505,661.7761668314,263.4155063568
1855,43.2400000000,5162.4739422797,3441.5075500369,938.4454697809,494.5763079000,287.9446145620
1856,2.3800000000,207.6613939451,138.4668860627,756.6624014288,27.2225167481,-714.6904102946
1857,20.4100000000,2967.8825044434,1978.7758892068,1093.2784533794,233.4250021035,-337.5968402463
1858,229.3100000000,27106.8286829405,18071.2144515761,931.8958594654,2622.0098979182,5481.7084739809
1859,28.3500000000,2470.8681065125,1647.1027881905,756.1438402539,324.2465927933,-256.6251147252
1860,36.0900000000,5256.2324331278,3504.5706512319,1094.5951237908,412.7672617945,244.2993963106
1861,19.1200000000,1668.0365363232,1112.1882842683,756.5966414806,218.6933165367,-419.4417059625
1862,66.4900000000,9721.7038227047,6481.5450811101,1097.8712831691,760.5203550309,1381.7671033947
1863,19.3400000000,1687.4669575201,1125.0434492598,756.6624014288,221.2115436593,-415.4504368279
1864,11.2200000000,979.1476312419,652.7635214894,756.7447129152,128.3360874925,-558.6966906551
1865,307.1500000000,26583.8695810649,17722.3477386004,752.8992265782,3511.5531490345,4597.0694668518
1866,42.9300000000,3738.1869972991,2492.1283653216,755.7180513530,490.9754954939,-0.6349148694
1867,13.6700000000,1999.0334070761,1332.7097601331,1097.9977895315,156.3595647078,-588.0337072964
1868,26.4200000000,3156.9120734994,2104.9548383583,938.9903837852,302.1986013129,-189.2317499571
1869,137.1900000000,11904.2592760106,7936.4011155491,754.0882497416,1568.6779377061,1645.0919730137
1870,30.1200000000,2627.0138168567,1751.5767676571,756.4780410728,344.5053251225,-225.5463169958
1871,41.8400000000,6119.3324257403,4079.1899487167,1098.1153248667,478.5738238445,463.4533283124
1872,185.4900000000,22039.4390918603,14692.9001101228,935.2637903541,2121.2910803870,4289.9841109964
1873,11.5600000000,1380.9477454368,920.8054008377,938.8222665727,132.2250598407,-610.9049818143
1874,118.6800000000,14093.4937441839,9395.3564536466,934.9012987172,1357.2186209731,2406.0173708471
1875,40.8800000000,3566.8898254096,2378.1687681277,756.6624014288,467.5867582623,-35.5281024093
1876,27.3900000000,3974.7734127180,2649.5314461731,1091.5804976578,313.2410736582,-79.5796047711
1877,463.7300000000,65996.1294885851,43996.9884629069,1075.4639149027,5301.4460217680,15622.2310890074
1878,41.0700000000,3584.0992170326,2389.3018848775,756.7447129152,469.7649833614,-31.7123641215
1879,84.4500000000,10016.0119204769,6677.5960778551,934.0736028865,965.7282786204,1438.6139611148
1880,30.9500000000,4528.7269462849,3018.8978999634,1098.5078760990,354.0155373209,57.3056329016
1881,74.9800000000,10959.3565444599,7306.5775457767,1097.5884505866,857.6236578892,1697.5668902074
1882,74.6900000000,8883.0589132709,5922.3877841388,935.9015508839,854.1920077459,1170.5775705023
1883,12.3900000000,1479.7983870669,986.3616992796,938.6878670654,141.7177595061,-586.9689387842
1884,90.4800000000,13202.7762241897,8801.6085922341,1096.1853728800,1034.8758431347,2270.1064159410
1885,133.2800000000,11576.1477889963,7717.3215935584,754.5370947577,1524.0534121535,1580.2356885267
1886,118.3800000000,14095.7807661855,9397.5195082621,936.6776962357,1353.9035648269,2407.6799968609
1887,103.5600000000,12273.6937547845,8182.2158501269,933.6011095794,1184.2345253316,1973.6422697465
1888,26.8400000000,2342.2747257160,1561.6352188742,756.7447129152,307.0000524329,-283.1052585063
1889,62.0700000000,9072.3827782692,6048.3909559438,1097.5884505866,709.9586615788,1216.4447101600
1890,7.2200000000,862.4950451604,574.8943772426,938.8222665727,82.5834716306,-733.8050702855
1891,68.9000000000,5986.8885995787,3991.3363543531,754.7330514445,787.8887485066,452.9304452745
1892,11.8600000000,1416.6469407125,944.8008824801,938.7575205857,135.6560597182,-602.5675220716
1893,178.5000000000,15488.8131844004,10325.8552148542,754.0882497416,2041.0307739671,2367.8389458375
1894,238.8700000000,34605.8512609080,23070.2732771037,1090.1749041379,2731.7055274002,7713.6975522663
1895,59.8800000000,8737.6463340460,5825.2192132177,1096.1853728800,684.8846760268,1131.3570719215
1896,40.5900000000,3541.5865463155,2360.8604073699,756.6624014288,464.2697289107,-40.2059913939
1897,144.3600000000,17081.0206779234,11386.9617360518,932.5173167244,1650.7095406442,3110.8320845031
1898,42.9400000000,6276.2706057497,4183.8493830589,1097.5884505866,491.1491046914,503.6836674127
1899,289.9600000000,41550.0311065900,27699.6002665863,1081.1023166841,3315.2855712381,9454.0429520816
1900,16.6100000000,1442.6756810866,961.5832017533,754.5370947577,189.9349277901,-463.3795432145
1901,243.9400000000,21142.6337598007,14094.9426683580,753.5492527343,2789.1114714024,3505.0303673060
1902,38.0700000000,3320.0736639630,2213.4934955625,756.4322921394,435.4329488293,-85.2850725682
1903,62.2100000000,7395.3591640756,4930.4554903456,935.5962830805,711.4540778488,817.8533128007
1904,99.4300000000,8636.0772408456,5757.1712207536,754.5370947577,1136.9795225872,987.3894027471
1905,25.8800000000,2258.9086570498,1505.8565915814,756.8298005211,296.0226656145,-299.8004006672
1906,64.8500000000,7726.7606538728,5150.7774000879,937.0984891794,741.7001088217,897.1846557838
1907,103.3800000000,8999.8712769969,6000.1593930649,755.6102914559,1182.3051246589,1061.7964678172
1908,104.3900000000,9091.8341331721,6061.4971131989,755.8173576902,1193.8871126693,1080.6325496138
1909,9.6400000000,1407.0803456865,937.9238685886,1096.4346045105,110.2593545236,-737.5374819363
1910,44.1800000000,5271.3566076484,3514.3533987146,938.0257820855,505.3172492587,313.6601775896
1911,44.8800000000,5362.2669025062,3575.1179849359,938.9383947274,513.3473730537,334.8631497892
1912,46.3200000000,5521.9391136928,3681.4082793350,937.4569555241,529.7788472753,373.2950315583
1913,172.6000000000,14938.5508373492,9959.1888922352,752.8992265782,1973.2836513865,2253.1790671493
1914,7.1500000000,623.4126432265,415.5833108361,756.3298557505,81.7784236579,-630.2789470180
1915,30.6400000000,2672.1055178310,1781.3772354726,756.4322921394,350.4508944610,-216.1549042420
1916,55.7400000000,4856.5017955637,3237.7183832268,755.9935047728,637.5012129119,225.2886946522
1917,482.2900000000,68810.7537244718,45873.5907692044,1077.5309870471,5513.8758529965,16345.7561152238
1918,30.8800000000,3646.5410524189,2430.7700756796,931.2135751301,353.0815460360,-68.5241444268
1919,18.8700000000,1646.2264351684,1097.2595824661,756.5966414806,215.8338327954,-423.4636215737
1920,49.5300000000,4312.8907984212,2875.5327292172,755.7180513530,566.4574025580,115.1826152931
1921,57.7500000000,5038.1333667713,3358.9579055084,756.5966414806,660.5407442466,262.0380755356
1922,129.6900000000,18858.6321411695,12572.0502615986,1093.2784533794,1483.2380461929,3710.0653799986
1923,6.1800000000,737.8373950807,491.6439357196,938.4454697809,70.6864380856,-762.9384485054
1924,133.8200000000,15915.5301080989,10610.3976265724,935.9015508839,1530.4321124188,2838.7988182239
1925,160.1500000000,23301.1856333353,15533.7008862508,1093.7544670621,1831.6240573325,4842.1062226899
1926,40.3600000000,4823.2737569759,3215.7601464631,939.0835389281,461.6499866323,206.7800849524
1927,78.2200000000,6807.8276734563,4538.3418502238,755.4932545847,894.5497182018,619.4428504460
1928,63.3000000000,7558.4521019403,5038.9000694102,938.5322790142,724.0244740971,856.9952794189
1929,208.0100000000,18066.8855161249,12044.4460014481,754.5370947577,2378.5890625904,2889.3133573286
1930,85.2700000000,10169.9907758109,6780.2054335018,937.7632772109,975.2791867562,1476.7428783420
1931,52.3700000000,6239.7911402208,4159.4957117691,937.0984891794,598.9642975943,544.2326416780
1932,117.4000000000,13789.7698363637,9193.2437110692,927.7291392802,1342.1382333590,2326.6587526553
1933,21.7200000000,3098.9022598344,2065.9007390288,1077.5309870471,248.3181976136,-292.8476638552
1934,95.9400000000,8342.6171008704,5561.5524073612,755.0768121019,1097.1445509354,928.8433304718
1935,61.4100000000,7234.3282572463,4822.9372097656,929.6388554362,702.1108217677,779.6413702768
1936,45.2100000000,5332.6265493622,3555.0826055290,930.4637478382,516.9128868660,330.1673091290
1937,76.6900000000,11199.8141672208,7466.9821967874,1096.8788562489,877.1666058700,1758.7865083145
1938,60.2000000000,8758.8596636078,5839.1357605371,1093.7544670621,688.5030799339,1137.4663560747
1939,3.4400000000,300.1857645626,200.1334734580,756.7192474217,39.3471201881,-696.0140765051
1940,29.5000000000,2559.7758484023,1706.7529280751,754.0882497416,337.3132091430,-238.3785385574
1941,83.8600000000,7296.7094036703,4864.4006336019,755.3660261078,959.0353657947,717.9073781660
1942,25.6200000000,3054.2331626254,2036.5237289939,937.4569555241,293.0253468738,-212.7728687663
1943,206.5100000000,24434.7574133968,16289.9995861827,932.5173167244,2361.3745306070,4850.8659798827
1944,275.0700000000,23840.7160297958,15893.9458894950,753.5492527343,3145.0393229427,4048.1815646237
1945,202.2900000000,29306.3911398212,19537.6376815472,1090.1749041379,2313.3784532917,6365.2001008444
1946,367.7600000000,43196.9825810997,28798.1128298552,927.7291392802,4204.2994608186,9266.8411511456
1947,55.3100000000,6604.3915601630,4402.6466220890,938.5322790142,632.6349709685,630.5776880913
1948,94.2600000000,8203.8588148810,5469.2837682185,755.4932545847,1077.9884484492,901.0933436286
1949,89.6400000000,13049.0926702894,8699.2613698159,1094.1922130533,1025.2172358346,2230.4218515856
1950,97.7400000000,11648.8295051705,7765.7161923090,937.2848285391,1117.8787294397,1827.9497548828
1951,67.2600000000,5855.4008714530,3903.6239076133,755.6102914559,769.2188303788,426.9478420050
1952,153.2700000000,22204.7089327223,14803.4253528082,1090.1749041379,1752.7881533245,4558.3205224517
1953,84.0700000000,12238.2554751365,8158.3746525217,1094.1922130533,961.5128627467,2024.1757468147
1954,57.0900000000,4941.1463922611,3294.0450688051,752.8992265782,652.6927210756,241.5093758022
1955,54.7000000000,6530.6966846138,4353.7143705286,938.4454697809,625.6550426024,612.8818017019
1956,11.9100000000,1038.1746938008,692.3152616979,756.2106627622,136.2190429846,-546.5702736440
1957,174.9100000000,25434.2150344048,16956.0623609620,1093.2784533794,2000.4099518822,5384.4642681812
1958,160.9300000000,19121.2838053430,12747.8115008398,935.2637903541,1840.4192871135,3597.7892270357
1959,143.7200000000,16952.1143037898,11301.1162500962,930.4637478382,1643.2364543328,3077.2978515226
1960,53.2400000000,7789.4756454464,5192.7364575566,1098.4202960231,608.9739844402,889.3449074265
1961,128.5900000000,11158.0195371544,7438.5981781939,754.0882497416,1470.3425614814,1494.9905477374
1962,64.7600000000,9416.9559523644,6277.4959243803,1093.2784533794,740.6468954542,1305.5346791505
1963,142.3800000000,16886.6758701894,11258.0958667971,934.0736028865,1628.1870018943,3066.3193986115
1964,63.5900000000,5546.7132691221,3697.6805730584,756.5205193927,727.3311314027,365.1810452683
1965,29.0000000000,4242.4760100166,2827.9809107508,1098.3260134850,331.7092898590,-15.5402040781
1966,186.8800000000,27019.2588124584,18012.7701432286,1088.4939688877,2137.0669118837,5780.9277884584
1967,3.7600000000,444.4711344811,296.6546831996,931.8958594654,42.9931412331,-827.0725494171
1968,28.3100000000,2469.5819960967,1646.4317850165,756.5599770292,323.8064043938,-257.2161703428
1969,76.5000000000,9124.0095502467,6082.5889206906,937.7632772109,874.9719454304,1228.6854069148
1970,9.1700000000,1091.0736688512,727.4038673483,936.1820858981,104.8741042087,-677.3863886040
1971,76.1500000000,11066.3456020992,7377.4621052558,1092.7603591096,870.9010943830,1725.2220433508
1972,5.4000000000,470.6415440976,313.7338644172,756.1438402539,61.7612557701,-660.9974163437
1973,79.2900000000,9381.7825543956,6254.8099676904,932.5173167244,906.6553025608,1287.7999674200
1974,264.4400000000,22868.8243271024,15245.8869965942,752.5246171233,3023.1263580021,3847.2863553827
1975,53.4400000000,7726.3976398640,5150.4829621287,1088.4939688877,611.1133121311,876.3073967164
1976,54.5800000000,6451.9240744621,4301.4929063943,931.8958594654,624.0866086450,594.4486999574
1977,169.2800000000,24615.5389687499,16410.1931501463,1093.2784533794,1936.0207915763,5176.0465736478
1978,17.4600000000,1523.8492641587,1015.6664062356,756.7903865069,199.7113443297,-448.3188729136
1979,381.5700000000,54303.4591873707,36202.2464123919,1075.4639149027,4362.1779020681,12663.5709580080
1980,144.2500000000,12502.3568084416,8334.8314373780,753.5492527343,1649.2962603501,1764.6798579793
1981,72.6100000000,8591.3889680245,5727.8479557605,932.5173167244,830.2716801481,1100.7520153916
1982,127.9700000000,11123.9101342232,7415.9081084082,754.9124345824,1463.4013950865,1489.6881961460
1983,114.6500000000,16593.7038149079,11062.7926796261,1089.3723944003,1311.1071791197,3130.4315617618
1984,29.3600000000,3507.6393984050,2338.0476780278,938.8824522502,335.8252262924,-105.1159581654
1985,89.3400000000,13040.3068551484,8693.4448894987,1096.4346045105,1021.8434370478,2228.5839240914
1986,32.9500000000,4768.9711356408,3179.2605130701,1089.3723944003,376.8075146271,123.5307135433
1987,79.5300000000,9454.3146490746,6303.1391211804,935.5962830805,909.5313102606,1306.0479345530
1988,205.8300000000,24278.1358693923,16185.7419438718,930.4637478382,2353.3771179747,4808.5530597076
1989,37.7600000000,4509.3511845431,3006.0764188455,938.6129255746,431.9000976513,132.7617424718
1990,42.4200000000,5063.0872297665,3375.7182546622,938.2513041608,485.1924295345,263.9252414089
1991,45.0300000000,5379.2454132369,3585.7818783944,938.8222665727,515.0600730646,339.5811952052
1992,115.4500000000,16797.5140890950,11198.3425544547,1093.7544670621,1320.3933650892,3185.0237024889
1993,99.8700000000,11859.7676123327,7906.8246816037,934.9012987172,1142.1083895904,1875.9332424214
1994,17.9500000000,2624.5237421800,1749.3202315684,1097.8712831691,205.3141881908,-427.9819607482
1995,240.9000000000,34448.8323058452,22966.0292622190,1079.4039103234,2754.2500726890,7649.1490606138
1996,29.1200000000,2539.5467584608,1693.1902436176,756.4322921394,333.0656020465,-243.1413793426
1997,47.6200000000,5689.6423773918,3793.4458008099,938.9383947274,544.6880994835,412.5700823711
1998,113.7000000000,13550.9710941057,9033.9633337748,937.2848285391,1300.4175520492,2279.3053797425
1999,242.5700000000,21036.6606795898,14024.2073500962,753.8312137160,2773.5424424206,3485.0796733569
2000,68.7300000000,5991.8727652783,3994.6895162105,756.2725330342,786.0964686450,454.8142473886
2001,173.5900000000,20625.5120597123,13750.2802456241,935.2637903541,1985.2009199654,3954.7671037687
2002,35.6500000000,4257.8541161369,2838.4131878207,938.6878670654,407.7674032602,72.9856579907
2003,96.5900000000,14098.5363682425,9399.4090916622,1096.4346045105,1104.7667067881,2497.9259652817
2004,249.5100000000,35509.2279315482,23672.9203015641,1075.4639149027,2852.4438722777,7908.3998428038
2005,9.7700000000,844.9115628339,563.1175771656,752.5246171233,111.6924236790,-582.4230551340
2006,13.2700000000,1158.3016647278,772.3872750817,756.8474066171,151.7863063085,-522.7193232795
2007,19.7800000000,2892.5296848548,1928.7457835093,1097.9977895315,226.2466854368,-360.4605736228
2008,56.2100000000,6713.4356204223,4475.3538802422,938.6878670654,642.9342422792,656.4596308355
2009,30.3400000000,4434.6075961445,2955.9805423786,1097.5884505866,347.0298983777,34.0087048016
2010,24.0900000000,2875.7268914087,1917.3196205989,938.3519954833,275.5385475750,-255.4832722484
2011,99.0700000000,14406.0813187267,9603.8864277883,1093.2784533794,1133.0433590588,2575.8730785001
2012,39.6500000000,3459.3344069690,2306.0436770813,756.6307199789,453.5161200308,-56.8561101221
2013,19.3100000000,2300.0486825328,1533.4788924772,936.8966040123,220.8494514053,-391.1762653620
2014,18.8500000000,2252.3767064899,1501.6518825945,938.9903837852,215.6110384084,-403.8765982982
2015,84.1200000000,12251.4345324110,8167.9106306936,1094.5951237908,962.0942660614,2026.8345118652
2016,41.8000000000,4985.4065254943,3323.4764205835,937.7632772109,478.0892459999,246.0775816999
2017,8.2900000000,722.5219260313,481.8055774979,756.1438402539,94.8149648768,-610.2424565972
2018,19.6400000000,1713.5265511443,1142.2459335076,756.6307199789,224.6420327214,-409.9921350636
2019,51.6900000000,7557.7510993473,5038.8785953146,1097.8712831691,591.2362332914,829.7649875723
2020,44.7100000000,3899.5281458055,2599.9308165706,756.4780410728,511.3822405786,31.7370475835
2021,136.5500000000,19856.1663881309,13237.3283622802,1093.2784533794,1561.6944653222,3963.8651071490
2022,2.5500000000,222.5448270342,148.2709047897,756.7683859227,29.1673817114,-711.6618453896
2023,164.0500000000,23627.8628410176,15751.7127245675,1085.3172731391,1875.8582719776,4914.9745713335
2024,157.6000000000,13675.2770748544,9116.9052241344,754.0882497416,1802.0529410488,2002.2306599296
2025,192.5200000000,27587.2947601073,18391.8185938077,1081.1023166841,2201.1959517684,5913.1778978471
2026,191.0200000000,16598.1924570613,11065.3186538550,754.7330514445,2184.3615201704,2593.7792315915
2027,25.7600000000,3768.9123333340,2512.4276728869,1098.4202960231,294.6500721108,-136.5857076869
2028,45.6700000000,3986.4082161356,2657.4443310503,756.8474066171,522.3873857656,49.7290927026
2029,208.3700000000,18019.8794624048,12013.1749795325,752.5246171233,2382.1238814737,2872.0559842753
2030,27.8700000000,3330.4146916523,2219.9214116759,939.0386843848,318.7848412162,-147.3302456247
2031,134.1100000000,19428.9392246845,12952.9971837072,1090.1749041379,1533.6753392206,3852.0917976187
2032,114.0800000000,16555.0255904663,11036.2372836658,1091.5804976578,1304.6565054009,3122.5513037418
2033,140.6700000000,12243.1234828062,8162.3657452744,755.4932545847,1608.7485152064,1716.5159677407
2034,36.3900000000,4344.6444671498,2896.5528261068,938.4454697809,416.2264533876,93.4197178746
2035,99.5700000000,8635.1168894206,5756.6615323539,753.8312137160,1138.4821741840,986.1419691666
2036,51.4200000000,4484.3232939580,2989.5390238873,756.4322921394,588.1261420752,150.2258358561
2037,79.6100000000,11599.7322248687,7733.3853397041,1094.9662915433,910.5210318262,1860.8595617951
2038,24.0100000000,2092.6117544044,1394.9952185695,756.1438402539,274.6088427854,-333.1361472044
2039,36.2500000000,4332.1029160153,2888.3825026866,939.0835389281,414.6385534049,89.9983209957
2040,147.1900000000,12748.6639552253,8499.1308089358,753.2396180813,1682.8479377297,1813.4455904786
2041,45.8800000000,4002.8817803716,2668.8324798620,756.6307199789,524.7747689032,52.6438116275
2042,40.6400000000,4855.2610746314,3236.5730432256,938.8824522502,464.8479971568,214.9575819989
2043,58.4300000000,6973.9789447256,4649.6962166708,938.2513041608,668.3119674140,717.7194564799
2044,57.4200000000,8381.1777437052,5587.2023999794,1096.4346045105,656.7522963430,1040.7884428722
2045,119.8300000000,14165.1532034223,9443.5074151875,931.8958594654,1370.1776898850,2419.5722388843
2046,200.5500000000,23785.8045074202,15856.9912372208,934.0736028865,2293.3902460310,4701.3494212819
2047,28.5100000000,2487.0287074785,1658.0810665142,756.5599770292,326.0939805464,-253.7063166113
2048,6.4700000000,563.5038494264,375.7989025405,755.8173576902,73.9960687707,-642.1084795749
2049,30.6200000000,4378.6768169572,2919.4104994346,1079.4039103234,350.0835916386,29.7788155606
2050,64.0900000000,7646.9272291577,5097.5873540952,938.0257820855,733.0417045041,878.2723884730
2051,236.5600000000,33898.0388970028,22598.2199266980,1081.1023166841,2704.7315310115,7513.9851226092
2052,48.1500000000,4195.9043855563,2797.5380887014,756.0716187804,550.6994639902,91.5952140843
2053,10.5800000000,1546.4122731447,1030.8034711884,1097.5884505866,121.0143811745,-702.9940298049
2054,9.9700000000,1191.3970030776,794.0488126379,939.0386843848,114.0396435926,-655.7301375377
2055,51.8700000000,4521.4207697270,3014.2341393926,756.2106627622,593.2562350641,157.7197325080
2056,58.7200000000,5121.4558873116,3414.5195302039,756.4780410728,671.6252553518,278.8330606831
2057,28.4800000000,2485.1131987908,1656.9165196437,756.6918581469,325.7563995750,-254.2515785748
2058,120.5900000000,17485.6488225287,11657.3427395049,1090.9087661794,1379.0850794321,3358.3122374124
2059,255.8400000000,30211.4981493151,20140.6663413455,931.2135751301,2925.2714617178,6214.3467711216
2060,29.5600000000,2580.2107919634,1720.3171126820,756.8474066171,338.1162934800,-235.0700208156
2061,414.6500000000,48779.4661911428,32519.7314966359,928.7304688664,4740.5681694520,10590.4360561886
2062,70.4400000000,8395.1662609393,5596.8297764688,937.2848285391,805.6412697128,1055.4103862186
2063,96.7000000000,8416.2226543496,5610.5874521998,755.4932545847,1105.8930932001,944.2488543650
2064,8.6600000000,755.7002096257,503.5616428943,756.7192474217,99.0540874503,-603.6347681405
2065,10.4500000000,1248.4615706176,832.6648672252,938.8824522502,119.5290740721,-642.6148229298
2066,55.6800000000,6650.1351244461,4433.3810419750,938.6878670654,636.8720620905,641.1941533152
2067,22.8700000000,1994.6814738218,1329.5100766554,756.4780410728,261.5815665854,-352.8882104918
2068,28.7700000000,3433.8759924654,2289.2801956905,938.2513041608,329.0661527041,-122.7216600900
2069,118.9100000000,17318.3319097598,11545.2992824856,1094.5951237908,1359.9932141864,3318.4442892970
2070,11.9600000000,1043.5421309173,695.7961024653,756.6624014288,136.7988656756,-545.7152386524
2071,53.4200000000,7806.5960280812,5203.9918141710,1097.4304909789,611.0171786140,894.1565443173
2072,65.3000000000,9550.4877485860,6366.8873133208,1098.1153248667,746.9137355891,1338.5713748094
2073,11.3200000000,987.8205973399,658.5036868618,756.7192474217,129.4794768980,-556.8818138416
2074,83.7700000000,12236.6667400439,8157.2996141881,1097.0767788299,958.1512714967,2024.1390755292
2075,12.8000000000,1528.2069024325,1018.8283969128,938.4454697809,146.4055675560,-575.4725318172
2076,81.4200000000,7077.5085029964,4718.2371878134,754.9124345824,931.0787027267,673.2801778739
2077,299.2300000000,42958.5560500246,28639.2564973567,1082.6437912211,3421.3921962548,9815.2635651920
2078,9.7900000000,1165.2985959471,776.6557760457,936.4401288793,111.9662307983,-659.7635397762
2079,73.6200000000,8785.5574126691,5857.0651725304,938.1427889439,842.0478763453,1148.3015748495
2080,121.2100000000,14375.8532253523,9584.0979519629,934.0736028865,1386.0973907824,2471.5842797204
2081,10.8700000000,947.2373971131,631.5117626393,756.0716187804,124.3219766059,-564.6679609125
2082,165.9800000000,14409.6946532512,9606.4383783217,754.3228133681,1897.9271928244,2151.0062687371
2083,66.5100000000,9719.5189409898,6479.2470380394,1097.4304909789,760.7404071437,1382.1010048279
2084,140.0900000000,20295.2807097610,13529.7540156348,1090.1749041379,1602.0623239984,4073.2894659899
2085,96.8000000000,14129.1885334493,9419.5794974383,1096.4346045105,1107.1686221875,2506.0058093131
2086,27.0700000000,3956.6521960327,2637.6441762762,1097.5884505866,309.6275329296,-88.2079637598
2087,205.0700000000,17803.3261991941,11869.1118806537,754.3228133681,2344.9086000271,2834.9829051452
2088,48.8000000000,4255.3845956113,2836.8839551040,756.3829978112,558.1558481982,103.9617944979
2089,81.1800000000,9684.1797164160,6455.7236831074,937.8995482845,928.5059786215,1362.0505064026
2090,17.3600000000,1514.3745479420,1009.6043964724,756.5599770292,198.5616100416,-450.3514356011
2091,184.2600000000,26777.2139283362,17851.6366991376,1092.7603591096,2107.3176053974,5725.4992646916
2092,145.2200000000,12623.3822746885,8415.4435491067,754.9124345824,1660.6638321048,1792.3624588945
2093,12.4000000000,1811.3246696496,1207.5235850609,1097.0767788299,141.8297214583,-635.1054156994
2094,100.7800000000,14645.6508178537,9763.7523170793,1092.7603591096,1152.5858475630,2636.5522941018
2095,56.5200000000,8268.4394512462,5512.1661819718,1098.3260134850,646.4899676838,1011.4572881055
2096,43.4600000000,6311.4685825486,4207.7358150395,1092.1959456200,497.0301868609,514.5066350283
2097,118.4000000000,16997.9381623598,11332.0799090260,1082.6437912211,1353.7841661483,3229.4302959643
2098,225.7100000000,19585.3222624707,13056.6598997743,754.0882497416,2580.8462520567,3193.7278608981
2099,32.6900000000,2853.3123647201,1902.4265595301,756.8298005211,373.9173469450,-179.8613422761
2100,53.3300000000,7793.4437697036,5196.0709742712,1097.4304909789,609.9877599304,889.9545445231
2101,41.0200000000,4861.5963482161,3241.2642498087,933.6011095794,469.0739689948,217.6570198331
2102,81.1900000000,11862.3902901010,7908.0005257762,1097.2602780930,928.6459398335,1928.4835463984
2103,18.7000000000,1631.8237782911,1087.8222670217,756.7192474217,213.8927754411,-426.6105115933
2104,60.8800000000,5298.6518634623,3532.5920995332,755.4932545847,696.2437591936,314.3227501507
2105,73.2700000000,10705.2264633046,7137.0948141439,1097.2602780930,838.0574949082,1632.8138761595
2106,138.3200000000,12008.3682638734,8005.3653152681,754.3228133681,1581.6441096003,1667.0360256369
2107,173.3800000000,20474.0054296758,13649.7088865087,931.2135751301,1982.4248203277,3910.6581477092
2108,4.1800000000,364.8606600273,243.0589327180,756.8474066171,47.8121145719,-682.8577938798
2109,117.4000000000,13789.7698363637,9193.2437110692,927.7291392802,1342.1382333590,2326.6587526553
2110,226.8000000000,19657.0850894597,13104.6656658973,753.5492527343,2593.1396315244,3205.7305393037
2111,130.4800000000,15536.5557895918,10358.0093070159,936.6776962357,1492.2903965079,2749.5783898323
2112,53.0700000000,4629.8482731524,3086.5090976172,756.5966414806,607.0112086090,179.7313254456
2113,22.2400000000,2657.6398544078,1771.6680497029,939.0386843848,254.3873293379,-307.4542090178
2114,24.6300000000,3596.9673091492,2397.8221218011,1096.8788562489,281.7135676435,-179.4472365443
2115,113.8400000000,9878.1316129532,6585.2217141563,754.0882497416,1301.6859569099,1237.1356921453
2116,158.5500000000,23025.3875693302,15350.4436215328,1092.1959456200,1813.2566987296,4769.4913034477
2117,29.1600000000,2541.0710671407,1693.8679988550,756.0716187804,333.5077127716,-242.3762632665
2118,102.5900000000,14700.7093779317,9800.0201266274,1081.1023166841,1172.9726402032,2646.6142944169
2119,7.0800000000,1021.1475770966,681.1335107067,1086.4759890134,80.9596200334,-827.4215426569
2120,46.8500000000,4089.0870790501,2725.8935731329,756.8108245191,535.8820768929,70.5006045051
2121,250.4100000000,29570.2831909396,19713.2781961711,931.2135751301,2863.1849074764,6062.6065121620
2122,49.3600000000,7195.0375344254,4796.2060848913,1095.3085042616,564.5484434695,738.9745018030
2123,18.9100000000,2258.7515724176,1505.6185186046,938.7575205857,216.2947798712,-401.9192466439
2124,188.5600000000,27195.9868838035,18131.1253564302,1086.4759890134,2156.1788069902,5822.2067313696
2125,55.4400000000,4832.6116729066,3221.9287179020,756.2106627622,634.0876358580,220.3846563844
2126,102.9100000000,14994.7047263062,9996.1659038172,1094.9662915433,1177.0094132048,2726.5631177409
2127,19.0800000000,2273.9888168473,1516.3824517526,937.2848285391,218.2231037212,-397.9015671656
2128,100.5900000000,8759.0083871025,5839.5433885641,755.7180513530,1150.4128835717,1013.3340636137
2129,333.2800000000,48068.9356630993,32045.7099322952,1086.4759890134,3811.0483283501,11125.7014134406
2130,93.2000000000,11067.6914135317,7378.6359882982,934.9012987172,1065.8305988768,1688.3235276395
2131,39.3300000000,4690.8143217151,3127.5167259737,937.7632772109,449.8385178271,175.6958007033
2132,171.2300000000,24866.8376757893,16577.6999009193,1092.1959456200,1958.2714886375,5238.6703406126
2133,59.4500000000,5185.1252128861,3456.7261993041,756.4780410728,679.9748200045,291.9461525048
2134,5.6800000000,831.1201633247,554.4914510137,1098.5078760990,64.9695719542,-886.8487357422
2135,63.8500000000,5567.1184993023,3711.2556130483,756.3298557505,730.2870420357,369.2459884679
2136,25.4500000000,3005.3260940434,2003.3819305052,931.2135751301,290.9949917946,-220.2644033864
2137,52.4600000000,7517.2942193810,5011.8824391885,1081.1023166841,599.8064597432,824.5030037652
2138,11.8000000000,1029.5118789971,686.0659537734,756.6307199789,134.9682273988,-548.1530221541
2139,20.3300000000,2970.9490312784,1980.2099749509,1097.4304909789,232.5342426286,-339.2256772801
2140,46.9700000000,6849.2383272951,4566.3159395062,1095.6242774865,537.2173888005,650.0807215020
2141,59.5000000000,5162.9377281335,3441.9517382847,754.0882497416,680.3435913224,286.5541487847
2142,51.6700000000,4485.7749291089,2990.4339855382,754.3228133681,590.8296062974,150.1885239053
2143,22.4400000000,1957.9502857679,1305.0504011414,756.6624014288,256.6694436254,-360.4319604277
2144,50.9600000000,6080.3153627380,4053.9308902345,938.0257820855,582.8648035813,505.4938868367
2145,101.6100000000,14756.2890628801,9837.5304934950,1092.1959456200,1162.0625238594,2664.5000999056
2146,96.0200000000,14001.7854840723,9334.2614140035,1095.6242774865,1098.2246896449,2473.6751029374
2147,25.6400000000,3751.3552883029,2500.8496651777,1098.4202960231,293.2774786072,-141.1921515051
2148,2.5400000000,221.1738870985,147.4632168829,755.7180513530,29.0490975671,-711.0564787044
2149,24.2700000000,2880.3817912349,1920.4336109619,934.5057179604,277.5453226100,-252.1028602974
2150,21.3300000000,2544.9985613658,1696.8292167531,938.0257820855,243.9659784221,-333.8224158949
2151,12.4400000000,1481.7506789595,988.0132461598,936.8966040123,142.2769122466,-585.4360834592
2152,44.6100000000,5325.2875311641,3550.1337491089,938.3519954833,510.2438608269,326.5579257450
2153,108.1600000000,9353.6985297965,6236.0057619448,752.5246171233,1236.5048664404,1128.6632842880
2154,23.5800000000,3434.2466271309,2289.2759899176,1094.5951237908,269.6883356363,-219.3128222138
2155,56.3800000000,8249.7455648317,5500.1071201559,1098.5078760990,644.8916314750,1006.2389371018
2156,64.6900000000,9456.9849933017,6304.2358434998,1097.7350963539,739.9291252988,1315.0849281492
2157,45.6100000000,5441.9777020110,3627.9486600872,938.0257820855,521.6731493592,354.3301104790
2158,62.7600000000,5472.7036315690,3648.7401764020,756.3829978112,717.8250211664,349.7554361894
2159,66.3200000000,7870.9073092170,5246.8989728066,934.5057179604,758.4180385453,931.0845799047
2160,50.3700000000,6015.2547448474,4009.9204498211,938.6129255746,576.1336842875,490.5876851642
2161,21.4900000000,1874.3202830096,1249.3174053651,756.4780410728,245.7974580639,-377.2726214921
2162,43.0900000000,6302.1518696259,4201.6300893575,1098.1153248667,492.8715599776,509.5348954242
2163,65.6900000000,7837.8319501228,5225.3820231393,938.0257820855,751.3420123088,923.0821325891
2164,225.3500000000,19504.0697056584,13002.8094821253,752.8992265782,2576.3584637309,3172.0025332241
2165,127.6600000000,15205.8112279716,10137.4275777857,936.8966040123,1460.0539081509,2671.4331380227
2166,196.9400000000,17105.3912482363,11403.3905336126,754.5370947577,2252.0038939789,2695.4597258870
2167,26.5800000000,3169.4403300794,2112.9126361860,937.6160751321,304.0076260233,-185.0960072620
2168,123.0500000000,14475.6139269749,9650.5786259609,928.7304688664,1406.7934722080,2489.5113599395
2169,194.1100000000,22835.1192146696,15223.4479733468,928.7304688664,2219.2009824486,4463.7397900077
2170,73.8400000000,8806.7564077152,5870.9524505120,937.7632772109,844.5480843213,1153.4925956711
2171,344.8000000000,49584.6815188000,33056.6317640896,1084.0440787886,3942.5625258479,11501.4431500740
2172,62.9600000000,7516.8677013398,5011.2140917921,938.4454697809,720.1323854159,847.0757543509
2173,71.5300000000,10434.2483867648,6956.5903085878,1095.9158827522,818.1273628318,1563.6148325930
2174,198.4800000000,28494.5166086585,18996.6866838582,1082.6437912211,2269.4179163608,6145.7682172184
2175,146.5800000000,17406.6760450158,11604.1455347423,934.9012987172,1676.2816435983,3191.3475679581
2176,60.0600000000,5239.6587014421,3493.3162217287,756.5966414806,686.9623740165,302.7834642163
2177,2.4700000000,294.9708004720,196.4042669300,938.6129255746,28.2519396504,-868.2983316830
2178,37.8500000000,3299.7582448099,2200.1208756794,756.2725330342,432.9077744539,-89.5429383576
2179,105.5800000000,15352.7209612512,10235.0477027940,1093.2784533794,1207.4968996611,2816.8979054168
2180,99.4700000000,11835.2342247137,7890.4826288627,936.1820858981,1137.6038326760,1870.9656772769
2181,41.9800000000,5016.8739424641,3344.2247914894,939.0835389281,480.1800406052,253.3855714414
2182,42.2800000000,5049.1358072691,3366.1509082171,938.6129255746,483.6000034083,260.7719700691
2183,22.7500000000,3314.8336655667,2209.5386684869,1094.9662915433,260.1978831057,-249.8691775692
2184,53.0900000000,6327.3619646972,4218.3002748755,937.2848285391,607.2046423772,564.5722189053
2185,267.5300000000,23171.7512598779,15448.1056841663,753.2396180813,3058.7153256392,3911.6906319912
2186,59.2800000000,7025.7296811860,4684.0221171016,933.6011095794,677.8816402246,730.2248142804
2187,38.6200000000,4580.4426331417,3053.6665259613,934.0736028865,441.6391488493,151.0633554446
2188,146.5800000000,21314.6603381342,14209.6578940456,1093.2784533794,1676.4055271105,4335.3184635987
2189,58.7100000000,6990.7356714204,4660.5584553170,936.6776962357,671.4620568591,722.0374630086
2190,27.5800000000,3291.3022744012,2193.8602495952,938.1427889439,315.4534152350,-156.1541793730
2191,5.3600000000,640.5103246235,426.9079637838,939.0386843848,61.3091764951,-786.7455000403
2192,27.2200000000,3251.6779957430,2168.0338802793,938.8222665727,311.3465509398,-166.5247020487
2193,25.7300000000,3763.6451910083,2508.6307776142,1098.2245360874,294.3054346852,-137.5155573785
2194,20.2500000000,2414.6413349928,1609.4451720948,937.6160751321,231.6085186972,-364.0284309313
2195,65.7600000000,9585.6091625570,6390.7562754179,1095.3085042616,752.1212650437,1347.4231178338
2196,72.5800000000,6326.6766814495,4217.7975943444,756.2106627622,830.1241091373,522.5443152055
2197,3.2400000000,387.0476379944,258.2152711344,938.8222665727,37.0596188481,-847.0495185608
2198,5.6800000000,495.4866032437,330.0629757698,756.5599770292,64.9671627325,-656.1035122878
2199,27.1500000000,3244.5957012363,2163.1788614095,939.0835389281,310.5499786191,-168.2166777204
2200,63.9500000000,5576.4722313390,3717.9324679899,756.3829978112,731.4357887761,370.7209767617
2201,32.3600000000,2823.3054579953,1882.1914124464,756.6307199789,370.1332066632,-185.6498810932
2202,15.6500000000,1866.9304331351,1244.9259296523,937.8995482845,178.9987504980,-494.8937952997
2203,53.3400000000,4645.6406999081,3096.8613264908,755.8173576902,610.0386875158,182.9233282112
2204,38.4300000000,3353.8814521265,2236.1673191750,756.7683859227,439.5695996737,-78.6238526448
2205,61.1600000000,5327.7686670843,3552.0861770594,755.9089524359,699.4825310425,320.2910065465
2206,458.5900000000,65713.9907751798,43809.2223925492,1081.1023166841,5243.3329083808,15580.3331575657
2207,29.4100000000,3513.9097505060,2342.4755244809,938.9383947274,336.3980891602,-103.9022578625
2208,106.6700000000,15404.5797766434,10269.9493122891,1087.5315179624,1219.7981538926,2827.3007924992
2209,140.4300000000,12218.8993746414,8145.6599700861,755.3660261078,1605.9782544544,1711.8951239931
2210,104.1400000000,12390.8846100502,8260.3490020906,936.1820858981,1191.0130002501,2003.3405218113
2211,94.2600000000,8199.1833990572,5466.1686370275,755.2275891446,1077.9527065464,899.8344663387
2212,43.1500000000,6304.4973644274,4202.6795247049,1097.2602780930,493.5468937531,511.0106678764
2213,25.1000000000,2983.8211705240,1988.9905671281,935.5962830805,287.0518783798,-227.8175580644
2214,99.4500000000,14469.5779658770,9646.5722290517,1093.7544670621,1137.4025132795,2591.8487564836
2215,92.7200000000,10907.5897871524,7271.9148801255,928.7304688664,1060.0397459824,1646.9046921782
2216,36.0700000000,5264.8742810074,3509.6506050412,1096.4346045105,412.5575640734,246.2315073823
2217,198.1700000000,17195.6196568775,11463.6905002376,754.0882497416,2265.9443612160,2711.8965456822
2218,49.5700000000,4325.1156713687,2883.5729022568,756.6624014288,566.9832584898,117.8971091933
2219,49.7600000000,7271.7375207285,4847.5540186798,1097.4304909789,569.1541521496,757.5988589202
2220,24.5000000000,2137.2221442730,1425.0954365591,756.5599770292,280.2280786877,-324.6613480029
2221,42.2400000000,3683.7381551300,2456.0077231640,756.4322921394,483.1281260454,-11.8299862188
2222,155.7300000000,22645.1907112678,15096.6953616211,1093.2784533794,1781.0522086022,4674.1646876651
2223,7.8300000000,682.2104244576,454.5258499530,755.9935047728,89.5521079494,-617.8610382177
2224,75.2000000000,10984.8076740038,7323.3264906928,1097.0767788299,860.1286333598,1704.2757711213
2225,13.9900000000,1671.7797465452,1114.2297854758,939.0386843848,160.0215259639,-541.5102492793
2226,78.3100000000,6817.3720226507,4545.1011830127,755.6102914559,895.5921291549,621.0684190272
2227,9.6400000000,1407.0803456865,937.9238685886,1096.4346045105,110.2593545236,-737.5374819363
2228,125.1600000000,14795.2146786308,9863.7682163870,931.8958594654,1431.1227544522,2568.4278483263
2229,63.8300000000,5563.1573629168,3708.7824686466,756.1438402539,730.0409177423,368.1901362740
2230,53.7500000000,6379.0902875515,4252.3887099871,934.5057179604,614.6708319030,577.5250277010
2231,53.2300000000,4627.0667847519,3084.5878653814,754.9124345824,608.7118563761,178.8546284119
2232,10.8600000000,941.8235353933,627.7210713471,753.8312137160,124.1731084829,-563.9018581527
2233,42.0300000000,4968.3834527233,3312.6439623956,931.8958594654,480.5855654333,243.2580654291
2234,359.5100000000,51612.5738914692,34408.3153601335,1082.6437912211,4110.6329862499,12010.9817538647
2235,64.1600000000,7661.1419725196,5107.0700816232,938.5322790142,733.8611415177,881.6784703646
2236,40.2500000000,4773.7653025363,3182.4355963332,934.0736028865,460.2790197095,196.9770836071
2237,48.3700000000,5774.9506148952,3850.2235929845,938.4454697809,553.2529142720,433.0286378579
2238,39.5600000000,4714.8321590398,3143.0472636327,937.2848285391,452.4583848643,182.0416820037
2239,34.6100000000,4133.1738479088,2755.1154111016,938.6129255746,395.8702960729,43.5752151598
2240,23.3700000000,2790.8775736963,1860.3848617537,938.6129255746,267.3068136152,-275.4270272472
2241,33.1900000000,2895.0371662551,1929.7523340797,756.5205193927,379.6213280587,-170.8570152760
2242,32.0600000000,3830.8327432396,2554.1293017736,938.9903837852,366.7103390648,-28.9972813841
2243,33.1700000000,4743.3282174549,3162.6947077208,1079.4039103234,379.2381689958,121.9914304149
2244,4.2600000000,621.6161219612,414.5685206487,1096.1853728800,48.7242605189,-937.8620320865
2245,81.8200000000,7122.9393295017,4748.4964166759,755.6102914559,935.7342358250,683.0983855449
2246,27.1100000000,3238.8318832003,2159.2834692450,938.8824522502,310.0893012530,-169.4233395479
2247,45.3600000000,3958.4791936839,2639.1635198974,756.7447129152,518.8346638733,43.7362969981
2248,37.0100000000,5412.9180945661,3608.7620399389,1098.1153248667,423.3273714265,282.7133583340
2249,33.6200000000,2934.3672913055,1956.0282334406,756.8108245191,384.5540112090,-163.0257778632
2250,35.9900000000,3139.5357131586,2092.9875757639,756.5599770292,411.6493286519,-121.6611682863
2251,1.7600000000,153.6135167370,102.6487119590,756.8108245191,20.1313224190,-725.9773421602
2252,16.3400000000,1949.9593605408,1300.0653330935,938.1427889439,186.8929951030,-475.1417565996
2253,59.4700000000,8665.1937622527,5776.7456754416,1094.9662915433,680.1744223427,1113.3073729251
2254,147.1000000000,17278.3231936039,11519.2451319421,927.7291392802,1681.6740555972,3149.6748667844
2255,21.6800000000,2589.3485901220,1726.1329737394,938.6878670654,247.9774839462,-323.4497346290
2256,39.2400000000,3424.3986675520,2283.1106899941,756.7447129152,448.8331616046,-64.2898969619
2257,136.2600000000,11834.9782242545,7889.9134502833,754.5370947577,1558.1296364048,1632.3980428086
2258,99.8400000000,14509.0472083203,9672.6725380021,1092.7603591096,1141.8353941326,2601.7789170759
2259,53.4600000000,4664.8227390223,3110.0590318311,756.6918581469,611.4795337528,186.5923152914
2260,12.0600000000,1441.1482304028,960.5429185136,939.0386843848,137.9456471140,-596.3790196096
2261,22.4100000000,3277.5869899818,2184.5898777487,1098.1153248667,256.3298133928,-261.4480260264
2262,71.3300000000,6192.5745247404,4128.3867410969,754.3228133681,815.6352974103,494.2296728651
2263,26.1200000000,2279.7642370286,1519.7712076149,756.8108245191,298.7671259006,-295.5849210061
2264,27.7200000000,2419.1931785831,1612.8243316918,756.7683859227,317.0665964859,-267.4661355174
2265,222.4800000000,19240.1150971629,12826.5670354384,752.5246171233,2543.4319774933,3117.5914671079
2266,57.7700000000,5037.5731165669,3358.1325517328,756.3829978112,660.7512981641,262.3062688587
2267,10.4800000000,1251.5360279134,834.7181344525,938.6129255746,119.8705779498,-641.6656100635
2268,101.3200000000,12075.5003628389,8050.6122893049,937.2848285391,1158.8241545614,1928.7790904336
2269,147.9700000000,17605.9073914838,11737.0929104332,936.1820858981,1692.2814830710,3240.3509120814
2270,248.8900000000,29497.8721381644,19664.9873692664,933.6011095794,2846.1194574139,6053.1642019047
2271,17.0100000000,1484.7000099079,990.0383115922,756.8298005211,194.5651291384,-456.7332313438
2272,18.6400000000,2715.9780011500,1810.2244512905,1094.9662915433,213.1907051029,-402.4034467866
2273,67.9000000000,8090.1626584111,5393.7385982052,937.0984891794,776.5834601233,982.7421109032
2274,56.5500000000,4933.0576432098,3288.9804762004,756.5599770292,646.8121571343,240.7050328459
2275,63.5500000000,7582.4968858320,5054.9891310804,938.0257820855,726.8653506200,862.6166220461
2276,275.1000000000,39728.1325260579,26485.6587527456,1087.5315179624,3145.8373688560,9009.1048864940
2277,58.7300000000,8584.1959169929,5722.4751525533,1097.5884505866,671.7556338734,1092.3766799795
2278,25.5600000000,3052.4103886897,2034.9664323582,938.6129255746,292.3561042364,-213.5250734795
2279,112.3400000000,13371.7716311228,8914.1536086438,936.4401288793,1284.8096392113,2236.3682543884
2280,247.4000000000,29104.1599799559,19403.0999838862,928.7304688664,2828.4494516397,5943.8800755636
2281,408.7700000000,58321.2834600600,38881.3113447991,1077.5309870471,4673.3439060096,13689.0972222042
2282,138.1300000000,16428.1286342228,10951.8213125759,935.9015508839,1579.7234171903,2960.6823535727
2283,54.1000000000,6463.3273655896,4309.1582959224,938.8824522502,618.8060198372,596.4805975798
2284,15.7800000000,1377.3926352227,918.2226347125,756.8474066171,180.4964516615,-478.1738577684
2285,20.5900000000,1797.1765552030,1198.0295535233,756.8298005211,235.5141686631,-393.1969675046
2286,227.0400000000,26709.0076065044,17805.9971831110,928.7304688664,2595.6797231216,5378.6002314055
2287,22.4500000000,1956.3458661628,1304.3373789093,756.0716187804,256.7643399082,-360.8274714351
2288,167.5100000000,19801.4254619483,13201.1334023826,931.8958594654,1915.3673106287,3753.0288894716
2289,40.6500000000,5911.0447724461,3940.4933655757,1093.2784533794,464.9057489224,412.3672045687
2290,30.6500000000,2674.2948421919,1782.7611580579,756.6624014288,350.5756883743,-215.7044056691
2291,118.1300000000,14055.4561070216,9369.9481217744,936.1820858981,1351.0117699207,2398.3141294282
2292,16.6400000000,1439.0305430456,959.3855018377,752.5246171233,190.2315179139,-463.1110938293
2293,198.6700000000,23507.1098509493,15671.3920069606,932.5173167244,2271.7266863382,4631.4738409261
2294,44.4600000000,5302.6596680257,3535.1128907622,937.7632772109,508.5131071089,321.2703929436
2295,9.5000000000,1128.1445110360,752.2687450109,934.9012987172,108.6415310014,-667.6670636935
2296,110.3300000000,9541.3605657586,6361.1430013150,752.5246171233,1261.3127026107,1166.3802447096
2297,6.1300000000,720.0280161577,479.9685471643,927.7291392802,70.0792791354,-757.7489494222
2298,86.4500000000,12590.7812093073,8394.0119630311,1094.5951237908,988.7428590229,2113.4312634625
2299,130.3100000000,11312.9733116349,7542.2450077732,754.3228133681,1490.0523707491,1526.3531197445
2300,47.9100000000,5714.1346085270,3809.4564632160,937.7632772109,547.9726262166,418.9422418835
2301,30.5600000000,3626.8837058153,2417.6887423717,934.5057179604,349.4761046132,-74.7868591299
2302,5.6000000000,817.3910721830,544.6009559547,1096.4346045105,64.0510773166,-887.6955655988
2303,68.1600000000,5943.5863532145,3962.4118982671,756.3829978112,779.5881683031,445.2032888330
2304,105.6500000000,9186.9657776418,6124.7475878535,755.0768121019,1208.1855514522,1098.9558262342
2305,6.3800000000,556.7398772993,371.2153136721,756.7192474217,72.9751822093,-644.1698660037
2306,36.2900000000,4304.0979584856,2869.7107111444,934.0736028865,414.9944254723,85.3192189824
2307,83.6500000000,9927.6446986732,6618.6372663508,934.5057179604,956.5993504872,1417.9023638747
2308,71.5400000000,6213.6675632112,4142.2045613987,754.5370947577,818.0580815236,498.8678255312
2309,30.3800000000,2647.3847400457,1764.6917479361,756.0716187804,347.4610532923,-220.8396799631
2310,94.4500000000,13655.6560083299,9103.8266411681,1088.4939688877,1080.0833145731,2383.2520837011
2311,8.5800000000,748.8658940928,498.9867942450,756.8108245191,98.1401967928,-605.0719214641
2312,1.4000000000,122.1752837557,81.2050313815,756.7447129152,16.0134155516,-731.7878760926
2313,53.7500000000,7834.9527446387,5223.0935374732,1095.3085042616,614.7584853421,901.7922175618
2314,44.3400000000,5298.1635631704,3531.7443103835,938.9903837852,507.1720659430,320.2568030586
2315,22.2100000000,3245.0263375187,2163.5095778067,1097.2602780930,254.0365355795,-269.7800539605
2316,89.8000000000,13114.3996898739,8743.3894099135,1096.8788562489,1027.1164585621,2247.0149651495
2317,32.1300000000,4688.3863846509,3125.2088479672,1096.1853728800,367.4907254633,99.5014383405
2318,30.0500000000,2620.9085390619,1747.3561007471,756.4780410728,343.7046819367,-226.6302846947
2319,56.5200000000,6748.8738199315,4499.2208060574,938.5322790142,646.4749332696,664.6458015904
2320,52.6100000000,4587.6185158834,3058.2992881852,756.3829978112,601.7331797891,171.2030500979
2321,86.9700000000,7557.0348549399,5038.0556864745,754.7330514445,994.5237221716,769.7223948494
2322,62.9800000000,5486.3124698001,3657.3331748982,755.9089524359,720.2977404359,352.7726020301
2323,3.0700000000,267.9265172529,178.5302731141,756.7683859227,35.1152399427,-702.4873817266
2324,19.8900000000,1735.2116478802,1156.9743896751,756.5966414806,227.5005264600,-405.8599097356
2325,24.5000000000,2138.4568043941,1425.4333113680,756.8298005211,280.2378403228,-324.0441478179
2326,88.1700000000,10356.4225423525,6904.1629476704,927.7291392802,1007.9755369273,1516.5549184746
2327,5.5500000000,482.6091818827,321.8258174242,755.0768121019,63.4683370616,-657.7617847049
2328,74.7500000000,6518.2376746300,4345.2759117202,756.3829978112,854.9620830495,561.6166820491
2329,53.7500000000,7786.9322446260,5190.8114873483,1090.1749041379,614.6823464552,891.2635066845
2330,53.4400000000,4662.7835682458,3108.5815921087,756.6624014288,611.2484432862,186.2911314221
2331,60.8000000000,7258.9827865543,4839.4348853358,938.4454697809,695.4264458908,785.6759855467
2332,86.8700000000,12676.0076325747,8450.8198439928,1096.1853728800,993.5860355118,2135.4163801900
2333,7.7100000000,921.1915734920,614.0469821455,938.9383947274,88.1886864136,-719.9824897944
2334,90.2200000000,10757.9724070641,7172.3479720532,937.6160751321,1031.8874349069,1616.1209249720
2335,25.1000000000,3664.6721043499,2443.4415935773,1096.6652581846,287.0877709354,-162.5225183475
2336,13.6100000000,1621.1114743279,1080.6394879873,936.8966040123,155.6582617103,-552.0828793820
2337,69.5500000000,6054.7595987148,4036.6130988546,755.6102914559,795.4084099441,467.1277984601
2338,8.4400000000,736.4591080686,491.0619523944,756.6918581469,96.5373599864,-607.8320624591
2339,105.8000000000,9212.6760846550,6141.8429831741,755.7180513530,1209.9978435420,1105.1172065859
2340,16.2200000000,1414.0575622408,942.9089467197,756.2725330342,185.5155641121,-470.6394816251
2341,172.6600000000,14973.7800755987,9982.2960614222,753.8312137160,1974.1923490471,2263.4604514134
2342,331.7800000000,39084.9280115483,26056.3880423699,929.6388554362,3793.2963433655,8305.6047703767
2343,381.7200000000,44905.5777993079,29937.1822868717,928.7304688664,4364.0894287790,9675.5756147909
2344,49.9300000000,4357.2942270864,2904.6415071060,756.7447129152,571.1070274954,124.8009795698
2345,69.6300000000,8312.0325217431,5541.6721937309,938.3519954833,796.4196375112,1035.5886950176
2346,290.1000000000,41841.0892818805,27894.0390098926,1086.4759890134,3317.2861259433,9543.2881570312
2347,3.3700000000,402.6479380893,268.3612736784,938.9383947274,38.5468058643,-843.1985361808
2348,40.0800000000,3496.8505178138,2331.1874554919,756.6307199789,458.4344537411,-49.4021113981
2349,33.0700000000,2884.0251134032,1922.4764224408,756.4322921394,378.2444869395,-173.1280881165
2350,10.7300000000,1566.6108238914,1044.4515047056,1096.6652581846,122.7271626350,-697.2331016338
2351,44.0400000000,6438.1762112383,4292.4002114152,1097.7350963539,503.7328594552,544.3080440140
2352,40.9000000000,5871.7539766935,3914.7185140272,1082.6437912211,467.6501046914,406.7415667538
2353,96.2600000000,14036.7826567049,9357.9825357672,1095.6242774865,1100.9696794961,2482.2061639550
2354,46.5500000000,4057.6853061652,2705.3550226351,756.2106627622,532.4094417242,63.7101790438
2355,62.0000000000,7389.2718367155,4925.9454190267,937.2848285391,709.1107143980,816.9308747517
2356,395.1800000000,46553.6857303143,31035.9141225824,929.6388554362,4518.1591686394,10069.9735836563
2357,20.6900000000,2944.5149529227,1963.1202201297,1075.4639149027,236.5318573100,-330.6010394197
2358,6.9700000000,832.9588227483,555.2987881779,939.0835389281,79.7249853030,-741.1484896606
2359,123.6200000000,17873.0777739518,11915.7119340059,1088.4939688877,1413.6569544470,3455.2149166111
2360,17.3200000000,2519.9908533835,1679.7513831682,1093.7544670621,198.0875970840,-451.6025939308
2361,106.5700000000,12668.7578542925,8446.2064223818,935.5962830805,1218.7696684833,2068.1854803468
2362,10.7800000000,1288.0965992552,858.7158859411,938.9903837852,123.3043498166,-632.9140202877
2363,100.7800000000,8782.2065207968,5854.7632573666,756.0716187804,1152.6374243184,1018.7342203314
2364,139.2800000000,20285.0665914671,13523.6859404391,1094.5951237908,1592.9682522234,4073.8172750138
2365,137.5500000000,11904.9691058945,7936.5296394602,752.8992265782,1572.5675912411,1642.9726486150
2366,98.4800000000,8560.4647184363,5707.0249356011,754.9124345824,1126.1683940620,972.3589541908
2367,17.9100000000,2600.9756629877,1733.7429978635,1092.1959456200,204.8276724960,-429.7909529918
2368,28.1600000000,4117.9795715627,2745.7839279125,1097.9977895315,322.0984156673,-47.9005615486
2369,70.2700000000,10256.7983289823,6837.7675580976,1096.4346045105,803.7266433999,1518.8695229743
2370,65.8500000000,7863.8976563073,5242.9027922150,938.6129255746,753.1944234730,929.1875150447
2371,15.6100000000,2281.1861474793,1520.8012607623,1097.4304909789,178.5469516691,-515.5925559310
2372,182.4400000000,15838.6835313842,10559.1430108825,754.3228133681,2086.1419270929,2439.0757800407
2373,121.0500000000,14418.4822900357,9612.5455407633,936.8966040123,1384.4550022064,2484.5851430537
2374,103.4900000000,8995.9635835802,5997.2126441910,754.9124345824,1183.4602670743,1060.3782377324
2375,33.8300000000,4029.5518865916,2686.1610129970,936.8966040123,386.9154293651,19.5788402172
2376,54.4500000000,6483.4876053286,4322.2040943923,936.6776962357,622.7407425648,601.8650721358
2377,15.4900000000,1851.0270388839,1233.7640153353,939.0386843848,177.1789447592,-498.9546055954
2378,105.7100000000,9206.7993698403,6138.0487414941,755.8173576902,1208.9836831140,1103.9495875420
2379,79.0100000000,9421.2746606311,6280.9629536622,937.6160751321,903.6735339392,1299.0220978976
2380,57.1400000000,4985.9328714503,3323.8547117852,756.6918581469,653.5716527991,251.8146487192
2381,28.4300000000,2476.5935775868,1651.0622785961,755.9089524359,325.1518698093,-255.5295232546
2382,87.9700000000,10481.4669964716,6987.5640578551,937.0984891794,1006.1273488519,1550.6771005853
2383,12.3500000000,1474.4808785188,983.2878714391,938.4454697809,141.2584968216,-588.5109595228
2384,116.6800000000,16751.0086552714,11167.2496558038,1082.6437912211,1334.1177069779,3166.9975012685
2385,173.7300000000,15047.3903725884,10031.4688583456,753.2396180813,1986.2842055967,2276.3976905649
2386,71.6400000000,8542.4644562411,5694.9598397200,937.6160751321,819.3794705911,1090.5090707979
2387,6.3200000000,924.2056424814,616.1271252877,1097.9977895315,72.2891330617,-862.2084053995
2388,35.5300000000,3101.0728691281,2067.2310047295,756.8108245191,406.4010713342,-129.3700314547
2389,48.2200000000,6922.6400184881,4615.2470902215,1082.6437912211,551.3468960445,673.4022410009
2390,160.3100000000,18885.1190835231,12589.7451839335,929.6388554362,1832.8510965246,3532.8839476288
2391,104.5200000000,15198.5830163855,10132.6972257660,1093.2784533794,1195.3738961222,2777.2334411179
2392,140.9800000000,20359.4043021579,13573.1493834932,1087.5315179624,1612.1415930982,4086.5818076041
2393,3.0100000000,359.6047203406,239.9203854717,938.8824522502,34.4289486083,-853.6270659896
2394,18.7700000000,1638.2532438371,1092.0682411192,756.8108245191,214.6959782984,-425.3218000996
2395,61.4300000000,5358.3047039184,3572.2668993551,756.5205193927,702.6254348493,326.8918503213
2396,19.1200000000,2280.4060470682,1520.6472301727,937.7632772109,218.6857986487,-396.6902589641
2397,59.4400000000,8673.4418519655,5782.6993649461,1096.1853728800,679.8521232972,1114.7049908423
2398,28.0200000000,2445.1177683271,1630.1194209079,756.7192474217,320.4960196716,-262.2169196740
2399,15.6000000000,2282.1595088365,1521.8371850227,1098.3260134850,178.4367214414,-516.4404111125
2400,337.9500000000,39907.6602546945,26604.9120371090,931.2135751301,3864.1162073466,8507.4184351088
2401,5.1100000000,743.4845993528,495.9265988401,1093.7544670621,58.4427032967,-904.6391698462
2402,49.8500000000,4338.6628678317,2892.5695309119,755.4932545847,570.1010413239,120.4990410112
2403,134.9100000000,19628.8663989589,13086.0631564914,1093.7544670621,1542.9559886027,3906.0927868027
2404,129.2900000000,11198.2795215102,7465.6935197989,753.2396180813,1478.1942378495,1501.1521457804
2405,16.0100000000,1912.1527180744,1274.9249623668,938.6878670654,183.1235940027,-484.5837053605
2406,27.6000000000,3290.2746014232,2193.1794004549,937.4569555241,315.6713338687,-156.0330884246
2407,33.9600000000,4053.9512342151,2702.8021748442,938.3519954833,388.4304307035,24.3666331841
2408,528.8400000000,75262.3145337660,50175.0432733151,1075.4639149027,6045.7954287016,17966.0119168466
2409,154.7700000000,22422.0186697817,14947.6145607901,1090.1749041379,1769.9420792721,4614.2871255815
2410,28.4600000000,4162.9748206800,2775.6385088950,1098.2245360874,325.5317789017,-36.4200032040
2411,9.1100000000,795.1245099284,530.3516784547,756.8108245191,104.2024700212,-596.2404630667
2412,48.5400000000,7093.4513516110,4728.7414201828,1097.4304909789,555.1998099948,712.0796304545
2413,26.3100000000,2295.2950455368,1530.1919347316,756.5966414806,300.9320689373,-292.4255996127
2414,195.2700000000,23124.7529821695,15416.6033279273,933.0839460749,2232.9074864286,4542.1582217387
2415,139.0800000000,16361.3846807287,10907.8723201882,928.7304688664,1590.0596189735,2934.7222727005
2416,89.0500000000,7755.7987312863,5170.7145293993,755.8173576902,1018.4466652285,810.8201789684
2417,255.3900000000,36783.4190244893,24522.1541079569,1085.3172731391,2920.3013964057,8255.6462469877
2418,214.2900000000,25276.0129011907,16850.5134879951,930.4637478382,2450.1053423252,5044.9303230321
2419,70.3500000000,10284.4163592329,6856.2196270320,1097.7350963539,804.6686344840,1525.7930013629
2420,26.4300000000,3857.7939353209,2571.7267364526,1096.4346045105,302.2982095497,-112.6656151920
2421,36.1100000000,4312.3059129728,2875.1402408921,938.6129255746,413.0273444436,85.5254020625
2422,23.6700000000,2066.0889528340,1377.3339520688,756.8474066171,270.7446774922,-338.8370833441
2423,10.6300000000,1269.9661718340,846.7778310765,938.8824522502,121.5879480752,-637.2820595679
2424,97.8100000000,14257.4274968021,9504.5235766039,1095.3085042616,1118.6888828151,2538.9065331215
2425,28.1700000000,2457.5621981289,1638.4250227980,756.5966414806,322.2066279728,-259.6660941224
2426,46.3700000000,6780.9201964973,4520.4979300998,1097.9977895315,530.3871993784,632.0372774876
2427,21.6400000000,3146.7406857499,2098.1847790728,1093.2784533794,247.4922609269,-292.2148076292
2428,54.0500000000,7902.8138309097,5268.8689046443,1097.8712831691,618.2301878390,917.8434552573
2429,45.8800000000,4003.4056727711,2669.1054419260,756.6918581469,524.7789189783,52.8294537199
2430,27.1400000000,3241.0961638904,2160.4469362301,938.6129255746,310.4281951869,-168.3918931012
2431,91.2600000000,13307.6748935268,8871.6995396120,1095.6242774865,1043.7823909289,2296.5686854993
2432,57.5500000000,5021.3921098905,3347.4369705670,756.6624014288,658.2587558218,259.0339820728
2433,2.7000000000,322.4742247846,215.1107961195,938.6878670654,30.8828047350,-862.2072431353
2434,108.8000000000,15870.9104498813,10580.7494532230,1095.9158827522,1244.4045446121,2949.8405692941
2435,39.7600000000,4737.3323608016,3158.4955755256,937.0984891794,454.7416550000,186.9966410966
2436,50.2900000000,4380.8614497657,2920.6041900266,755.9089524359,575.1631210943,129.1851862089
2437,96.0300000000,8369.5754592026,5579.9808742780,756.1438402539,1098.3209984458,935.1297462249
2438,71.3300000000,6192.5745247404,4128.3867410969,754.3228133681,815.6352974103,494.2296728651
2439,240.1300000000,28459.6570233333,18973.2541452219,933.6011095794,2745.9466644252,5806.8551041068
2440,42.0800000000,3672.9086664859,2448.7502216692,756.8298005211,481.3227886034,-13.9941443079
2441,83.4700000000,9942.2611875199,6627.9221929888,936.8966040123,954.6506322525,1422.7917582663
2442,19.4100000000,1694.1127044688,1129.1358315488,756.8108245191,222.0164591780,-413.8504107772
2443,78.7200000000,6853.0650698897,4568.5698638200,755.6102914559,900.2810931819,628.6038214319
2444,94.2100000000,13754.9306354901,9170.0925688372,1096.6652581846,1077.5513505908,2410.6214578775
2445,15.6800000000,1855.2951248950,1237.2151584443,932.5173167244,179.2956885377,-493.7330388114
2446,42.9200000000,6260.8407767363,4173.9541851527,1095.9158827522,490.8992927826,500.0714160488
2447,77.9700000000,11124.3742725270,7416.0539349753,1077.5309870471,891.4074524832,1739.3818980214
2448,12.1600000000,1452.8780199304,968.8296829406,938.9383947274,139.0887713087,-593.9788290463
2449,56.6500000000,8273.1708511287,5515.9025995805,1096.8788562489,647.9526434025,1012.4367518969
2450,114.3800000000,16537.1512359214,11024.8175837999,1088.4939688877,1307.9929012268,3115.8467820071
2451,119.8100000000,17470.8802212738,11647.0707859612,1095.6242774865,1370.3218086477,3357.8633491783
2452,67.5700000000,9872.4191637163,6581.7111294196,1097.2602780930,772.8612656060,1420.5864905978
2453,111.6300000000,13182.1041995311,8788.1687351495,931.2135751301,1276.3760681346,2186.3458211169
2454,602.4800000000,85742.4537862177,57161.4417037767,1075.4639149027,6887.6613529312,20617.8868146071
2455,24.8100000000,2960.2163294649,1973.7176663488,938.0257820855,283.7691478974,-235.2962668669
2456,18.1900000000,1583.1550163663,1055.6216391546,755.4932545847,208.0268393517,-435.9867167248
2457,52.1100000000,6204.8583859261,4136.6549287240,936.6776962357,595.9783304876,535.5474304788
2458,22.8400000000,1993.4845012914,1328.7305492468,756.8108245191,261.2496613924,-353.3065338669
2459,83.0800000000,12110.2860283643,8073.1950591232,1095.3085042616,950.2164644134,1991.5660005660
2460,78.5500000000,6808.0424769712,4538.7695946118,753.5492527343,898.1089861386,617.6146434864
2461,37.6100000000,5486.2586582724,3657.8200654832,1095.9158827522,430.1659459822,302.3567640548
2462,41.9700000000,3658.4543995651,2439.0799219820,756.2106627622,480.0263000895,-16.8624852686
2463,233.3600000000,20197.3361726756,13465.1315970453,752.8992265782,2667.9343736243,3311.3709754278
2464,235.4500000000,33958.9261338116,22639.5804987268,1086.4759890134,2692.3647650925,7540.5048809789
2465,2.9500000000,426.9640318707,284.3241109250,1089.3723944003,33.7354224021,-980.4678958567
2466,49.7300000000,5905.5396351387,3937.4066228229,934.9012987172,568.7098249157,464.5218886830
2467,21.4200000000,3125.5909231006,2083.4725653114,1096.1853728800,244.9938169755,-299.0608320664
2468,58.6100000000,8561.4305554969,5707.5035639207,1097.0767788299,670.3741915056,1086.4760212407
2469,449.4300000000,64122.4513184793,42748.2537537505,1077.5309870471,5138.1974011740,15158.4691765076
2470,32.8500000000,3915.1222554210,2610.0158563500,937.2848285391,375.7143059351,-7.8927354031
2471,35.8200000000,5237.3504426121,3491.6710598238,1097.8712831691,409.7133270748,238.0947725444
2472,4.1000000000,357.8641999190,238.4966240810,756.8298005211,46.8969447071,-684.3591693903
2473,22.7200000000,2714.9989879562,1810.0897664434,939.0386843848,259.8777033524,-294.0071662245
2474,15.1700000000,1812.7876165183,1208.1495375082,939.0386843848,173.5186954162,-507.9193007910
2475,83.1200000000,9908.9719155903,6605.6474799416,937.4569555241,950.6739591002,1415.1935210244
2476,34.7500000000,5073.5998257433,3382.4897354227,1096.6652581846,397.4621529883,196.9826791477
2477,44.1000000000,3849.0659591485,2566.2177989745,756.8108245191,504.4268856132,21.6104500417
2478,193.3400000000,22804.9107952597,15203.0361829939,930.4637478382,2210.5715007007,4460.8393637269
2479,213.3300000000,18463.7372545290,12309.3263097452,752.8992265782,2438.9374354014,2962.5742828041
2480,199.8100000000,23713.6005647565,15809.2838330970,934.5057179604,2284.9744915823,4684.8365221168
2481,161.7800000000,19142.1967669330,12761.6452454343,932.5173167244,1849.9015619660,3598.1326428083
2482,50.9500000000,6042.8159543907,4028.6323444911,934.0736028865,582.6389081789,497.4710988342
2483,219.7100000000,19029.8862531595,12686.3336183696,753.2396180813,2511.9812514342,3078.3317652746
2484,42.1500000000,3675.0829247548,2450.0085883014,756.3298557505,482.0923856195,-13.3479049166
2485,215.7300000000,31253.4863838728,20835.3405533842,1090.1749041379,2467.0776297820,6860.8932965686
2486,101.1600000000,8755.4102126665,5836.8167008651,752.8992265782,1156.5317159575,1009.1625692657
2487,75.6200000000,6583.1908102777,4388.6433109640,755.6102914559,864.8279505388,574.1092573189
2488,8.9500000000,779.6522166515,519.6570518291,755.9089524359,102.3605077310,-598.2742953445
2489,33.2900000000,3978.3643054938,2652.1733166706,939.0835389281,380.7811708372,6.3262790579
2490,56.1400000000,4888.4653628784,3258.9370931128,755.7180513530,642.0536761479,231.7565422647
2491,50.2600000000,7326.2274408473,4884.0946780699,1095.3085042616,574.8420739218,771.9821845940
2492,47.1400000000,4088.1732466334,2725.2280658484,753.8312137160,538.9981891236,70.1157779454
2493,46.8000000000,4083.6832058781,2722.5543619145,756.6918581469,535.3019487399,69.1350370769
2494,23.5900000000,2058.1512903001,1372.1319075468,756.6307199789,269.8220749439,-340.4334121696
2495,43.2900000000,6334.3647659022,4223.0965057002,1098.5078760990,495.1642200524,517.5961640506
2496,39.8300000000,5821.7014025852,3880.6718915329,1097.5884505866,455.5768244029,387.8642360629
2497,11.7600000000,1026.4175891063,684.3247463932,756.8108245191,134.5138361635,-549.2318179696
2498,21.2200000000,1848.8512397177,1232.8235382287,755.9935047728,242.6942184785,-382.6600217623
2499,443.6000000000,63565.9877185934,42377.2559813525,1081.1023166841,5071.9433004595,15035.6861200973
2500,119.8900000000,14280.3126125765,9519.9192989358,936.8966040123,1371.1880232510,2452.3086863775
2501,25.0200000000,3655.5857255614,2437.0567658052,1097.2602780930,286.1771328320,-164.9084511689
2502,55.6700000000,4846.4193653552,3230.8550578042,755.6102914559,636.6698228841,223.2841932110
2503,69.1700000000,10020.8763415959,6680.7666364946,1090.1749041379,791.0247051964,1458.9100957669
2504,26.8300000000,3924.0365435615,2616.3524789557,1098.1153248667,306.8866083592,-97.3178686201
2505,63.6800000000,5525.6449500427,3683.7417364287,754.0882497416,728.1391579060,359.6758059663
2506,65.9000000000,5748.6914003099,3832.6136127624,756.5599770292,753.7563422661,405.7614682522
2507,42.4600000000,5072.2354040871,3381.1584559861,938.8222665727,485.6640173734,266.5906641549
2508,14.5100000000,1732.3657933043,1155.0670778953,938.4454697809,165.9644363466,-527.1111907186
2509,33.0000000000,4813.7871768942,3209.0077875098,1095.9158827522,377.4388784209,131.4246282112
2510,71.9400000000,10482.1597319062,6987.9988009374,1094.9662915433,822.7971740934,1576.3974653321
2511,12.0100000000,1753.4945009260,1169.0191153586,1096.6652581846,137.3674951767,-649.5573677939
2512,77.4300000000,6743.7562691016,4495.6683526136,755.8173576902,885.5510981318,606.7194606660
2513,323.3600000000,38184.7640774020,25456.3063969527,931.2135751301,3697.2943240349,8099.9497812844
2514,60.1800000000,5246.4848394362,3497.8880281539,756.2725330342,688.3062051951,304.0180730530
2515,181.1300000000,15688.3314233981,10459.0980814367,753.2396180813,2070.8896457707,2405.1040781094
2516,41.7600000000,5995.2187302377,3997.1336406383,1082.6437912211,477.4833342766,437.9579641017
2517,52.1200000000,6210.0040906684,4140.0588159197,937.0984891794,596.1050065040,536.7417790653
2518,81.1100000000,11831.7053914511,7887.8757853826,1095.9158827522,927.6990129916,1920.2147103247
2519,40.2000000000,3505.8303465016,2336.9552841597,756.4322921394,459.7952335944,-47.3524633919
2520,101.6200000000,8853.9237973661,5902.6096678827,755.9935047728,1162.2331047023,1033.0875200082
2521,76.2300000000,11132.6357278295,7421.3962248901,1096.8788562489,871.9052075299,1742.4554391606
2522,1.4600000000,127.4178225372,84.7262313084,756.7683859227,16.6997558034,-730.7765504973
2523,57.8300000000,8432.8603889180,5621.9058579894,1095.6242774865,661.4281795685,1053.9020738735
2524,55.7400000000,8118.1046224036,5412.3006428298,1094.5951237908,637.5075414915,973.7013142915
2525,31.5800000000,2754.3524680058,1835.9901058575,756.4780410728,361.2044544279,-199.3201333524
2526,33.0500000000,2860.4814900023,1907.0787240450,752.8992265782,377.8506644167,-177.3471250377
2527,310.3500000000,44818.7056687098,29878.9460986189,1087.5315179624,3548.9299433822,10303.2981087463
2528,142.1700000000,16788.4955123832,11192.2270517557,931.2135751301,1625.5700582881,3039.4848272094
2529,32.2100000000,2810.0134327914,1873.5520761836,756.5966414806,368.4158852326,-188.5511701054
2530,28.4800000000,4167.3067344166,2778.0581788160,1098.5078760990,325.7629241647,-35.0222446632
2531,41.5200000000,4948.4284945230,3299.2806071466,937.2848285391,474.8754332549,236.9876255824
2532,374.3600000000,43972.2166604864,29315.0020344936,927.7291392802,4279.7518657604,9449.7336209521
2533,12.3300000000,1799.7199857173,1200.1391436779,1096.4346045105,141.0267470204,-637.8805094915
2534,49.0400000000,4271.9714753730,2848.2468790125,755.9089524359,560.8669607967,106.9486831280
2535,145.3500000000,12629.8150645684,8419.7642979437,754.7330514445,1662.1136370891,1793.2040780911
2536,147.1200000000,12778.2327634839,8518.6409283528,754.5370947577,1682.3134603543,1822.7412800191
2537,28.5000000000,3405.9291891431,2270.9234023992,939.0835389281,325.9916902632,-130.0694424474
2538,60.6400000000,5290.6440968120,3527.3129141649,756.6307199789,693.5994330055,313.1010296628
2539,64.6000000000,9216.8087470213,6144.7304032653,1077.5309870471,738.5522820369,1255.9950746720
2540,35.7200000000,3117.6561465031,2078.6364171694,756.8108245191,408.5743390953,-126.3654342807
2541,134.4800000000,19463.7705104999,12975.5185167577,1089.3723944003,1537.8778320804,3861.0017672615
2542,201.9300000000,28989.8112595043,19326.3471903025,1082.6437912211,2308.8651745805,6271.9551034001
2543,49.1800000000,4271.5707402674,2847.7656359616,754.5370947577,562.3720498928,106.8959596552
2544,90.4400000000,13177.7387566527,8784.9127783213,1094.9662915433,1034.3866614541,2263.4730253340
2545,2.8000000000,333.8763327397,222.8462545977,937.6160751321,32.0248815976,-858.6108785877
2546,29.3600000000,4289.6881255988,2859.8115108939,1097.2602780930,335.8177705815,-3.2014339696
2547,9.1600000000,1084.7684606784,722.9855353787,933.0839460749,104.7443671618,-676.0453879370
2548,17.0700000000,1489.1937068534,992.7586698503,756.5966414806,195.2455498578,-455.4071543353
2549,29.5800000000,3534.4988317226,2355.9640973257,938.9903837852,338.3434756562,-98.7991250445
2550,50.7100000000,6049.3317740756,4032.9636403708,937.8995482845,580.0017020928,498.4668833275
2551,369.5200000000,52841.5629458527,35227.5533598445,1079.4039103234,4224.7840882525,12309.8215874323
2552,26.6600000000,2326.1566229310,1550.8291239028,756.6624014288,304.9379397083,-286.2728421089
2553,41.3000000000,3604.9629806525,2403.5827791004,756.8474066171,472.4019932586,-27.8691983235
2554,60.5800000000,5285.4092906477,3523.7209458205,756.6307199789,692.9131538831,312.1444709651
2555,33.2500000000,3971.6282275455,2647.4634353987,938.7575205857,380.3173680971,5.0899034640
2556,168.8400000000,24536.3334400320,16357.9283222710,1092.7603591096,1930.9644225296,5154.6803361218
2557,71.2200000000,8480.3303443802,5653.7922244829,936.6776962357,814.5380291178,1075.3223945438
2558,103.9700000000,9011.2307616893,6007.6804815952,753.5492527343,1188.7510030405,1061.2500243192
2559,36.0200000000,3140.9621543836,2094.2200253938,756.3829978112,411.9830666414,-121.6239354628
2560,142.6000000000,16959.7563399709,11306.3766788104,935.9015508839,1630.8445615821,3086.6335486945
2561,31.0000000000,4531.8679052767,3021.3849203870,1097.7350963539,354.5803506610,58.1675378748
2562,6.3500000000,756.3598722984,504.2984277274,936.8966040123,72.6252727304,-757.4604321716
2563,50.8500000000,7426.1383544553,4950.6365480532,1096.8788562489,581.6132730276,797.0096771256
2564,6.9200000000,826.5764611914,550.7128138520,938.7575205857,79.1517650295,-742.0456382758
2565,358.8000000000,51308.5970582700,34205.7596850424,1079.4039103234,4102.2205316762,11921.2129312281
2566,44.9200000000,3920.9427867049,2614.2338541227,756.8474066171,513.8086570744,36.0528688907
2567,137.2800000000,16302.2819447385,10867.8825077104,934.9012987172,1569.9273027232,2929.5708355877
2568,243.6500000000,21142.0130665499,14094.9345976867,754.0882497416,2785.9784205999,3507.0117985217
2569,98.2700000000,11682.0759532826,7787.8785586141,935.5962830805,1123.8481310111,1834.7529805768
2570,183.1700000000,15894.0387170119,10596.0910951328,754.0882497416,2094.4291701263,2449.4302020112
2571,7.1300000000,852.0221295831,567.7875918325,939.0386843848,81.5549306735,-736.3590773078
2572,9.9100000000,1425.1281724226,949.9032116118,1084.0440787886,113.3143695799,-722.1334875577
2573,122.4800000000,14588.8121510415,9725.7553918858,936.8966040123,1400.8099848843,2525.3501702592
2574,62.7500000000,7495.3284595032,4996.8346137582,938.7575205857,717.7417999426,841.9945252166
2575,227.1200000000,32478.2847376652,21652.2945374735,1079.4039103234,2596.7010232840,7149.8852665844
2576,47.1000000000,5628.3649794338,3752.5210016598,939.0386843848,538.7429501716,398.0623432176
2577,36.9900000000,4387.1199637471,2924.8974555894,934.0736028865,422.9992779890,105.1496272821
2578,121.2700000000,17669.8847746492,11779.7694072945,1094.9662915433,1386.9976828233,3408.1513929881
2579,17.5200000000,2093.6083745155,1395.9890415731,939.0386843848,200.3986515288,-441.8180029712
2580,96.7700000000,14105.8302716035,9404.0794701140,1095.3085042616,1106.7940209592,2499.6482762687
2581,30.5800000000,2657.1705859959,1771.3711774362,754.7330514445,349.6899554330,-218.6235983178
2582,18.8400000000,2244.7520542631,1496.6409804029,937.0984891794,215.4761765644,-404.4635918835
2583,53.6300000000,6396.3481330684,4264.0829547110,937.7632772109,613.3953651429,581.1065360036
2584,196.3100000000,23312.2156801546,15541.5521575652,934.9012987172,2244.9914685139,4590.7707553582
2585,6.6400000000,579.5872685601,386.1936375408,756.8474066171,75.9503446789,-639.4041202767
2586,95.1500000000,8256.3617618807,5504.2781930421,754.0882497416,1087.9780288122,910.0172902848
2587,24.7700000000,2159.7106535273,1440.0444956880,756.3298557505,283.3079096511,-319.9716075623
2588,72.8700000000,8684.7780442171,5789.8239066919,937.2848285391,833.4338348094,1124.2354741767
2589,41.9600000000,6137.6817805950,4092.0487189301,1098.2245360874,479.9477667855,467.4607587919
2590,119.4600000000,17251.6274502467,11501.1420661015,1087.5315179624,1366.0550057562,3296.8988604266
2591,1.1400000000,99.4462548764,66.0125951540,756.5599770292,13.0391840696,-736.1655013763
2592,10.6100000000,1267.9617086599,845.3802446888,939.0835389281,121.3604152173,-637.8624901742
2593,217.7200000000,31541.7839683715,21027.5928306934,1090.1749041379,2489.8351715392,6934.1810620010
2594,30.9100000000,3691.3147540844,2460.5090107065,938.6129255746,353.5495767585,-61.3567589552
2595,57.5600000000,8420.5834185019,5614.0214266387,1098.3260134850,658.3857491133,1049.8502292650
2596,57.6200000000,5027.1588532043,3351.3064652911,756.6307199789,659.0567171797,260.1649507546
2597,143.1500000000,17032.4095633636,11354.8976580977,936.1820858981,1637.1568176090,3104.1730017587
2598,67.5300000000,5888.6500356892,3925.5093427536,756.3829978112,772.3824678038,434.3752273206
2599,15.1700000000,1812.7876165183,1208.1495375082,939.0386843848,173.5186954162,-507.9193007910
2600,302.0000000000,43429.7384532413,28953.0498899268,1084.0440787886,3453.1725139387,9939.4719705873
2601,3.5100000000,417.7934700484,278.2050541059,936.4401288793,40.1431532280,-836.9948661647
2602,53.2300000000,6358.1885880375,4238.9729433196,938.7575205857,608.8509324454,571.6071916868
2603,252.8400000000,29888.3195856905,19925.3062215737,931.8958594654,2891.0600610075,6140.0574436439
2604,176.3000000000,20860.2379157516,13907.2148365864,932.5173167244,2015.9330286476,4004.5727337932
2605,33.1600000000,3961.2653320661,2640.6165463176,938.8222665727,379.2891854946,2.5373336811
2606,36.5400000000,5342.6238183430,3561.3650929540,1097.8712831691,417.9487708351,265.4386713848
2607,10.9500000000,955.4169175204,636.9476758886,756.6624014288,125.2464531060,-563.4396129030
2608,28.6100000000,3417.3919876715,2278.6374224519,938.7575205857,327.2445083085,-127.2474636747
2609,228.6200000000,19847.8394482847,13232.0087855671,754.3228133681,2614.1951730540,3247.3126762955
2610,69.2300000000,10104.9971298626,6736.9155292171,1096.4346045105,791.8314433268,1479.8155528081
2611,34.9400000000,4175.2669295418,2783.4399238706,939.0386843848,399.6534751379,53.1348461485
2612,62.9200000000,7498.9190962280,4999.4669924451,937.2848285391,719.6330024181,842.5342728258
2613,10.0200000000,1196.8636042107,798.2809595286,938.7575205857,114.6099256641,-654.7848015678
2614,167.1900000000,14507.4211557418,9671.5999257588,754.0882497416,1911.7083198855,2170.0246603559
2615,147.5500000000,21376.0344687361,14250.7000555442,1090.1749041379,1687.3745157110,4347.7849933428
2616,6.8300000000,594.8580048814,396.6766193483,755.8173576902,78.1133152556,-635.7492874127
2617,91.8500000000,10936.7922231301,7290.9907450860,936.6776962357,1050.4818586699,1658.6419231384
2618,62.5000000000,5452.0973068190,3634.5758273006,756.5599770292,714.8675476727,346.0939548165
2619,36.7100000000,4371.1447197725,2914.2133666736,936.6776962357,419.8496356208,100.4040212424
2620,45.6800000000,5456.3602235874,3637.7360181051,938.7575205857,522.4931541256,357.3735307710
2621,13.3200000000,1591.5998795992,1061.2847615990,938.9903837852,152.3575083077,-561.0327740927
2622,66.2700000000,7890.9223802594,5260.8645795381,936.6776962357,757.9252343392,935.4548701464
2623,40.1100000000,3474.0737226991,2316.3249584102,753.2396180813,458.5843520779,-54.0752058701
2624,65.5700000000,9480.1626730142,6319.7817967742,1088.4939688877,749.8259707417,1322.0609366106
2625,40.6700000000,4816.3245956104,3210.9063482993,933.0839460749,465.0604162086,207.2738850275
2626,17.2700000000,1505.5964303267,1003.7417819920,756.2725330342,197.5248947112,-451.9427794106
2627,66.9900000000,9789.6643190033,6526.7720774382,1097.4304909789,766.2306401226,1399.2311104636
2628,17.2900000000,1508.4966430389,1005.7511364218,756.6307199789,197.7627670954,-451.6479804572
2629,37.8500000000,3303.0960643946,2201.9056586126,756.7447129152,432.9341275926,-88.4884347259
2630,22.3500000000,2667.6096083282,1778.3956322454,938.2513041608,255.6353323927,-304.6726604707
2631,34.6100000000,3016.4636742997,2011.2581665319,756.1438402539,395.8439004083,-146.7822328944
2632,71.8500000000,6263.0438076901,4175.1935782399,756.2106627622,821.7748311038,509.8647355841
2633,6.4200000000,558.2614320157,372.1111013967,755.0768121019,73.4174277361,-642.3439092190
2634,231.5100000000,27366.8915807752,18244.2630167759,931.8958594654,2647.1654592780,5543.5672452559
2635,49.7200000000,4338.7314575741,2892.2514873930,756.7192474217,568.7031441139,121.0575786455
2636,123.4000000000,10695.2570548471,7129.9944177174,753.5492527343,1410.9057783514,1400.8076060439
2637,239.2200000000,34623.1646454625,23081.9482778181,1089.3723944003,2735.6568634018,7716.1871098423
2638,52.1000000000,6224.3873520743,4149.2113722746,938.8824522502,595.9296420244,540.3638855251
2639,38.5400000000,5635.0498620400,3756.5083857186,1097.8712831691,440.8250035026,339.8451896497
2640,3.5300000000,308.0998375464,205.2974239180,756.8108245191,40.3770273518,-694.3854382426
2641,173.3700000000,20575.6815470289,13717.3829354421,934.5057179604,1982.6136209680,3941.1792726583
2642,13.6000000000,1623.4904824890,1082.3578503381,938.3519954833,155.5551783736,-552.7745417060
2643,66.1800000000,9674.8070313295,6449.4947339030,1097.7350963539,756.9718582821,1370.6053427904
2644,32.3000000000,2819.3778274837,1879.6557463527,756.8474066171,369.4572489649,-186.5825744510
2645,90.9000000000,7919.9141230130,5279.9715172622,755.9935047728,1039.6279198725,844.3211811055
2646,84.7300000000,7383.5717256114,4922.2505611328,756.0716187804,969.0709363217,736.1786093765
2647,9.8800000000,1180.0167929154,786.9907175104,938.6878670654,113.0081891784,-658.6699808388
2648,330.8100000000,47198.3359381130,31465.2574098238,1077.5309870471,3782.0507805050,10873.4967607371
2649,44.6900000000,5340.3743297431,3560.4124179571,939.0386843848,511.1766973072,329.7465300939
2650,35.9800000000,3127.5946442865,2085.0524246829,754.9124345824,411.4494193577,-123.8196343365
2651,50.0600000000,5974.9680981168,3983.6062162297,938.2513041608,572.5773932697,480.5331844565
2652,77.8200000000,11364.8394639865,7576.3885293411,1096.8788562489,890.0913452706,1801.4807331259
2653,14.5800000000,1742.2836815318,1161.1896614920,939.0386843848,166.7701106901,-524.7147750352
2654,9.0100000000,1318.3789914710,879.3450283752,1098.5078760990,103.0591273428,-762.5330403461
2655,58.2900000000,8470.8770209634,5646.9463027884,1092.7603591096,666.6424792066,1064.5278798587
2656,46.8800000000,6808.1373021141,4538.9002078898,1092.1959456200,536.1430087445,640.8981398598
2657,79.4100000000,6897.2231086749,4598.3401827433,754.5370947577,908.0513314759,636.2944996980
2658,11.4900000000,1363.6418121668,908.7766194730,934.5057179604,131.3966113222,-611.0371365888
2659,398.6100000000,56728.5212848961,37818.9336524987,1075.4639149027,4556.9822930088,13277.1414244860
2660,324.1900000000,46620.8175799878,31080.8330839371,1084.0440787886,3706.9006532907,10749.0397639714
2661,126.8200000000,15030.4156236169,10020.2498454453,933.6011095794,1450.2184482672,2626.3462203250
2662,119.9800000000,10410.9120776715,6940.7952408387,754.0882497416,1371.8928417959,1344.1357452953
2663,46.5500000000,4055.0626463829,2703.5322569841,755.9089524359,532.3890094838,63.2324274791
2664,194.8300000000,23122.5704320680,15414.9090737031,934.5057179604,2228.0245242729,4545.1311161316
2665,583.0000000000,82970.1410127555,55313.7991436547,1075.4639149027,6664.9624365272,19915.9155176709
2666,70.5400000000,8399.3611695111,5599.2189404628,936.6776962357,806.7609179159,1056.7036148967
2667,7.3100000000,1067.8051076724,712.3520429855,1097.0767788299,83.6109083758,-825.2346225187
2668,34.9100000000,3044.1695949342,2029.6405532451,756.3829978112,399.2873086188,-141.1412647409
2669,52.5800000000,6236.1386237854,4157.4014148630,934.0736028865,601.2787790392,543.3848269967
2670,56.9100000000,4963.5908471884,3309.0028574535,756.4780410728,650.9229101170,247.1870385451
2671,69.9800000000,10230.3263229441,6819.9049044312,1097.7350963539,800.4365464277,1512.2497757312
2672,173.1100000000,24999.4075666517,16666.1458138025,1087.5315179624,1979.5561865600,5266.1740483268
2673,153.7500000000,13364.8603824085,8909.8374230006,754.9124345824,1758.2086777725,1941.9018470529
2674,87.4300000000,12705.5889165008,8470.4194541826,1092.7603591096,999.9065355470,2142.5025676615
2675,42.8500000000,3738.7776178768,2492.4039491295,756.6624014288,490.1196817892,-0.4084144707
2676,273.0700000000,23667.3731277723,15778.4135725413,753.5492527343,3122.1721304249,4013.2381720718
2677,272.6200000000,39065.2830744881,26043.8891036401,1081.1023166841,3117.0270121084,8823.2646420556
2678,29.4900000000,2563.4454157868,1708.8831728071,754.9124345824,337.2330010245,-237.5831926272
2679,27.4100000000,3993.8281658542,2662.0947813095,1094.9662915433,313.4955593814,-76.7284663800
2680,43.1700000000,3766.4430352799,2510.7858727101,756.6307199789,493.7778285430,5.2486140480
2681,282.1800000000,40579.4821083962,27053.2434667032,1084.0440787886,3226.5437747789,9215.6507881255
2682,16.9000000000,1474.9049321087,983.4294705438,756.7683859227,193.3053925185,-458.5983168762
2683,144.8400000000,20613.0278289666,13741.8415409079,1075.4639149027,1655.8373229959,4139.8850501601
2684,19.9200000000,2914.7735305329,1943.5205404217,1098.5078760990,227.8510340366,-355.1059200243
2685,14.3500000000,2072.3326126824,1381.3382115944,1087.5315179624,164.0958423958,-560.6329592702
2686,22.5000000000,2688.3022572725,1792.1074886320,938.9383947274,257.3599798063,-300.1036058932
2687,92.2800000000,10991.6360654647,7327.7649090187,936.8966040123,1055.4110500092,1671.5635024245
2688,44.0900000000,5260.6182170942,3507.2536948788,938.0257820855,504.2878569447,311.0508831851
2689,20.6500000000,2467.8048335370,1645.1762604972,939.0835389281,236.2009966293,-352.6559625176
2690,128.2800000000,15130.9297445739,10087.1856043058,930.4637478382,1466.7017280950,2646.5786643348
2691,29.3400000000,2559.9938228356,1706.6043707234,756.6624014288,335.5918661305,-238.8648154472
2692,84.4700000000,12336.0060334482,8223.7093302836,1096.8788562489,966.1528647521,2049.2649821636
2693,135.8200000000,16097.0749881694,10731.7468758911,933.6011095794,1553.1357013378,2878.5913013611
2694,14.2000000000,1696.8743674726,1131.3061040271,939.0386843848,162.4235645953,-535.8939855346
2695,96.3700000000,8396.5030146839,5597.5169740787,755.9935047728,1102.1885878780,940.8039479543
2696,225.7900000000,32520.1776950524,21680.5310997387,1085.3172731391,2581.8350455947,7172.4942765800
2697,59.8200000000,8719.7557801728,5813.2026631012,1095.3085042616,684.1833040589,1127.0613087511
2698,99.8700000000,14557.7066159454,9705.4117895836,1095.3085042616,1142.2498591836,2614.7364629166
2699,306.7600000000,36087.2761335945,24058.4847435927,928.7304688664,3507.0943968674,7592.9665242680
2700,18.7600000000,1634.5169301180,1089.6167635859,755.9935047728,214.5590734522,-425.6524116930
2701,163.0300000000,23658.5363079744,15772.0139630460,1091.5804976578,1864.4648498905,4930.4769973801
2702,200.2000000000,29073.9993149158,19382.8571109456,1092.1959456200,2289.5868248859,6309.3594334642
2703,31.2600000000,3734.2929517607,2489.5849726353,938.8222665727,357.5566929603,-51.6709804075
2704,4.0000000000,477.9204012929,318.3947314828,938.9383947274,45.7528852989,-825.1656102162
2705,123.7200000000,14720.5708080988,9813.7877696480,936.1820858981,1414.9426578735,2555.6582946792
2706,2.9100000000,423.8192402439,282.6266654219,1094.5951237908,33.2821482910,-986.6846972599
2707,41.2200000000,6023.7343369057,4015.8658292004,1097.4304909789,471.4737570661,438.9642596603
2708,34.3900000000,2999.9620221041,1999.7933237818,756.5599770292,393.3487194314,-149.7399981384
2709,62.9700000000,7497.9837375123,4998.9128162416,936.6776962357,720.1833711535,842.2098538815
2710,1.7900000000,156.1717172377,104.1670819865,756.6307199789,20.4739938173,-725.1000785450
2711,110.8700000000,16076.2408570674,10717.5953401590,1090.9087661794,1267.9257215079,2999.8110292211
2712,15.4300000000,2257.5433735770,1505.1410021903,1098.4202960231,176.4926480074,-522.5105726438
2713,154.2100000000,22436.9393475906,14957.7861263074,1093.7544670621,1763.6887035982,4621.7100506230
2714,97.0400000000,11565.4022424979,7710.5750122452,937.2848285391,1109.8726407287,1807.6697609849
2715,48.7900000000,4256.7698793447,2837.6549920471,756.6307199789,558.0593063380,104.4248609806
2716,58.0400000000,8491.7574466888,5661.6457697774,1098.4202960231,663.8777245851,1067.8136563032
2717,73.4400000000,10722.4509698587,7148.2644267007,1096.6652581846,839.9890795816,1637.5322053918
2718,15.1500000000,2216.0600327935,1477.8567452282,1098.2245360874,173.2890530696,-533.3103015917
2719,57.3600000000,8340.8986014148,5561.0425851847,1093.2784533794,656.0146065975,1030.5629562532
2720,135.1400000000,19651.1338388283,13100.8610595763,1093.2784533794,1545.5685832563,3911.4257426163
2721,134.1100000000,19428.9392246845,12952.9971837072,1090.1749041379,1533.6753392206,3852.0917976187
2722,36.0200000000,5230.9962803360,3486.9662541299,1092.1959456200,411.9426445174,239.8914360686
2723,17.6900000000,1541.2902182189,1027.3529485239,755.9935047728,202.3214290709,-444.3776641487
2724,108.8500000000,12867.2029224110,8578.2645891887,931.8958594654,1244.6285700074,2112.4139037496
2725,84.7300000000,7383.5717256114,4922.2505611328,756.0716187804,969.0709363217,736.1786093765
2726,175.1000000000,15176.1710721534,10117.3300418073,753.5492527343,2002.0227049379,2303.2690726738
2727,0.9700000000,84.6686220638,56.7137509675,756.8474066171,11.0951557739,-739.9876912948
2728,84.5500000000,10076.8215128112,6718.0337710980,937.2848285391,967.0211435863,1454.4817695878
2729,30.7700000000,2685.6181306803,1790.6497530622,756.8108245191,351.9549947918,-213.7974416929
2730,151.5900000000,13166.4784163712,8777.5287134402,754.5370947577,1733.4277967313,1900.9848114419
2731,212.8500000000,30699.3307605938,20466.4402502816,1086.4759890134,2433.9343395623,6712.4801817364
2732,19.0700000000,1664.0136482072,1109.0650897615,756.6918581469,218.1241060357,-419.8674057369
2733,172.2300000000,25028.9783722856,16685.8155269490,1092.7603591096,1969.7346747943,5280.6678114327
2734,7.7800000000,926.6897333042,617.5082788499,936.8966040123,88.9802554082,-716.6954049661
2735,150.8500000000,13045.5383063962,8697.0381362241,752.5246171233,1724.5447402232,1871.4308128256
2736,140.7100000000,12187.4074674893,8124.9552387311,753.2396180813,1608.7610117396,1700.4515989374
2737,4.6900000000,685.6277572822,457.5655047701,1097.7350963539,53.6445756323,-923.3174194741
2738,49.3300000000,7216.5979853145,4811.1624392645,1098.3260134850,564.2489403015,742.8605922634
2739,58.2200000000,8479.2976518898,5652.5333084385,1094.5951237908,665.8717091072,1066.2975105533
2740,208.6100000000,24723.9788932560,16483.0145386615,933.6011095794,2385.5075736716,4921.8556713435
2741,238.8600000000,28138.6036073254,18759.3466795427,929.6388554362,2730.9264108032,5718.6916615433
2742,65.2100000000,9534.5511547386,6356.0958214757,1097.8712831691,745.8795661237,1334.7044839702
2743,28.7700000000,3433.3127786266,2288.6566801333,938.1427889439,329.0643493949,-122.5510398455
2744,11.9000000000,1422.0285192200,947.7356796001,939.0386843848,136.1155224425,-600.8613672074
2745,62.5400000000,9075.6600668633,6050.1111763007,1091.5804976578,715.2280666881,1218.7403262167
2746,11.5400000000,1374.5500671376,915.9706136273,936.8966040123,131.9835665053,-610.3007170072
2747,78.8500000000,6874.1330938774,4582.7402571755,756.2725330342,901.8435407051,633.2767629626
2748,138.6500000000,16389.8730839898,10926.7808311856,931.8958594654,1585.3720829722,2945.8243103667
2749,50.2100000000,4378.7995447225,2918.9894304032,756.4322921394,574.2865342979,129.0912878820
2750,59.4100000000,7089.7849210360,4726.2791796835,938.1427889439,679.5173096125,745.8456427961
2751,184.5000000000,16017.5241807739,10678.2310899526,754.3228133681,2109.6973555615,2475.2729218917
2752,39.4600000000,4711.7933640216,3141.5013961487,938.5322790142,451.3429028100,180.4167860488
2753,23.6200000000,2056.7429973493,1371.4079170113,755.7180513530,270.1337340686,-340.5167050836
2754,49.8100000000,4344.7364040725,2896.6513023083,756.5205193927,569.7179376501,121.8466447214
2755,74.2200000000,8857.1593475727,5904.4633877994,938.1427889439,848.9105322242,1165.6426386051
2756,33.8200000000,4942.3264258649,3295.0693983183,1097.4304909789,386.8326653075,162.9938712602
2757,62.6400000000,5438.1447950335,3625.5704072454,754.3228133681,716.2679802297,341.9835941904
2758,102.2800000000,12186.4777128466,8124.6224650443,937.0984891794,1169.7931708602,1954.9635877628
2759,193.3800000000,16760.5251966478,11173.6255110988,753.5492527343,2211.0288445511,2622.3215882636
2760,24.8700000000,2971.2190680631,1980.5192604622,938.8824522502,284.4677581026,-232.6504027519
2761,326.3000000000,28218.4895550353,18812.2983186429,752.5246171233,3730.3211715932,4923.3454476758
2762,36.3700000000,5316.9043779005,3544.3169258386,1097.7350963539,416.0028178562,258.8495378518
2763,35.7700000000,5227.2920240446,3485.1695559136,1097.4304909789,409.1367367844,235.5552403677
2764,135.2200000000,11749.5947232951,7833.1413755460,754.7330514445,1546.2745511331,1615.4457451716
2765,55.5200000000,4842.7979352360,3228.3906972654,756.5205193927,635.0279040018,222.8588145761
2766,6.9600000000,607.2786982596,405.0156417335,756.6624014288,79.6087044400,-634.0080493428
2767,2.8900000000,345.3497832391,230.5303004433,939.0386843848,33.0566268789,-857.2758284679
2768,28.8100000000,3424.8560925417,2283.1370594498,935.5962830805,329.4806619968,-123.3579119855
2769,4.9900000000,435.0809915665,289.9418447694,756.3298557505,57.0733334340,-668.2640423874
2770,47.1900000000,4114.0182714023,2742.5469901902,756.2725330342,539.7336294974,75.4651186805
2771,43.7400000000,5159.2365686597,3439.4701630728,930.4637478382,500.1055003654,289.1971573833
2772,39.5800000000,3454.2448054949,2302.7379294887,756.7683859227,452.7235169160,-57.9850268326
2773,51.0000000000,4449.8870131089,2966.6530338944,756.6624014288,583.3396446032,143.2319331824
2774,48.5400000000,4233.1593288355,2821.9837393626,756.4322921394,555.1855880266,99.5577093068
2775,210.0300000000,24801.9111800369,16534.5788664362,931.2135751301,2401.4804764876,4934.6382619830
2776,43.9500000000,6423.8959739799,4282.3820678048,1097.5884505866,502.7015172610,541.2239383275
2777,160.9900000000,23323.1297127877,15548.4029273813,1090.1749041379,1841.0736922014,4843.4781890670
2778,148.9000000000,17659.9665477680,11773.1721482845,934.0736028865,1702.7464853354,3249.9743112615
2779,211.7900000000,30709.7235601903,20473.0683428924,1090.9087661794,2422.0617710667,6723.6846800519
2780,247.0700000000,21426.9190506091,14284.4819406548,753.8312137160,2824.9953879246,3563.6105083137
2781,17.2000000000,2053.7974115857,1369.0810786109,938.5322790142,196.7333484118,-450.5492944512
2782,190.0300000000,27554.5057280465,18369.8241634040,1090.9087661794,2173.2111920100,5920.5616064531
2783,35.1800000000,5143.7741086291,3428.9464300066,1097.8712831691,402.3929326212,214.5634628322
2784,79.9300000000,6966.3664110597,4644.3816714623,756.1438402539,914.1809580941,651.6599412495
2785,7.2800000000,864.5149516149,576.2058472424,934.9012987172,83.2537205990,-729.8459149436
2786,11.7000000000,1376.3891340561,917.4845876794,928.7304688664,133.7625650129,-603.5884875025
2787,38.4200000000,4588.6887837863,3058.7705887236,938.6878670654,439.4508733031,151.7794546942
2788,27.0500000000,2360.3339897223,1573.4025821616,756.6918581469,309.3999511413,-279.1604017275
2789,25.3700000000,3031.4481190265,2021.2850853691,938.9903837852,290.1884373698,-219.0157874977
2790,42.5800000000,3716.2372089277,2477.5215227251,756.7903865069,487.0394640068,-5.1141643112
2791,96.3200000000,14014.1754617724,9342.6172168594,1093.7544670621,1101.6049278943,2476.1988499567
2792,43.8700000000,6412.2028755062,4274.8026305167,1097.5884505866,501.7864746812,538.0253197217
2793,14.3300000000,1250.2462055956,833.3366558923,756.6307199789,163.9063303920,-503.6275006676
2794,90.1000000000,10738.2805240011,7159.1632116079,937.2848285391,1030.4979897945,1611.3344940596
2795,68.2000000000,9954.6555576575,6636.0635003366,1096.4346045105,780.0506201775,1442.1068326329
2796,129.3900000000,18727.0766385603,12484.4132342510,1089.3723944003,1479.6699337662,3673.6210761428
2797,56.5000000000,4926.8284764762,3284.3274407057,756.3829978112,646.2255209672,239.8925169921
2798,9.4200000000,1125.5025450448,750.5018670667,938.9383947274,107.7480448789,-671.6857616282
2799,11.3600000000,1657.6429918965,1105.5160550632,1096.1853728800,129.9313613838,-673.9897974306
2800,224.6400000000,19456.8915748476,12971.4197670970,753.2396180813,2568.3467676581,3163.8854220112
2801,37.4300000000,3264.8762016550,2176.5340791088,756.5205193927,428.1176953672,-96.2960922137
2802,21.3800000000,3115.2151107611,2076.4339294214,1094.9662915433,244.5288237714,-300.7139339750
2803,30.3500000000,3621.2239258065,2413.8993041676,938.0257820855,347.1339636714,-77.8351241180
2804,18.5200000000,1608.5703560340,1072.5351096479,754.5370947577,211.7757292398,-430.2775776115
2805,24.1800000000,2110.6054448469,1407.0411549565,756.8474066171,276.5782130022,-329.8613297289
2806,62.3600000000,5425.9813786416,3617.3451984421,755.3660261078,713.1581852010,340.1119688906
2807,4.4700000000,389.8274042005,260.1516259725,756.4322921394,51.1264849295,-677.8829988409
2808,29.1600000000,2544.9853690073,1696.6912797809,756.7903865069,333.5385338290,-242.0348311095
2809,29.3200000000,3481.8102172183,2320.8291069485,934.9012987172,335.3020725222,-109.2222609695
2810,155.1000000000,18351.8031805620,12234.6832335043,932.5173167244,1773.5179395533,3411.0846907799
2811,76.2500000000,6646.5844166509,4430.8176748669,756.2106627622,872.0992466481,587.4568323737
2812,35.6400000000,3108.4585801053,2072.3474528184,756.4780410728,407.6417592087,-128.0086729947
2813,24.2800000000,2900.7317640761,1933.4760476246,938.8824522502,277.7192266478,-249.3459624465
2814,8.1700000000,973.1433317604,648.3836927924,936.8966040123,93.4407052295,-705.5776702737
2815,25.1400000000,2178.9202784348,1452.4062702758,753.5492527343,287.4406099494,-314.4758545247
2816,96.2100000000,11447.3498015453,7631.5761676031,936.1820858981,1100.3203452474,1779.2712027966
2817,28.5200000000,3404.5550412195,2269.8590347090,938.3519954833,326.2083593540,-129.8643483269
2818,62.5700000000,5457.2461660266,3638.2148764348,756.4780410728,715.6606305749,346.8926179441
2819,51.7000000000,7474.8270580271,4983.4402714651,1088.4939688877,591.2155358754,811.6772817989
2820,47.1700000000,4115.1298858978,2743.1489561652,756.5966414806,539.5273923136,75.8568959384
2821,71.7400000000,6252.5600691784,4168.1784844004,756.1438402539,820.5097201760,507.7280243480
2822,17.7700000000,2592.1514585882,1727.9272701976,1095.9158827522,203.2451172588,-434.9368116204
2823,15.6500000000,2284.9449574930,1523.5576995247,1096.6652581846,179.0009408422,-514.2789410585
2824,198.5000000000,28729.6136699452,19153.1060177639,1089.3723944003,2269.9936768884,6217.1415808926
2825,209.2900000000,30224.2851922161,20149.5204343450,1087.5315179624,2393.2835439035,6593.9496960052
2826,171.4400000000,20380.3307360411,13586.7665501001,935.5962830805,1960.6443836425,3897.3235192180
2827,115.7900000000,13757.8664749933,9171.8409037732,935.2637903541,1324.1915693461,2326.5702115199
2828,59.4700000000,8665.1937622527,5776.7456754416,1094.9662915433,680.1744223427,1113.3073729251
2829,69.6100000000,10157.4409036897,6771.2858372622,1096.1853728800,796.1727170712,1493.7969764763
2830,163.0800000000,14164.4521415780,9443.2401608079,754.5370947577,1864.8156546668,2101.8592313456
2831,77.7900000000,9283.1908602490,6188.8526794136,938.1427889439,889.7433347039,1266.4520571875
2832,53.8700000000,4700.5985961678,3133.4429343261,756.6918581469,616.1691448422,194.2946588526
2833,44.3900000000,3873.6180491093,2582.3673994580,756.7192474217,507.7379840550,26.7934181745
2834,294.0700000000,42217.7675287596,28144.7657376901,1082.6437912211,3362.3928187436,9627.9651811048
2835,7.3600000000,1072.8419014054,715.6642587403,1095.3085042616,84.1790223650,-822.3098839615
2836,48.8800000000,4262.3606359320,2841.4967745431,756.3829978112,559.0708577854,105.4100057922
2837,115.9500000000,13796.0732718966,9197.3438142681,936.1820858981,1326.0798672844,2336.4675044460
2838,13.2100000000,1578.6780557396,1052.5812850537,939.0835389281,151.1000080132,-564.0867762553
2839,1.1700000000,171.1619631627,113.8382146277,1098.3260134850,13.3827541081,-1054.3850190580
2840,103.8200000000,12366.1861326023,8243.7355226461,936.8966040123,1187.3946165144,1998.1593894296
2841,61.2400000000,8887.0070753870,5924.9364623083,1091.5804976578,700.3608379274,1170.1292774936
2842,102.7200000000,14973.1413196146,9981.6330824308,1095.3085042616,1174.8463556157,2721.3533773066
2843,185.6400000000,26868.3399581292,17912.4189882732,1089.3723944003,2122.9301066880,5743.6184687677
2844,50.3800000000,7360.8476760105,4907.2707665194,1097.2602780930,576.2431635523,780.0734678458
2845,30.8200000000,4506.2853333698,3003.8128279123,1097.8712831691,352.5227454061,52.0784768823
2846,82.0400000000,9771.9313265141,6514.7123418664,936.8966040123,938.2956495747,1382.0267310608
2847,328.1100000000,28375.0187186718,18916.5793514514,752.5246171233,3751.0134220393,4954.9013280578
2848,5.0900000000,738.0541712138,492.2486377526,1090.9087661794,58.2099929871,-903.3132257052
2849,83.5400000000,7275.9059630731,4850.5895383463,755.8173576902,955.4299204176,714.0691466191
2850,376.0400000000,44298.9219647436,29532.6609662918,929.6388554362,4299.3283409463,9537.2938020693
2851,15.2500000000,2231.2078060304,1487.7739906266,1098.4202960231,174.4337577519,-529.4202383712
2852,57.5700000000,8422.9923536505,5615.3337389408,1098.4202960231,658.5017333626,1050.7365853240
2853,48.8400000000,5822.3554903444,3881.5794150909,937.4569555241,558.6010125416,444.7181071879
2854,137.7800000000,20035.0245694374,13356.7372521461,1093.2784533794,1575.7617241457,4009.2471397661
2855,68.0900000000,8125.6262459744,5416.9388878894,938.1427889439,778.7970646611,991.7475044800
2856,137.8800000000,11933.5306457341,7955.7930609152,752.8992265782,1576.3403815363,1648.4979767044
2857,37.7200000000,5512.2576222243,3675.2697135089,1097.4304909789,431.4408082613,308.1166094752
2858,11.6600000000,1391.4642682929,927.6507845511,938.1427889439,133.3642792473,-607.6935844494
2859,219.5800000000,31710.2993096030,21140.4804557062,1087.5315179624,2510.9522699142,6971.3350660202
2860,114.8300000000,9952.4827196766,6634.8559164870,753.5492527343,1312.9198584125,1251.1576920428
2861,82.1800000000,11950.0531217620,7966.2787953413,1093.2784533794,939.8758781412,1950.6199949000
2862,76.1000000000,11110.8186111962,7406.9817719030,1096.6652581846,870.4135206449,1736.7580604637
2863,122.3000000000,14538.6983727125,9692.8272707930,935.5962830805,1398.6631364878,2511.6116823511
2864,71.4800000000,6215.6584362124,4143.5073993360,755.0768121019,817.4264384080,499.6477863664
2865,23.3400000000,3389.5461738768,2259.7099747434,1092.1959456200,266.9278546096,-229.2876010962
2866,40.2400000000,3508.5489179628,2338.8642144731,756.3298557505,460.2466808381,-46.8918330989
2867,17.3900000000,2544.0226832479,1695.5902494544,1098.3260134850,198.9111914017,-448.8047710931
2868,33.0000000000,4792.4174694916,3194.7623780855,1092.1959456200,377.4044216845,128.0547241016
2869,131.0200000000,11406.1049981828,7603.8525815634,755.6102914559,1498.4099190637,1548.2322060998
2870,198.1800000000,28759.4229621196,19172.5936931736,1091.5804976578,2266.4518429204,6228.7969283679
2871,154.0300000000,18326.9440799503,12217.9191956296,936.1820858981,1761.5875977389,3411.2552006837
2872,24.6600000000,3606.1568265177,2404.2351954161,1097.9977895315,282.0648767882,-178.1410352182
2873,1.1900000000,103.8679019277,69.3304139770,756.8298005211,13.6115522443,-735.9038648147
2874,65.8000000000,9619.2551021680,6413.1800113022,1097.7350963539,752.6253894676,1355.7146050443
2875,19.2500000000,1680.2160605954,1120.3794898690,756.8298005211,220.1868745393,-417.1801043342
2876,42.5700000000,3709.6500455479,2472.9292387466,756.0716187804,486.8800868549,-6.2308988339
2877,131.2200000000,11420.6487766675,7613.7749721704,755.4932545847,1500.6751984459,1550.7053514666
2878,47.3900000000,4135.4079600651,2756.6771989214,756.7192474217,542.0523330563,79.9591806657
2879,11.4900000000,1365.9006075427,910.4534286150,935.5962830805,131.4034295850,-611.5525337378
2880,220.6200000000,19153.3126545384,12768.8884780722,754.3228133681,2522.7177809429,3107.3835821552
2881,1.9500000000,170.0910658089,113.2768665707,756.5205193927,22.3037538329,-722.0100739874
2882,146.2800000000,21243.4796193101,14162.1478589522,1092.1959456200,1672.9308728487,4316.2049418891
2883,162.9500000000,19297.2729986405,12864.8896736497,933.0839460749,1863.3291079712,3635.9702709446
2884,47.4400000000,6939.2665317308,4626.0641814916,1098.2245360874,542.6292196450,672.3485945068
2885,175.4600000000,20669.8458885595,13779.8205993302,929.6388554362,2006.0635855293,3954.3228482637
2886,123.2600000000,17725.6608004852,11816.7959524504,1084.0440787886,1409.3974969142,3415.4232723320
2887,43.8400000000,3815.5863615996,2543.4663116639,755.4932545847,501.3686991302,15.2580962208
2888,133.3200000000,15800.7807202382,10534.1088118784,933.6011095794,1524.5475754848,2808.5232232955
2889,30.8600000000,2672.8974091871,1781.7884295463,753.2396180813,352.8275518604,-214.9581903009
2890,149.4100000000,21486.2159678768,14324.5404311055,1084.0440787886,1708.4056467139,4369.2258112689
2891,10.5900000000,924.2590897732,616.4449286401,756.7903865069,121.1307638289,-570.1069892026
2892,29.6100000000,2584.5751539255,1723.0177674899,756.8474066171,338.6882087260,-233.9782289076
2893,128.6800000000,15137.9276726788,10092.3304644732,928.7304688664,1471.1595611843,2645.7071781549
2894,61.5700000000,9006.1264831085,6004.5692127549,1098.2245360874,704.2512869634,1199.0814473029
2895,34.9900000000,4168.9954553432,2779.4761064625,937.0984891794,400.1863809972,52.2344787041
2896,53.1200000000,7766.8357205906,5178.2666615750,1097.8712831691,607.5927396487,883.1050361979
2897,317.4600000000,45652.9959250530,30434.8989000411,1084.0440787886,3629.9475042218,10504.1054420014
2898,40.0100000000,3491.9363722216,2327.8134686268,756.7903865069,457.6432352023,-50.3107181143
2899,145.1700000000,17272.7551261857,11515.1730864965,936.1820858981,1660.2588558317,3161.1410979594
2900,66.8600000000,5820.5783863418,3880.1552268060,755.6102914559,764.6442313280,420.1686367518
2901,40.4700000000,3529.0043972211,2352.5379139886,756.3829978112,462.8804749299,-42.7969895087
2902,395.1500000000,46485.4843010493,30990.5905171702,928.7304688664,4517.6305610972,10048.5327539155
2903,131.8600000000,19204.4003500204,12802.9879436132,1094.5951237908,1508.1044926635,3798.7127899529
2904,195.0400000000,23147.4933894706,15432.0558023724,934.5057179604,2230.4260289185,4550.5058402193
2905,156.6100000000,22773.1542881375,15181.9874258110,1093.2784533794,1791.1165888987,4706.7718200484
2906,49.9200000000,5964.9148640836,3976.5151025889,938.9903837852,570.9975086125,478.4118690970
2907,27.4100000000,3993.8281658542,2662.0947813095,1094.9662915433,313.4955593814,-76.7284663800
2908,254.7500000000,22092.9600038154,14728.4797716076,753.8312137160,2912.8084149180,3697.8406035738
2909,135.1700000000,16031.5492159960,10687.8328408646,934.0736028865,1545.7370209724,2863.9057512725
2910,12.7700000000,1523.9278478645,1015.6760414793,938.1427889439,146.0601926233,-575.9511751820
2911,35.8500000000,4282.1916378198,2854.6122919852,938.7575205857,410.0564705648,78.7653546840
2912,2.9700000000,432.9266911921,288.7768061584,1095.3085042616,33.9689804924,-985.1275997203
2913,19.5400000000,1703.4947451410,1135.5462584152,756.2725330342,223.4879237207,-411.8119700291
2914,60.2900000000,5244.3111301630,3496.4630419607,755.2275891446,689.4734635867,303.1470354709
2915,94.0100000000,8152.9309910056,5435.1458616639,753.8312137160,1074.9092015169,889.0447141087
2916,5.1500000000,448.5386127583,299.2472742452,755.8173576902,58.8994983260,-665.4255175031
2917,56.8600000000,4960.4894066600,3306.7074492005,756.5966414806,650.3609821275,246.8243338514
2918,198.5600000000,28554.3339976013,19036.0603606999,1084.0440787886,2270.4037561843,6163.8258019285
2919,60.8700000000,8903.7342703721,5936.2649094040,1098.2245360874,696.2445320361,1173.0002928447
2920,13.9500000000,1217.2517248290,811.7554723254,756.6918581469,159.5611577975,-510.7567634407
2921,25.1400000000,3676.3496601238,2451.1144332097,1097.9977895315,287.5551906917,-160.3177533090
2922,7.5600000000,902.7156064877,602.1684412148,938.5322790142,86.4711694182,-724.4562831595
2923,134.4500000000,19364.6215115807,12910.0897163493,1085.3172731391,1537.3919211666,3831.8226009257
2924,13.2100000000,1152.8110702946,768.3245276861,756.7447129152,151.0980138837,-523.3561841903
2925,11.3300000000,1655.0248796072,1103.2769446239,1097.0767788299,129.5911890421,-674.9200328887
2926,70.3300000000,8396.7805818810,5597.6327621082,938.4454697809,804.4299661102,1056.2723838817
2927,22.7300000000,1981.3359185636,1320.7244992392,756.2106627622,259.9713557549,-355.5705991927
2928,54.1500000000,4718.7585145976,3145.7548550165,756.0716187804,619.3224501572,197.6095906435
2929,11.4500000000,1658.7976595529,1105.4505945279,1090.1749041379,130.9416347333,-667.7694738462
2930,36.2000000000,3159.2638190731,2106.0520353800,756.7683859227,414.0624384123,-117.6190406419
2931,7.8200000000,934.3343845276,623.1439744736,938.9383947274,89.4468907594,-717.1948754327
2932,73.3500000000,6361.2114476148,4240.9447991011,753.8312137160,838.6830117144,527.7524230832
2933,113.4800000000,9856.4019439923,6570.8185453141,754.5370947577,1297.6409154500,1233.4053884705
2934,53.8600000000,4678.0561218138,3118.9814108151,754.5370947577,615.8877309318,188.6498853091
2935,111.8700000000,16257.2827643709,10838.4937101907,1092.7603591096,1279.4183247357,3046.6103703348
2936,164.0200000000,19453.2418614164,12968.8849445947,934.0736028865,1875.6512996959,3674.6320142393
2937,30.0900000000,3581.5970124665,2387.9267144091,936.4401288793,344.1331853647,-86.9030161866
2938,40.7300000000,4791.4811478723,3194.2056015504,928.7304688664,465.6537840149,202.8912934405
2939,26.5000000000,2308.4674571245,1539.2373433924,755.9089524359,303.0785983098,-289.7574370136
2940,78.8400000000,11470.9052471568,7646.8682014705,1093.7544670621,901.6874222922,1828.5951563320
2941,2.3500000000,204.9428187632,136.6898373754,756.4322921394,26.8785770882,-715.0578878398
2942,152.4700000000,13266.5070686575,8844.3647883671,755.3660261078,1743.6694755868,1923.1067785958
2943,36.3200000000,4336.8559295809,2891.5446847010,938.5322790142,415.4276287394,91.3513371263
2944,8.0800000000,704.8471398256,469.8543537429,756.5599770292,92.4180765631,-613.9852675097
2945,81.7700000000,11935.3692807867,7957.2250786711,1096.4346045105,935.2601057466,1946.4494918585
2946,9.1400000000,792.1770622472,528.1477346457,753.5492527343,104.5030698066,-594.0229949395
2947,20.8300000000,1818.1247034910,1211.8956363187,756.8298005211,238.2593556704,-388.8600890193
2948,354.7700000000,51096.9637312271,34064.3943330846,1085.3172731391,4056.6792999054,11890.5728250980
2949,41.4000000000,6023.5347188266,4015.4056873830,1093.7544670621,473.4888290575,440.8857353239
2950,16.5800000000,1443.3920078604,962.2159130991,755.6102914559,189.6171306524,-464.0513273470
2951,60.7600000000,5296.3471364683,3530.8078346595,756.2106627622,694.9344291979,314.3942098486
2952,44.6100000000,5327.9908028294,3551.9514383634,938.6878670654,510.2525626770,327.0989347235
2953,18.6600000000,1628.7798842367,1085.6632328071,756.8474066171,213.4387698355,-427.1695250230
2954,78.8700000000,6869.1728909214,4579.1792198448,755.8173576902,902.0200840715,632.1562293149
2955,44.8100000000,5351.8777824431,3567.6912527136,938.6878670654,512.5401778426,332.9584848215
2956,29.1900000000,3482.8180031068,2321.6031543024,938.0257820855,333.8662405129,-110.6771737941
2957,67.8800000000,9706.8772807006,6471.3599404134,1079.4039103234,776.0834160819,1380.0300138819
2958,53.5600000000,4673.2538906296,3115.5049364119,756.6624014288,612.6210071558,188.4655456331
2959,57.9900000000,6890.2208902743,4593.4015619223,935.2637903541,663.1822187268,698.3733192710
2960,71.9400000000,8573.9389666663,5716.3023332736,937.2848285391,822.7971740934,1097.5546307602
2961,63.8700000000,7626.5139929057,5084.3467442189,938.5322790142,730.5441257596,873.0908439130
2962,26.6600000000,3170.7370548641,2114.2005171759,935.9015508839,304.8970267306,-184.2620399263
2963,446.6900000000,63571.0673910596,42380.3012228001,1075.4639149027,5106.6416308273,15008.6606225295
2964,148.2900000000,12860.3141863230,8573.7512183994,753.8312137160,1695.5460641735,1837.1856900341
2965,272.4400000000,32235.7527950503,21490.8855300132,932.5173167244,3115.2625883424,6697.0873599703
2966,50.4700000000,4401.0094373054,2933.7531633270,756.3829978112,577.2566733312,133.6166028359
2967,106.1200000000,9230.8226427748,6154.1519309982,755.2275891446,1213.5830810387,1107.8600415933
2968,32.1200000000,4695.5999070158,3130.3290881894,1097.7350963539,367.3909955881,100.1447268843
2969,73.7500000000,6387.7570942174,4258.4743466156,753.2396180813,843.1961098415,532.8470196791
2970,46.9200000000,6852.2008179163,4567.7143841154,1096.8788562489,536.6626306874,650.9449468646
2971,26.7700000000,3915.2612102549,2609.9082610273,1098.1153248667,306.2003170248,-98.9626926638
2972,33.5500000000,3994.8762012631,2663.1762601811,936.6776962357,383.7089423884,11.3133024578
2973,42.7300000000,3727.4898867260,2485.1800528551,756.5599770292,488.7406449929,-2.9907881512
2974,72.6500000000,6324.6338583268,4216.5396517105,755.6102914559,830.8615525872,521.6223625731
2975,44.3900000000,3870.3898227726,2580.4824184476,756.3298557505,507.7124791850,25.8650693895
2976,17.6200000000,2102.7101550018,1401.6329372414,938.1427889439,201.5333276447,-438.5988988282
2977,14.1100000000,1231.5765514286,820.8721014882,756.8298005211,161.3941194675,-507.5194700483
2978,192.5000000000,16712.0509745202,11141.3513974475,754.3228133681,2201.1747476725,2615.2020160321
2979,55.2500000000,8034.0768432386,5356.3416311288,1093.2784533794,631.8829674775,952.5737912528
2980,21.6900000000,3163.9710262677,2109.4177064750,1095.9158827522,248.0802809985,-289.4428439580
2981,220.1600000000,26049.8580801581,17366.8350018657,932.5173167244,2517.4578308966,5233.0479306714
2982,47.0200000000,5598.7802975675,3732.8126269752,936.6776962357,537.7643657557,391.5256086009
2983,67.9300000000,8085.6724844416,5390.2229233022,936.4401288793,776.9015381131,982.1078941471
2984,216.2800000000,25612.8518204723,17075.2172032077,933.0839460749,2473.1563023751,5131.3943688145
2985,37.7100000000,4494.3458219765,2996.0041167961,937.2848285391,431.2994361282,129.7574405131
2986,126.5800000000,18172.2889576985,12115.0236118314,1082.6437912211,1447.3141870866,3527.3073675593
2987,389.0900000000,45772.5853136663,30514.8577680031,928.7304688664,4448.3484120392,9880.6486647576
2988,63.9700000000,5576.1574443693,3717.2004051167,756.2106627622,731.6483778109,371.0979986795
2989,273.6600000000,39414.8183180303,26276.2423846348,1085.3172731391,3129.2128906393,8924.0457696171
2990,39.2300000000,5739.6906380703,3826.5315478761,1098.4202960231,448.7236928924,366.0151012787
2991,61.0800000000,7267.4787015735,4845.2494892860,936.1820858981,698.5507399201,787.4963864693
2992,228.0000000000,27041.4531423177,18027.6698520607,934.0736028865,2607.2948197211,5472.4148676493
2993,79.6600000000,11455.6720701497,7637.2218213586,1084.0440787886,910.8600081469,1823.5461618556
2994,1.3300000000,158.8651291018,106.1006338614,938.7575205857,15.2126947239,-901.2057200692
2995,75.2900000000,6521.1421237103,4347.5637680929,753.2396180813,860.8031879317,559.5355496043
2996,119.3000000000,17347.7894551740,11565.6039041572,1093.2784533794,1364.4097379198,3324.4973597177
2997,81.5700000000,7107.0120463605,4738.2763262223,755.9935047728,932.9202356875,679.8219796778
2998,25.7900000000,3045.4758336102,2030.0936895786,931.2135751301,294.8825476771,-210.7139787756
2999,128.8500000000,15324.4362160256,10216.4472196452,935.9015508839,1473.5927192136,2698.4947262829
3000,73.6700000000,8765.4740658959,5843.8886970014,936.1820858981,842.5381959711,1142.8650870252
3001,78.8700000000,6847.1660278463,4565.0430310206,754.3228133681,901.8527394750,625.9474439826
3002,35.9000000000,3115.1170494116,2076.5493958247,754.0882497416,410.4930240079,-126.0136201626
3003,57.7800000000,8415.2150176261,5610.1393086252,1094.5951237908,660.8393567882,1049.6412284219
3004,4.6300000000,552.2112969626,368.4042258666,937.7632772109,52.9558183966,-806.9120245115
3005,92.8800000000,13552.9824900834,9035.4677577282,1096.1853728800,1062.3261307510,2359.0032287241
3006,2.7100000000,396.3525543441,264.2129350670,1098.1153248667,30.9974919364,-996.9731975260
3007,45.8200000000,3997.9180968755,2665.4875567079,756.6624014288,524.0906375631,51.6775011756
3008,50.8500000000,4433.0966115874,2955.4619136431,756.2725330342,581.5947247286,139.7674401815
3009,66.4400000000,5794.2131398399,3862.5902432526,756.4322921394,759.9202815923,415.2703228556
3010,247.1800000000,29246.9291435932,19497.5944414086,932.5173167244,2826.4227227517,5990.3946627085
3011,12.5000000000,1492.3895531567,995.1347132637,938.4454697809,142.9741870664,-584.1648169542
3012,29.0200000000,3464.7315866086,2310.1341557907,938.4454697809,331.9288726933,-115.7769116562
3013,54.9300000000,6538.2892620400,4358.5458476594,936.4401288793,628.2231928242,615.0800926771
3014,291.1700000000,34253.2670224890,22835.1719600202,928.7304688664,3328.8586371623,7160.5059564401
3015,36.9200000000,4407.2991627568,2937.8284509176,938.3519954833,422.2865577612,108.8321585946
3016,46.1100000000,4023.9302385530,2682.8893060259,756.7447129152,527.4132793473,56.8829402647
3017,40.5700000000,4843.0153584248,3228.5188450084,938.3519954833,464.0348225453,212.1096953877
3018,177.0700000000,25675.2951074314,17116.8276309428,1090.9087661794,2024.9987147777,5442.5599955315
3019,26.5100000000,3151.4382163582,2101.0463737268,935.5962830805,303.1771034202,-188.3815438694
3020,80.5400000000,9545.4161356734,6363.9456612098,933.6011095794,920.9950624779,1326.8743024063
3021,15.6600000000,1366.1847363401,910.6508099378,756.5966414806,179.1180615567,-480.1807766352
3022,51.7100000000,7556.7031189082,5037.6541762751,1097.4304909789,591.4582236265,830.1602280277
3023,72.0600000000,8585.8191629618,5724.1658276448,937.0984891794,824.1620638657,1100.3927822719
3024,162.2100000000,14105.2316023784,9403.3481028621,755.0768121019,1854.9908026603,2091.8158847541
3025,95.6000000000,11396.7482571034,7597.8000658617,937.4569555241,1093.4123013713,1768.0789343463
3026,59.1800000000,6980.4211278756,4653.4008088631,930.4637478382,676.6402266032,719.9163445710
3027,34.3300000000,4100.2000506867,2733.4810921526,938.6878670654,392.6691431675,35.3619483011
3028,41.6200000000,4966.7875511449,3311.1038952224,938.1427889439,476.0395628021,241.5013041765
3029,52.4300000000,4574.9468052177,3049.9289968441,756.6918581469,599.6983156502,168.6276345765
3030,23.4900000000,3432.0427135666,2287.8492087151,1097.2602780930,268.6770923351,-221.7438655766
3031,14.1600000000,1235.4980412867,823.8779720734,756.6624014288,161.9625366192,-507.0048688347
3032,18.9400000000,2260.6051893394,1506.7861175025,938.2513041608,216.6323577413,-401.0645900652
3033,151.3000000000,17977.0722658821,11984.7382771979,935.2637903541,1730.2891825034,3326.7810158266
3034,85.1500000000,10145.4690775214,6764.0397555871,937.0984891794,973.8745453534,1470.4562874016
3035,4.9300000000,587.7193400368,391.6391786527,937.4569555241,56.3862201439,-797.7630142839
3036,60.7100000000,8715.7502182167,5810.2664260824,1082.6437912211,694.1574047877,1128.6825961255
3037,5.2900000000,773.4668855784,515.7358451636,1097.8712831691,60.5076354055,-900.6478781598
3038,88.8000000000,12965.0550942736,8643.0757545362,1096.6652581846,1015.6730700824,2209.6410114705
3039,148.4900000000,21564.4263649942,14376.4307013848,1092.1959456200,1698.2055326040,4397.5941853855
3040,164.2600000000,14216.7228304924,9477.6033558602,752.8992265782,1877.9349511978,2108.2852968561
3041,61.5700000000,7341.7020738521,4894.3640361652,937.6160751321,704.2042714168,805.5176911381
3042,188.7000000000,27250.8128232174,18167.6003916225,1087.5315179624,2157.8317393788,5837.8491742537
3043,36.5500000000,5346.9826953830,3564.9335633405,1098.3260134850,418.0680877361,265.6550308215
3044,12.6900000000,1105.4510200343,736.7289848716,755.9089524359,145.1346193416,-532.3215366147
3045,9.0100000000,779.8165877434,520.1123792850,752.8992265782,103.0086077578,-596.2036258776
3046,160.7400000000,19098.7084997877,12732.8492807684,935.2637903541,1838.2464190059,3592.3490096594
3047,212.8800000000,25248.1778286693,16831.9570557506,934.0736028865,2434.3900053607,5047.7571646715
3048,319.1600000000,27623.3365309871,18415.8309109804,752.8992265782,3648.8598503854,4805.7465430432
3049,36.5900000000,4365.7523375703,2910.8785726727,938.0257820855,418.5051641099,98.3428187022
3050,26.9000000000,2347.5108093055,1564.7584893119,756.7447129152,307.6863416709,-281.6787345925
3051,26.0700000000,2268.3664936046,1512.3863788108,755.3660261078,298.1403766547,-297.5262879687
3052,90.8000000000,10821.7077866737,7214.3043916716,937.2848285391,1038.5040785054,1631.6144879575
3053,56.0500000000,6696.2938787670,4464.4008982864,938.8824522502,641.1104882047,651.9000400257
3054,13.4800000000,1968.6203543374,1312.8759906439,1096.8788562489,154.1818470091,-595.3163395645
3055,135.6200000000,15954.3499453582,10636.0250349499,928.7304688664,1550.5024843629,2839.0919571790
3056,137.9700000000,16253.3833195290,10835.9498349279,929.6388554362,1577.4341325400,2910.3604966248
3057,22.6200000000,1974.1035245148,1316.2825221125,756.7683859227,258.7318330632,-357.6792165836
3058,69.9000000000,6091.2506033310,4060.5616139800,756.0716187804,799.4577888456,475.1595817249
3059,50.3000000000,4385.6861474535,2923.5802680914,756.3298557505,575.3083510477,130.4676725639
3060,56.0000000000,6682.8472576673,4455.4322352890,938.1427889439,640.5145487006,648.7576847338
3061,136.7800000000,19559.6151216003,13040.0335641413,1079.4039103234,1563.8286631067,3876.3489840289
3062,20.8600000000,1820.5039576206,1213.4006698094,756.7683859227,238.6006205879,-388.2657186994
3063,83.3700000000,11864.8724806748,7910.2197105226,1075.4639149027,953.1010606060,1926.0877946436
3064,191.3700000000,22598.3990026361,15065.4321173991,931.2135751301,2188.1222624646,4413.6310476424
3065,117.1500000000,10179.4484679339,6786.4220434246,754.7330514445,1339.6395774681,1298.6537955968
3066,55.3000000000,6606.0908583611,4404.2755680280,938.8222665727,632.5299142899,630.4631094706
3067,12.4200000000,1478.3461247868,985.3095666251,936.4401288793,142.0450037298,-585.4485744474
3068,38.6000000000,3363.6948968323,2242.7520542332,756.0716187804,441.4745443411,-76.6033205224
3069,84.9700000000,7398.8760577801,4932.6446047341,755.7180513530,971.7723701868,738.7410315063
3070,10.2200000000,887.6667947445,591.7435087712,754.5370947577,116.8654402177,-575.4792490022
3071,20.3600000000,2978.8453069363,1985.6283221203,1098.4202960231,232.8833644478,-338.0866756549
3072,45.9800000000,4001.8398929369,2668.1460328239,755.4932545847,525.8424449363,52.3581605919
3073,56.4000000000,6723.6046202995,4482.0928223583,937.4569555241,645.0675083404,658.9873340767
3074,142.2000000000,12345.2137588404,8230.3094646227,754.3228133681,1626.0106447742,1734.5708360754
3075,18.4700000000,1607.9282500110,1071.7364235331,755.6102914559,211.2321111671,-430.6505761451
3076,114.2200000000,9947.9767668447,6632.1547059455,755.8173576902,1306.3108152992,1253.6938879099
3077,26.3000000000,3846.5210993539,2564.7987355280,1098.1153248667,300.8243682388,-117.2173292796
3078,4.5500000000,658.5377440718,439.4099896113,1089.3723944003,52.0326006541,-922.2772405939
3079,30.1400000000,4410.2045286276,2940.4849674968,1098.5078760990,344.7505103344,26.4611746974
3080,100.6500000000,11980.3170257478,7986.8034282907,936.4401288793,1151.1134964093,1905.9599721685
3081,71.2600000000,10406.8165022318,6938.1849227781,1096.8788562489,815.0592298122,1556.6934933927
3082,11.9400000000,1423.4014036591,948.6371216253,937.4569555241,136.5621639997,-599.2548374900
3083,166.2600000000,14389.8230719448,9593.1838845902,752.8992265782,1900.8003469265,2142.9396138499
3084,6.5000000000,770.3650966213,513.8589664331,933.6011095794,74.3291272176,-751.4241066088
3085,203.9200000000,29482.9155449300,19655.3566014210,1088.4939688877,2331.9278931471,6407.1370814743
3086,46.1700000000,6742.6707536913,4494.7768290796,1096.8788562489,528.0842638286,622.9308045342
3087,228.6800000000,27032.3561258333,18021.7720043762,931.8958594654,2614.8062598924,5463.8820020993
3088,6.3900000000,763.1889986568,508.9206639900,938.6878670654,73.0893045395,-757.5088369381
3089,199.9200000000,17364.2216834944,11575.9823903376,754.5370947577,2286.0801182302,2747.6220801689
3090,2.5000000000,218.1812029747,145.2449679572,756.7683859227,28.5954722660,-712.4276231713
3091,19.5300000000,1704.2523203222,1136.2416557615,756.7192474217,223.3864119981,-412.0949948590
3092,47.7600000000,6986.0744004103,4657.1115921056,1098.2245360874,546.2894504689,684.4488217484
3093,35.7600000000,4268.1753733251,2845.4330115927,938.2513041608,409.0165318283,75.4745257433
3094,77.3600000000,6729.1409691393,4486.0280538364,755.2275891446,884.6851408703,603.2001852880
3095,54.3200000000,4739.8647808397,3160.1673943204,756.6918581469,621.3162789647,201.6892494077
3096,6.2500000000,746.1947765784,497.5673566318,938.4454697809,71.4870935332,-761.3051433676
3097,97.8400000000,8515.4418252488,5677.0833034851,755.4932545847,1118.9305091903,963.9347579887
3098,281.9900000000,40407.9641045224,26938.8681106380,1081.1023166841,3224.1598090545,9163.8338681458
3099,77.1200000000,11150.0708455522,7433.3997345317,1088.4939688877,881.9060372671,1746.2711048657
3100,55.2600000000,4822.1701598058,3215.0474123252,756.7192474217,632.0703086029,218.3331914560
3101,65.2800000000,9492.5707932419,6328.6711628943,1093.2784533794,746.5940292657,1324.0271477025
3102,137.6800000000,20052.0388305082,13368.2412744570,1094.5951237908,1574.6687892455,4014.5336430149
3103,134.6100000000,19501.3758037042,13001.0602530345,1090.1749041379,1539.3933145365,3870.7473319953
3104,75.4200000000,8931.5761249307,5953.9985266478,933.0839460749,862.4257828978,1182.0678693103
3105,92.4700000000,11006.6558904212,7337.6583020436,936.4401288793,1057.5605068352,1674.9969526632
3106,184.3800000000,21895.5036784010,14597.2147968069,934.9012987172,2108.5605774775,4254.8270053995
3107,38.1700000000,4547.8867256488,3032.1557525046,937.0984891794,436.5565636658,142.0759202991
3108,46.6600000000,5576.1633672075,3717.1866641462,939.0835389281,533.7113076379,386.1818564954
3109,99.6500000000,14422.7002630229,9615.3244785536,1089.3723944003,1139.5711330072,2578.4322570618
3110,120.4500000000,17414.7566564673,11609.4670011226,1088.4939688877,1377.4064080500,3339.3892784070
3111,80.5900000000,11651.7662012844,7767.4851158590,1088.4939688877,921.5872347427,1874.1998817950
3112,529.0700000000,75485.0929378720,50323.2231301896,1077.5309870471,6048.6974590907,18035.6413615446
3113,11.8800000000,1402.8791354513,934.9115675691,931.2135751301,135.8357761304,-599.0817833783
3114,78.1300000000,11417.6216337323,7611.9271437113,1097.4304909789,893.6497971754,1814.6142018667
3115,26.3100000000,3847.4446920389,2564.9640107085,1097.9977895315,300.9378308312,-116.4549390324
3116,283.1600000000,40783.0883393022,27188.3682885073,1085.3172731391,3237.8422937712,9271.5604838847
3117,31.6200000000,3778.5329224989,2518.7569863246,939.0386843848,361.6783882044,-40.9411364149
3118,67.7300000000,5900.0943724922,3933.6065442250,755.9089524359,774.6231495668,435.9557262644
3119,6.0700000000,529.6238072465,353.0905594600,756.6624014288,69.4288557400,-649.5580093824
3120,53.0900000000,6339.3084058770,4226.5407572054,938.5322790142,607.2426434410,566.9927262164
3121,62.4100000000,5433.1782394794,3621.9997379258,755.6102914559,713.7518168888,341.8163932089
3122,126.5800000000,18014.3403934727,12009.6766407935,1075.4639149027,1447.0856693235,3482.1141684530
3123,35.7400000000,5221.8478749626,3481.5096654360,1097.2602780930,408.7917956602,234.2861357734
3124,31.2400000000,3684.8319708488,2456.7644021948,930.4637478382,357.1855471288,-59.5817263131
3125,17.7000000000,2112.2570796556,1408.4041108512,938.1427889439,202.4483484286,-436.7381685681
3126,154.3300000000,18290.8377479325,12194.2685495853,933.6011095794,1764.8021851528,3398.1659036149
3127,20.6200000000,2460.2845914375,1640.0315860668,938.0257820855,235.8452168337,-353.6179935485
3128,6.6600000000,974.5176562926,649.7071547231,1098.5078760990,76.1791107773,-849.8764853068
3129,18.5200000000,1616.5596707430,1077.5612683832,756.8474066171,211.8374071464,-429.6864114038
3130,70.3400000000,6121.9969132053,4081.1828726372,755.4932545847,804.4314392523,480.8893467311
3131,331.8400000000,39186.1458171854,26124.1003737877,931.2135751301,3794.2545413401,8336.5773269275
3132,41.6900000000,3634.5289623811,2423.1746050110,756.2725330342,476.8276120735,-21.7457877376
3133,66.5200000000,5780.0846102174,3853.3074314360,754.7330514445,760.6728526947,411.3712746423
3134,4.4900000000,391.7094167412,261.2522815395,756.5966414806,51.3563279942,-677.4958342732
3135,29.4000000000,4299.3110583787,2866.3305393818,1097.9977895315,336.2817265845,-1.2989971192
3136,73.0200000000,6336.0960152657,4224.2134969858,754.0882497416,834.9359502245,522.8583183137
3137,129.4500000000,11263.5229227895,7508.8657053236,755.3660261078,1480.4093501326,1518.8818412254
3138,2.4700000000,295.0352397605,197.0440343140,938.7575205857,28.2521473444,-869.0184624836
3139,58.2200000000,5077.8467602057,3384.9748618338,756.4780410728,665.9063754526,270.4874818465
3140,2.8900000000,345.2683195296,230.5117429041,938.8824522502,33.0563659395,-857.1822415642
3141,35.6900000000,3113.8372001191,2076.1577030421,756.6307199789,408.2216979546,-127.1729208565
3142,68.2100000000,5939.4767082639,3959.3873733067,755.7180513530,780.0940728544,444.2772107498
3143,264.7900000000,38014.2233615814,25342.6514329127,1082.6437912211,3027.6056533313,8561.3224841163
3144,91.9300000000,8003.0776406880,5335.2134368582,755.6102914559,1051.3572268320,860.8966855419
3145,38.3500000000,3345.9136067405,2230.6123418497,756.6307199789,438.6467390462,-79.9761941343
3146,274.7900000000,39683.3643650870,26455.6296611892,1087.5315179624,3142.2924412502,8997.9107446853
3147,43.3500000000,5179.0247929447,3452.9718222784,938.8824522502,495.8454890932,291.3250293229
3148,60.8500000000,7263.9261661362,4842.7782675126,938.3519954833,695.9950444142,786.8008587261
3149,31.7800000000,2773.5194522139,1848.8474046224,756.7683859227,363.5056434460,-195.6019817771
3150,70.5200000000,8383.2298384602,5588.7833541133,935.5962830805,806.4899786191,1052.3602226472
3151,19.9500000000,2913.4997083851,1941.9624028275,1096.8788562489,228.1845584445,-353.5261091357
3152,258.2400000000,37375.9971492527,24917.1311756065,1089.3723944003,2953.1645698724,8416.3290093735
3153,36.2700000000,3165.5219250307,2110.5900175821,756.7903865069,414.8642874478,-116.7227665062
3154,183.2900000000,15863.7716279127,10575.6183787952,752.8992265782,2095.4991915564,2439.7548309829
3155,2.3500000000,205.0567421755,136.9628574705,756.6918581469,26.8794781953,-715.4774516372
3156,281.4400000000,24338.9877424735,16226.1287049936,752.5246171233,3217.4734616402,4142.8609587165
3157,41.9200000000,4989.7157448519,3326.8687720166,936.4401288793,479.4304795775,246.9763643786
3158,114.0900000000,16495.2228056153,10996.9771353559,1088.4939688877,1304.6766051841,3105.0750961875
3159,391.6900000000,46078.4495656788,30718.7432319319,928.7304688664,4478.0734264865,9952.9024383940
3160,82.2500000000,12014.6333934417,8009.6168735691,1097.0767788299,940.7656927373,1967.1740483054
3161,44.3600000000,3871.4072655825,2581.1241180734,756.7683859227,507.3980598887,26.1167016976
3162,88.8700000000,10596.9963180646,7065.0516272468,937.6160751321,1016.4468669938,1577.8817486919
3163,67.2200000000,9826.8438900872,6551.1759571853,1097.7350963539,768.8674571430,1409.0653794050
3164,72.1900000000,8618.8481473907,5745.7182849153,938.4454697809,825.7045251457,1108.9798675488
3165,46.4100000000,5537.4300624935,3691.8459946093,938.0257820855,530.8233032616,376.7349825371
3166,2.7200000000,324.4760880593,216.1847422750,937.8995482845,31.1103259651,-860.7185284654
3167,50.8600000000,4438.6783933166,2959.3662221287,756.7683859227,581.7462877804,140.7974974847
3168,29.3100000000,4285.5036703786,2857.4553583389,1097.8712831691,335.2511897421,-5.0741608714
3169,446.0800000000,63789.6849937377,42526.0796084310,1079.4039103234,5100.1073990249,15084.0940759584
3170,23.8600000000,2833.4240035071,1888.6747215167,934.9012987172,272.8617820730,-263.0137987997
3171,16.3200000000,2383.9369845710,1589.7612666629,1097.0767788299,186.6662140483,-489.5672749700
3172,21.9700000000,1917.1747812330,1278.2718627317,756.7192474217,251.2954158524,-369.1117447729
3173,11.3800000000,993.1105208140,662.1333328027,756.7447129152,130.1661921269,-555.9337170307
3174,143.5600000000,12474.2776103849,8316.2426057559,754.7330514445,1641.6445389784,1761.6574142061
3175,198.9000000000,17267.6724095172,11511.8476434434,754.3228133681,2274.3566613614,2727.1452913444
3176,6.3100000000,752.5817027720,501.6568182013,937.7632772109,72.1708885708,-759.0092812110
3177,11.2200000000,1638.1522315062,1092.3621241875,1096.6652581846,128.3316649361,-679.2068158020
3178,11.5100000000,1003.4403539699,669.1611879947,756.2725330342,131.6451382817,-553.6385053407
3179,47.0600000000,4105.8329682714,2737.0798784049,756.6307199789,538.2715916431,73.8507782444
3180,365.3400000000,52124.9056909713,34749.5098667415,1077.5309870471,4176.8218377610,12121.0429994217
3181,40.1600000000,4799.3724995083,3199.1840632339,939.0835389281,459.3623256480,201.7425716982
3182,134.5700000000,11705.5390410687,7803.4269507910,755.2275891446,1538.9358765112,1607.9486246218
3183,14.3000000000,2087.2664878959,1391.7579985508,1096.4346045105,163.5590010050,-564.4851161704
3184,30.7400000000,2683.1086598806,1788.7246806077,756.8298005211,351.6127025111,-214.0585237594
3185,8.9000000000,773.6406985589,515.8892597154,754.9124345824,101.7759819979,-598.9369777368
3186,53.2700000000,4624.6802878581,3083.0580470371,754.3228133681,609.1250847196,178.1743427334
3187,225.3700000000,19490.0428777760,12993.4166879319,752.5246171233,2576.4709851117,3167.6305876091
3188,165.4100000000,24052.7900568343,16034.9080677105,1093.2784533794,1891.7603918634,5032.8431438809
3189,59.3100000000,5160.5990309049,3440.4579026748,755.3660261078,678.2779340005,286.4971681218
3190,234.5500000000,33872.1682442271,22581.8768504135,1087.5315179624,2682.1379675215,7520.6219083297
3191,42.3500000000,5006.2107833175,3337.3651859956,931.8958594654,484.2445561765,252.7051816800
3192,66.5600000000,7930.5040728106,5286.8356710336,937.0984891794,761.2576598793,945.3122527184
3193,53.6200000000,6396.4734712272,4264.0576752164,937.8995482845,613.2851758276,581.2310718987
3194,75.1000000000,6542.1096615113,4361.1724729452,755.9089524359,858.9133106817,566.1149254486
3195,7.1000000000,848.1599474569,565.1504047470,938.8222665727,81.2108931548,-737.0236170175
3196,33.9400000000,2950.2657650663,1966.8278026648,754.9124345824,388.1209920234,-159.5954642043
3197,10.2200000000,1495.4309980947,996.9644270751,1098.5078760990,116.8994762979,-716.9407813773
3198,124.4700000000,10838.3912311627,7225.6976272637,755.7180513530,1423.5201473126,1433.4554052335
3199,14.5500000000,2118.0756175001,1412.3153173794,1094.1922130533,166.4090894845,-554.8410024172
3200,51.0800000000,6101.9732557882,4068.1085169285,938.8222665727,584.2609045557,510.7815677314
3201,22.8200000000,1989.1810673833,1326.0500012522,756.2106627622,261.0007188001,-354.0803154313
3202,140.3600000000,20269.8679802162,13513.0912003804,1087.5315179624,1605.0517378867,4064.1935239868
3203,142.7600000000,16817.6632796692,11211.7631240005,929.6388554362,1632.1990053013,3044.0622949312
3204,24.6100000000,3593.1306967351,2395.5309740954,1096.6652581846,281.4832686343,-180.5488041792
3205,153.0600000000,13273.9880596035,8849.3360789908,753.8312137160,1750.0861864077,1920.7345804890
3206,72.8100000000,10642.1812483613,7094.3533017085,1097.5884505866,832.8031279129,1617.4363681532
3207,61.2200000000,8946.4584207998,5964.3924445521,1097.4304909789,700.2334645217,1184.4020207471
3208,144.4800000000,21021.2631926587,14013.9258252890,1093.7544670621,1652.4073918414,4261.1755084661
3209,77.3200000000,6741.5756047934,4494.0985939257,756.3298557505,884.3507296820,606.7964254352
3210,19.5100000000,2328.6381860619,1552.0543699596,938.2513041608,223.1519165540,-384.8194046126
3211,56.8500000000,4937.7551155795,3291.5732675401,754.5370947577,650.0783049289,241.5664483528
3212,55.7500000000,6602.1661225787,4401.7060536289,933.0839460749,637.4998328898,629.8762899851
3213,24.1100000000,2096.5238513861,1397.9308944362,755.0768121019,275.7156047848,-332.1994599368
3214,182.8800000000,15890.8880564725,10593.7198338882,754.7330514445,2091.2785823932,2451.1565887466
3215,64.7500000000,5599.5930085459,3733.2609745422,752.5246171233,740.2338212095,373.5735956709
3216,156.5800000000,13552.0179033148,9034.5446623952,752.8992265782,1790.1318315996,1974.4421827418
3217,56.2800000000,8167.2233540624,5445.1000586706,1091.5804976578,643.6366420404,986.9061556937
3218,41.3300000000,6045.5287891323,4029.9538977021,1098.2245360874,472.7416873509,444.6086679919
3219,66.5700000000,5804.9375518411,3870.1555094833,756.3829978112,761.4023527573,416.9966917893
3220,181.6400000000,26314.7604263044,17543.0203044642,1090.1749041379,2077.2260727465,5604.3391449557
3221,11.6700000000,1016.5968009299,677.5275485873,755.9089524359,133.4689525387,-550.3086526319
3222,48.0000000000,4186.8570045268,2791.4656404927,756.5205193927,549.0154789641,89.8553656773
3223,40.6300000000,3534.1907649448,2356.1071711326,755.2275891446,464.6426741670,-41.7866694994
3224,54.2900000000,6410.9687090616,4273.8814517444,931.2135751301,620.7512025354,585.1224796517
3225,92.8800000000,8044.6763242158,5363.1831729343,753.2396180813,1061.9126058587,866.3409273416
3226,5.3400000000,781.2885038821,521.0103469120,1098.4202960231,61.0804109112,-899.2225499642
3227,67.0600000000,9797.9048263847,6531.9752770562,1097.2602780930,767.0279187737,1401.6413524619
3228,13.1200000000,1565.4187119137,1043.6564638607,938.0257820855,150.0625239990,-566.3260580315
3229,102.0600000000,12166.8632543930,8111.2825445396,937.4569555241,1167.2976932840,1950.8260610453
3230,15.6900000000,2288.7369941051,1525.9617451096,1095.9158827522,179.4550303765,-512.5956641331
3231,41.7900000000,4987.0747660343,3324.6462424421,938.1427889439,477.9839819678,246.3017526804
3232,19.4100000000,2304.9773641271,1536.5489259797,934.9012987172,221.9718017618,-388.4446623315
3233,18.3100000000,2187.4958237328,1458.3395979650,938.8824522502,209.4332388765,-419.1594653589
3234,64.2800000000,9398.5730444196,6265.4935784064,1097.8712831691,735.2421179333,1299.9660649108
3235,16.2500000000,1417.8561561376,945.0364973783,756.6624014288,185.8680240157,-469.7107666852
3236,284.5100000000,41134.6817462144,27422.8417172800,1088.4939688877,3253.5151278897,9369.8309321570
3237,81.1100000000,9679.3882333821,6452.9284501982,938.1427889439,927.7166972340,1360.6002970060
3238,27.6500000000,2413.1977178687,1608.6277185466,756.7903865069,316.2668196287,-268.4872068135
3239,8.5400000000,1248.0031838228,831.6881894794,1097.4304909789,97.6803950836,-778.7958917191
3240,61.9500000000,7378.9754470691,4919.4826215041,936.8966040123,708.5252985270,814.0709230257
3241,98.8200000000,8604.8832768016,5736.3191367461,755.7180513530,1130.1700084954,982.6760802071
3242,63.4300000000,5503.9519343783,3669.5187953614,754.0882497416,725.2805713879,355.0643178873
3243,352.3600000000,50146.4131856853,33430.7825722088,1075.4639149027,4028.2438492877,11611.9228492861
3244,107.6300000000,9374.0215322667,6249.3965644691,755.8173576902,1230.9423310336,1137.8652790738
3245,83.1000000000,9911.1790016405,6607.7609022451,937.7632772109,950.4597211145,1415.1951010699
3246,59.3100000000,5162.0079175747,3441.1603040159,755.4932545847,678.2887213826,287.0656375915
3247,19.4700000000,1692.4476854991,1128.5077556273,754.9124345824,222.6492549999,-413.6217597105
3248,226.0900000000,32722.8128697125,21815.4136018796,1089.3723944003,2585.5056443713,7232.5212290613
3249,84.3700000000,12321.4020248849,8214.5921359041,1096.8788562489,965.0090825042,2044.9219502276
3250,56.3200000000,6722.1375007179,4481.5569932585,938.2513041608,644.1781619846,658.1510413140
3251,23.5100000000,3411.7167920044,2274.0073041958,1091.5804976578,268.8681139724,-222.7391238216
3252,104.4200000000,15231.9896064026,10154.3777891483,1095.9158827522,1194.3081116580,2787.3878228442
3253,52.8200000000,4567.8842117590,3045.0061580065,752.5246171233,603.8478831859,166.5055534433
3254,39.1900000000,3413.2482007761,2275.6711320505,755.8173576902,448.2080270669,-66.4483160315
3255,272.5600000000,39256.3870524093,26170.9970880341,1085.3172731391,3116.6347492240,8883.4379420121
3256,19.1700000000,2798.1047953122,1865.7625342892,1096.4346045105,219.2605628857,-383.3529063731
3257,23.3700000000,2781.7189159635,1854.7003607061,936.4401288793,267.2779176461,-276.6994912680
3258,31.2900000000,3734.6534516595,2489.7538851436,938.2513041608,357.8894653497,-51.2412029947
3259,82.8000000000,7166.3499961328,4777.3285208401,752.8992265782,946.6273831680,689.4948655464
3260,576.9200000000,82104.8606399295,54736.4108436165,1075.4639149027,6595.4547665202,19697.5311148901
3261,43.1700000000,5157.9559309535,3438.6631000147,938.9383947274,493.7880145884,286.5664216230
3262,20.4900000000,2448.6838275629,1632.7441980754,939.0835389281,234.3708678418,-357.5147772824
3263,93.2300000000,13611.8478202605,9074.2713298734,1096.6652581846,1066.3423459885,2374.5688862140
3264,15.0900000000,1316.3543737584,877.5792061644,756.5599770292,172.5976207101,-490.3824301454
3265,43.9500000000,3835.2221955024,2556.5437254634,756.7192474217,502.7052128682,19.2540097491
3266,19.6400000000,1713.8512837239,1142.6975742602,756.7192474217,224.6446047948,-410.2101427527
3267,115.5500000000,13753.8562575773,9169.1749082409,936.4401288793,1321.5217537018,2326.7194667553
3268,10.5000000000,1531.6595562845,1021.0479323895,1095.9158827522,120.0941885885,-705.3984474457
3269,251.5400000000,36406.2822294107,24270.9400144134,1089.3723944003,2876.5451359421,8169.4246846549
3270,239.5500000000,28287.8532741887,18858.5019058222,931.2135751301,2739.0117989936,5759.1259942428
3271,276.9900000000,32743.1009414666,21828.8404387712,931.8958594654,3167.1995186619,6815.1651245681
3272,97.5900000000,14172.4854802329,9447.9253254358,1092.1959456200,1116.0878033997,2516.2764057774
3273,26.3400000000,3146.8399779969,2098.1272925561,938.8824522502,301.2818957951,-191.4516626045
3274,45.0500000000,3901.9451809423,2601.4111071376,753.2396180813,515.0641999777,32.2302557457
3275,24.8800000000,2972.8982736058,1981.6520444795,938.9903837852,284.5836941963,-232.3278488553
3276,46.0300000000,5499.6690178779,3666.0879082167,938.9383947274,526.5013275772,368.1413873567
3277,40.7600000000,3557.3938148401,2371.8452492439,756.7903865069,466.2219011958,-37.4637221065
3278,74.5200000000,6444.5045713798,4296.3785517078,752.5246171233,851.9262448885,543.6751576602
3279,60.5200000000,5268.6419973288,3512.4792274917,755.6102914559,692.1368363741,308.4156420071
3280,211.5500000000,30469.2129473774,20312.3422439300,1085.3172731391,2419.0052876370,6652.5481426714
3281,28.1200000000,3355.1504709614,2236.4067082729,938.0257820855,321.6279096685,-140.9099290656
3282,236.7400000000,20531.0592789137,13687.3814093734,753.8312137160,2706.8822930233,3382.9643628010
3283,58.4300000000,6954.8924373020,4636.7509017653,936.4401288793,668.2519780943,713.4494285631
3284,61.5800000000,5367.8251590474,3578.7373527771,756.2106627622,704.3130702766,328.5640732315
3285,282.3200000000,33373.1624166751,22249.1012399706,931.8958594654,3228.1445832291,6964.0207340101
3286,39.6800000000,3462.9720536139,2308.7898031536,756.7683859227,453.8673358067,-56.4534712691
3287,118.4200000000,14044.9512329529,9363.3509741826,934.0736028865,1354.1923357516,2393.3343201322
3288,104.9300000000,12460.6530045266,8306.9676310776,934.9012987172,1199.9742997869,2018.8097749449
3289,23.6500000000,2063.3860964645,1375.7238758912,756.6307199789,270.5083540663,-339.4768534719
3290,14.1600000000,1691.8382205768,1128.0270486821,938.9383947274,161.9652139581,-537.0924367907
3291,25.0900000000,2188.8617519011,1459.2806011709,756.5966414806,286.9777882796,-313.9932790300
3292,204.1500000000,23979.3995919390,15986.6446863171,927.7291392802,2333.8800710412,4731.1456953005
3293,51.3100000000,6126.7642551431,4084.5198984284,938.5322790142,586.8830294774,516.8290482231
3294,31.6700000000,4631.2646673080,3087.3326604089,1097.9977895315,362.2463360861,83.6878812814
3295,111.1700000000,9621.7769211362,6414.7193445151,752.8992265782,1270.9730215796,1183.1853284633
3296,49.7500000000,4336.0031146031,2890.8334649874,756.1438402539,569.0041619565,120.0216474053
3297,36.5100000000,3186.7370583032,2124.2838842566,756.8298005211,417.6115734770,-111.9881999515
3298,6.5100000000,567.4657646216,378.1106429273,756.2106627622,74.4572602712,-641.3128013392
3299,282.4900000000,40842.6285420129,27227.9585781724,1088.4939688877,3230.4154106273,9295.7605843255
3300,27.3800000000,2389.3994780217,1592.8679232517,756.7447129152,313.1766555743,-273.3898137194
3301,68.9800000000,6008.9843468848,4005.9638552392,755.9089524359,788.9193098645,458.1922293453
3302,17.7200000000,1546.3900201076,1030.6792444570,756.7447129152,202.6840882679,-443.7180255325
3303,67.8600000000,8095.2012263611,5397.1639105886,937.8995482845,776.1568823510,983.9808851369
3304,95.0000000000,11327.9470036698,7552.0119613678,937.6160751321,1086.5584827772,1751.7604843927
3305,16.5500000000,1443.9340336781,962.6475162894,756.6307199789,189.2986579195,-464.6428605098
3306,91.0600000000,13295.0215865378,8863.4646041530,1096.6652581846,1041.5224072264,2293.3693169739
3307,21.5400000000,1877.0463232582,1251.2195670985,756.0716187804,246.3565203395,-376.6013829603
3308,54.5600000000,6498.7393122210,4332.8497565967,936.8966040123,624.0054929400,604.9874586720
3309,29.8000000000,2600.4464488276,1733.4141168862,756.7192474217,340.8558667457,-230.5427822260
3310,152.3900000000,22172.1366135746,14781.8121718802,1093.7544670621,1742.8734942048,4553.6964804274
3311,400.9700000000,57457.2905670072,38305.1014995119,1081.1023166841,4584.5290919415,13486.5576588697
3312,120.9200000000,10514.7932023895,7009.7685857699,755.0768121019,1382.8092463947,1367.1385581229
3313,249.2900000000,35788.9865244482,23859.1791539129,1082.6437912211,2850.3788410399,7996.7847382742
3314,176.5500000000,25656.7736841841,17104.7825107043,1092.7603591096,2019.1410139635,5440.0898004067
3315,84.1300000000,7303.8173947345,4869.3792330887,754.3228133681,961.9991247880,718.1162234897
3316,73.0400000000,8707.3064089836,5804.9629369184,937.4569555241,835.3852980351,1129.5012185060
3317,231.3700000000,27218.3892262021,18145.8062896589,928.7304688664,2645.1833048742,5498.6691628026
3318,127.4900000000,18549.2860218165,12366.1697065621,1093.7544670621,1458.0939810760,3631.2678671163
3319,142.8600000000,12430.3351467725,8287.1698066999,755.3660261078,1633.7680939354,1754.0312200293
3320,185.8700000000,22084.5897029709,14722.8245502656,935.2637903541,2125.6368166021,4300.8645457490
3321,21.4400000000,1868.8887854819,1246.1674710563,756.2106627622,245.2171521067,-378.7065004433
3322,9.1500000000,1092.4291529107,728.5807722109,938.4454697809,104.6571049326,-679.2541940137
3323,23.6400000000,2060.9322300477,1373.8081965648,756.2725330342,270.3815003458,-339.5299998971
3324,129.7700000000,11284.3591951214,7522.6784822897,755.0768121019,1484.0155136011,1522.5883871288
3325,87.4600000000,10433.3377432588,6955.1849842254,937.8995482845,1000.3342312175,1539.9189795313
3326,119.0800000000,10361.2229404849,6907.4488997147,755.3660261078,1361.8164960509,1336.5915186115
3327,94.5900000000,8222.3228850212,5481.3233844757,754.9124345824,1081.6842850764,904.4027808867
3328,24.2100000000,2878.0203401747,1918.9556880038,935.5962830805,276.8735448436,-253.4051757532
3329,66.3200000000,5770.5433776701,3847.2986829397,755.3660261078,758.4453310220,409.4333376007
3330,35.6600000000,5210.1593514596,3473.2203567088,1097.2602780930,407.8767608629,231.8019557948
3331,1.0200000000,89.0134210220,59.3421383172,756.7447129152,11.6669170448,-738.7403472552
3332,39.0100000000,4656.0828107778,3104.1087399193,938.2513041608,446.1894548831,167.5333118145
3333,112.8400000000,16460.2346982041,10973.4601964497,1095.9158827522,1290.6122133642,3100.2464056380
3334,70.3000000000,10201.7733082905,6801.1594602553,1091.5804976578,803.9739860596,1505.0593643178
3335,62.0100000000,7404.4172960714,4936.6450510907,938.5322790142,709.2694729662,819.9704930003
3336,45.2800000000,3952.0568396881,2634.6502736139,756.8108245191,517.9240222350,42.6717193201
3337,100.6500000000,11980.3170257478,7986.8034282907,936.4401288793,1151.1134964093,1905.9599721685
3338,29.9100000000,2608.6979834722,1738.9147669271,756.4780410728,342.1033955649,-228.7982200926
3339,168.9400000000,24158.5127843482,16105.4145885477,1079.4039103234,1931.5193328355,5042.1749526416
3340,44.2400000000,5277.5081381405,3518.5930466821,937.8995482845,506.0003017272,315.0152414467
3341,33.4800000000,2911.3072809792,1941.0119613394,755.0768121019,382.8684549230,-167.6499473853
3342,44.7200000000,3902.6276353956,2601.6842746444,756.7447129152,511.5142453354,32.6844025007
3343,38.6600000000,5642.9176518921,3761.7806772425,1096.4346045105,442.1811873323,342.5211828068
3344,145.6700000000,21154.8925085104,14103.7070837433,1092.1959456200,1665.9546092964,4293.0348698507
3345,320.1200000000,46170.8703926770,30780.7476981257,1086.4759890134,3660.5640628644,10643.0826426735
3346,276.9000000000,39407.2590847890,26271.1676517358,1075.4639149027,3165.5713527862,8895.0561653643
3347,9.8800000000,1180.7221189029,787.3639533866,939.0835389281,113.0104526246,-658.7358260363
3348,48.8400000000,4233.0336674128,2822.2894570131,753.5492527343,558.4168412859,98.7781163794
3349,21.5600000000,1880.4255608045,1253.5380722751,756.4780410728,246.5981012497,-376.1886537932
3350,11.2200000000,979.2861691983,652.9598621835,756.8108245191,128.3371804213,-558.8216979256
3351,90.6400000000,7899.8054735200,5266.2470098608,756.1438402539,1036.6741153715,840.7405080338
3352,32.1400000000,3828.2529599484,2552.3675525796,936.8966040123,367.5868134731,-28.5980101165
3353,2.4400000000,212.2428123669,141.3664302680,755.2275891446,27.9037195414,-712.2549265872
3354,88.7000000000,12950.4548070053,8633.4936306398,1096.6652581846,1014.5292941025,2205.7666240784
3355,17.1300000000,2495.9604699410,1663.8092383184,1094.9662915433,195.9204280264,-458.7354879471
3356,122.9300000000,17494.8875380755,11663.2436607706,1075.4639149027,1405.3582029542,3350.8217594481
3357,52.2600000000,6237.5515942385,4158.2123328502,938.2513041608,597.7406027222,543.3473545053
3358,58.0900000000,5057.0954002781,3371.6671426480,755.6102914559,664.3461471410,265.4718190333
3359,16.1700000000,1920.2207098370,1280.4574383164,934.9012987172,184.9193217150,-480.0573489116
3360,176.4200000000,20892.4510734590,13928.1036962653,933.0839460749,2017.3582155771,4013.9052155417
3361,170.9500000000,14806.6044102573,9871.1078996864,753.2396180813,1954.4999996936,2227.7568927960
3362,51.8200000000,6192.3964593262,4128.2000097896,939.0386843848,592.7316279807,532.4261371710
3363,55.3600000000,4827.9295517992,3218.8252027105,756.4322921394,633.1906500444,219.4814069049
3364,15.1200000000,1800.3734176780,1200.6122484423,936.6776962357,172.9263549601,-509.8428819601
3365,102.8500000000,14997.7466885736,9998.4528233863,1095.6242774865,1176.3425258277,2727.3270618731
3366,41.6800000000,4976.8765183076,3317.6072610322,938.5322790142,476.7352303375,244.0017479237
3367,49.7000000000,7217.6711585980,4811.6238255312,1092.1959456200,568.3939320521,745.4574553946
3368,6.7700000000,987.8735083749,659.0576482108,1096.1853728800,77.4326863177,-844.8021990335
3369,81.9500000000,11973.4312633795,7982.6043043212,1097.2602780930,937.3387704071,1956.2279105582
3370,38.3700000000,5590.7766042986,3726.9326938333,1094.9662915433,438.8480340557,330.0295848664
3371,29.4600000000,4307.4356236559,2871.3941649649,1097.8712831691,336.9669071922,1.2032683297
3372,87.4900000000,10400.5782553444,6933.4530332985,935.5962830805,1000.5644955954,1530.9644433699
3373,29.5200000000,4289.9346313062,2859.9050630251,1092.7603591096,337.6099843229,-0.3407751514
3374,49.4000000000,5893.0583640176,3928.5985923760,937.8995482845,565.0184201023,461.5418032549
3375,74.5500000000,6501.4838888480,4334.3906496773,756.4322921394,852.6799667776,557.9809802538
3376,39.5500000000,3433.5668365832,2289.1375199031,754.3228133681,452.2413572491,-62.1348539370
3377,454.6000000000,64696.7857708381,43130.9060128497,1075.4639149027,5197.0701949318,15293.3456481539
3378,37.2400000000,3247.6896045701,2164.9906500423,756.4322921394,425.9396641556,-99.6730017671
3379,145.0500000000,20920.5446409402,13947.0195049463,1086.4759890134,1658.6430629716,4228.4060840089
3380,53.7400000000,6416.9228429427,4277.6682663652,938.5322790142,614.6773339333,586.0449636301
3381,24.1900000000,2110.8993153402,1407.3902327046,756.7192474217,276.6880341133,-329.8981988994
3382,80.3900000000,9581.0252089284,6387.1866907157,937.2848285391,919.4421021041,1337.1115875695
3383,75.1400000000,6546.7804972849,4364.6934358500,755.9935047728,859.3799988913,566.7135577708
3384,61.9700000000,5374.2913893482,3582.6031876883,753.8312137160,708.5642295288,329.2927584150
3385,24.2000000000,2109.1713642893,1406.1999994415,756.1438402539,276.7819240070,-329.9543994131
3386,189.9600000000,16441.0609331568,10960.8868078952,752.8992265782,2171.7552863116,2555.5196123717
3387,220.0600000000,19084.5015836688,12722.8343973034,753.8312137160,2516.1633750220,3091.6725976273
3388,23.7200000000,2070.1032538236,1379.8271955938,756.7683859227,271.3138408602,-337.8061685531
3389,58.3500000000,8516.9230467641,5677.9692259719,1096.4346045105,667.3893502545,1075.1298660272
3390,55.6400000000,6646.0569798687,4430.9645664974,938.7575205857,636.4167928097,639.9180999758
3391,112.0700000000,9745.2272096575,6496.8586892502,755.0768121019,1281.6029791883,1211.6887291171
3392,28.1500000000,2456.8360129477,1637.9822389580,756.7903865069,321.9859302910,-259.9225428083
3393,40.1600000000,3504.6852825914,2336.2062874358,756.7447129152,459.3562632529,-47.6219810124
3394,60.2500000000,8810.6629682761,5873.2987921445,1097.9977895315,689.1487764189,1150.2176101811
3395,58.3200000000,5051.3083896239,3367.5801318425,753.2396180813,666.7823339112,263.7063057889
3396,8.7400000000,757.9684806019,505.2389110843,753.8312137160,99.9330541566,-601.0346983549
3397,120.0700000000,17469.7056446742,11646.2762566329,1093.7544670621,1373.2319735493,3356.4429474299
3398,190.6000000000,27612.8239223388,18408.1555523556,1090.1749041379,2179.6921904068,5934.8012754385
3399,55.5200000000,6628.5974393009,4418.8720005637,938.4454697809,635.0341492740,636.2458196823
3400,42.7700000000,5069.0023357680,3379.6108946176,933.6011095794,489.0856570919,266.7046744791
3401,233.0900000000,33700.3373105519,22467.2418942588,1088.4939688877,2665.5015330210,7479.0999143843
3402,74.2200000000,8802.7046150124,5868.1904926606,934.0736028865,848.7430768408,1151.6974426245
3403,2.8000000000,244.0363561988,162.4693226446,756.1438402539,32.0243548438,-706.6011615436
3404,44.3000000000,6467.9272598685,4311.9557533717,1096.6652581846,506.6927590614,552.6134892508
3405,133.8700000000,11648.1098004930,7765.3522841863,755.3660261078,1530.9571240035,1596.4343661955
3406,67.6700000000,5900.1865128863,3933.5443607048,756.3298557505,773.9784515983,436.3338448326
3407,5.3600000000,638.2276136742,425.6716153568,936.6776962357,61.3019353562,-785.4236332745
3408,10.0200000000,873.9269072013,582.4520335824,756.4780410728,114.6063531782,-579.6095206321
3409,34.5100000000,4109.1856246077,2739.5788578093,936.6776962357,394.6883934970,38.2406770658
3410,11.8900000000,1036.1225990502,690.5315535402,756.0716187804,135.9878842543,-546.4684575248
3411,62.1200000000,7367.6099526350,4911.6202556125,934.0736028865,710.3734833381,811.5426107979
3412,9.2500000000,1105.1909279898,736.8563785746,938.9383947274,105.8035472537,-676.4073925659
3413,1.1300000000,135.0329602285,89.6506723946,939.0386843848,12.9252554924,-906.5816520434
3414,21.2900000000,2536.6651398759,1691.0099388968,937.0984891794,243.4972292492,-334.9405174495
3415,172.4400000000,24931.5121448006,16620.7477210316,1088.4939688877,1971.9382399680,5250.3322149132
3416,50.6300000000,7382.9452099415,4922.1327659612,1095.6242774865,579.0784840317,786.1096824621
3417,41.8800000000,6089.9029537526,4059.9022554416,1093.2784533794,478.9730077458,457.7492371857
3418,128.7000000000,15324.6070671403,10216.1187685637,936.6776962357,1471.9326642441,2699.8779380969
3419,53.0200000000,6326.1051909805,4217.2240784576,938.0257820855,606.4264498800,564.4288805575
3420,83.3800000000,11947.9983227600,7965.3131622817,1081.1023166841,953.3332560692,1948.2495877250
3421,76.3400000000,9110.1528508987,6073.7427280460,938.1427889439,873.1585829965,1225.1087509123
3422,225.7000000000,26588.3062638087,17725.8601345930,929.6388554362,2580.4659253047,5352.3413484748
3423,55.8200000000,8149.8803531797,5433.0642492484,1096.6652581846,638.4557519369,981.6950938098
3424,14.7700000000,2154.5344425069,1436.1992895149,1095.9158827522,168.9324919478,-546.5132217080
3425,28.6400000000,4173.0477442562,2781.8890464684,1094.9662915433,327.5634009735,-31.3709947290
3426,11.3100000000,1351.3199346556,900.6022404800,938.9383947274,129.3662831827,-617.5869837344
3427,43.7200000000,5222.2431912268,3481.1112728811,938.7575205857,500.0744461114,302.2999516485
3428,41.2100000000,5879.6391403211,3919.9142227727,1077.5309870471,471.1414789898,411.0524515116
3429,104.3600000000,12426.3868960899,8284.2245142519,936.6776962357,1193.5578309286,2011.9268546736
3430,0.8900000000,77.6643402502,51.6473479892,756.7192474217,10.1799235370,-740.8821786976
3431,273.8300000000,39312.0389104643,26208.0102623293,1082.6437912211,3130.9689038547,8890.4159530592
3432,347.1000000000,49737.9493623169,33158.9722092737,1081.1023166841,3968.6012614732,11529.2735748859
3433,97.7600000000,11631.7733769781,7754.8649586791,936.1820858981,1118.0471567549,1822.6791756460
3434,20.2200000000,2957.2873242942,1971.9306861095,1098.1153248667,231.2801796878,-344.0388663698
3435,63.1900000000,5483.1266393404,3655.2958542941,754.0882497416,722.5363283304,351.2062069742
3436,60.1000000000,5239.5104494868,3492.8186252145,756.2725330342,687.3912085780,303.0280826600
3437,140.6400000000,12203.6228921797,8135.5222904912,754.0882497416,1608.1264316568,1705.8859202901
3438,22.1500000000,2644.1407490537,1762.6970705506,938.3519954833,253.3490588952,-310.2573758754
3439,145.0600000000,21116.7044037504,14078.0792806865,1094.1922130533,1659.0585924830,4285.3743175276
3440,48.0800000000,5740.3271772620,3826.5299093353,938.4454697809,549.9359131321,425.4158850137
3441,18.2200000000,2637.0456476897,1757.6399584453,1089.3723944003,208.3591173446,-418.3258225005
3442,55.3100000000,8055.4784116459,5369.9066430166,1094.5951237908,632.5895608162,958.3870840224
3443,46.7800000000,5587.1645316377,3725.0893962157,938.6878670654,535.0731872233,388.3140811333
3444,105.8300000000,12609.4538164896,8406.4574548604,937.0984891794,1210.3951043423,2055.5027681075
3445,53.9300000000,4703.6804496375,3135.9555141428,756.4780410728,616.8383859183,194.4085085036
3446,304.4200000000,43962.3340733644,29308.3933590473,1087.5315179624,3481.1189088591,10085.2902874956
3447,150.9500000000,13134.2509478182,8755.9211404834,755.3660261078,1726.2865307263,1896.6772505008
3448,98.6200000000,14356.3310926366,9570.6899699011,1094.1922130533,1127.9219522313,2563.5269574509
3449,30.2300000000,2632.3175618064,1754.8122809069,755.7180513530,345.7300076585,-223.9427781120
3450,539.0900000000,76914.6970190664,51276.7157789722,1077.5309870471,6163.2530916914,18397.1971613557
3451,96.4300000000,14022.1905881176,9348.0102352185,1093.2784533794,1102.8502181693,2478.0516813504
3452,106.2200000000,12627.1507861776,8418.1924707321,935.5962830805,1214.7669530477,2058.5950793172
3453,99.6600000000,14542.3151912329,9694.5254059390,1096.1853728800,1139.8731932671,2611.7312191468
3454,105.1100000000,12519.8403428803,8346.6535691210,936.8966040123,1202.1484120770,2034.1417576700
3455,34.4800000000,5044.7242722576,3363.4112395099,1098.4202960231,394.3918667074,188.5008700172
3456,217.6500000000,18895.4695823601,12596.8723638599,754.3228133681,2488.7567991217,3055.5176060105
3457,78.0400000000,9249.1218677422,6166.3075971971,933.6011095794,892.4069366249,1256.8062243407
3458,534.0800000000,76199.8949784692,50799.9694545809,1077.5309870471,6105.9752753911,18216.4192614501
3459,99.7500000000,8673.9217824872,5782.8076568403,755.0768121019,1140.7147066480,995.3226068970
3460,35.3800000000,4225.6066936585,2817.4267686871,938.6878670654,404.6791227867,64.8129351193
3461,38.3600000000,5574.5898528762,3716.0549863511,1092.7603591096,438.7099931784,327.0645142372
3462,388.8000000000,45802.0978084574,30534.8297371522,929.6388554362,4445.2155594083,9892.4136564606
3463,42.2800000000,3690.0542318803,2459.9088104782,756.7903865069,483.6079976094,-10.2529627143
3464,86.5200000000,10216.9278450545,6811.4985637177,931.2135751301,989.2686322226,1484.9470739841
3465,52.6700000000,6289.1575388499,4192.4557510989,938.5322790142,602.4386895844,555.7308191524
3466,119.4900000000,14222.8324034436,9482.1555941100,936.4401288793,1366.5827291201,2437.6539513342
3467,45.9300000000,5403.2096518972,3601.9765294079,928.7304688664,525.1038129095,347.3988407134
3468,83.1800000000,7247.2877530497,4831.6720488154,755.9935047728,951.3338875137,708.2883119478
3469,61.2000000000,5337.2342588531,3558.3451213525,756.4322921394,699.9867735317,322.4700718295
3470,13.6900000000,1632.0238874450,1087.8866073685,937.4569555241,156.5775565457,-549.8972319933
3471,27.3300000000,2381.2019029917,1587.7272840824,755.9935047728,312.5745990112,-275.0934848747
3472,143.4700000000,17027.1271359072,11351.1343790784,934.5057179604,1640.6851023838,3100.8019364846
3473,66.2800000000,5780.2595862220,3853.7715440671,756.4322921394,758.0902508118,411.9654992037
3474,31.3200000000,4554.3400313164,3036.3974851622,1093.2784533794,358.2004441882,66.4636485866
3475,105.5400000000,12557.4607426992,8371.3089140590,936.1820858981,1207.0243138698,2042.9454288723
3476,59.6700000000,7105.0450947651,4736.9610529451,936.6776962357,682.4415079677,748.9648376165
3477,41.6200000000,6061.6346319418,4041.5613155335,1094.5951237908,476.0147807118,449.4634119057
3478,314.7300000000,45183.7928871578,30122.7287763564,1082.6437912211,3598.6190085462,10379.8013110341
3479,52.0900000000,7619.4433734793,5079.3563764565,1098.2245360874,595.8169488050,846.0455121304
3480,212.2600000000,30472.8239387034,20315.3287096357,1082.6437912211,2426.9782694818,6647.8731683647
3481,159.1600000000,23113.9746801298,15408.8843967417,1092.1959456200,1820.2329622820,4792.6613754862
3482,97.6700000000,8446.5212223117,5631.1757716559,752.5246171233,1116.5812713132,946.2395622193
3483,72.7700000000,10598.3938531093,7065.6666355481,1094.5951237908,832.2824505621,1605.8496432082
3484,65.6500000000,9576.5190352455,6384.3546541717,1095.9158827522,750.8746172223,1345.3738810994
3485,61.6000000000,5362.6627071291,3575.0623763112,755.6102914559,704.4882538111,327.5017855510
3486,69.3500000000,8235.4549305625,5489.9612667815,934.9012987172,793.0831763101,1017.5091887536
3487,64.2700000000,7663.6542518512,5108.9567257778,937.6160751321,735.0854072431,881.9960436982
3488,31.0100000000,4535.9750242195,3024.0177938073,1098.2245360874,354.6992432798,59.0334510451
3489,13.1100000000,1142.4362719552,761.3553026213,756.0716187804,149.9412247749,-524.9318742214
3490,8.4900000000,997.2329293929,664.5718345351,927.7291392802,97.0592299933,-692.1272744158
3491,379.2200000000,54228.6682732362,36152.0333513321,1079.4039103234,4335.6858138859,12661.5451976949
3492,135.9400000000,19798.6211404655,13198.6652752038,1094.5951237908,1554.7681232571,3950.5926182137
3493,75.3900000000,10979.9768116794,7320.0306344278,1094.5951237908,862.2478211884,1703.1032322723
3494,51.8600000000,6187.6992682809,4124.9279285923,938.0257820855,593.1587267215,531.5868308815
3495,30.8100000000,4499.4950383632,2999.5569508462,1096.8788562489,352.3993105601,50.6599207080
3496,93.9700000000,13625.7270076542,9084.2248603435,1090.9087661794,1074.6548214134,2375.9385597180
3497,249.2900000000,35788.9865244482,23859.1791539129,1082.6437912211,2850.3788410399,7996.7847382742
3498,114.3200000000,16670.3198973042,11113.3455462787,1095.6242774865,1307.5301658009,3153.8199077381
3499,34.5000000000,5006.5601584071,3337.9923731314,1091.5804976578,394.5533786495,182.4339089685
3500,95.9400000000,8357.5233145859,5571.5129480913,755.9089524359,1097.2588951638,932.8425188948
3501,38.1100000000,5555.1637041522,3703.8764268139,1095.3085042616,435.8780628165,320.1007102601
3502,14.8500000000,2162.7889063992,1441.3959936518,1094.5951237908,169.8418907633,-543.0441018067
3503,31.6600000000,4625.7331763099,3083.6228465291,1097.2602780930,362.1250210017,82.7250306861
3504,217.2500000000,31443.3681098015,20962.4412691047,1089.3723944003,2484.4137345290,6907.1407117676
3505,94.9600000000,8254.4854758602,5502.8187702971,754.9124345824,1085.9154214067,910.8388495740
3506,78.5000000000,6843.6201378488,4562.4626454181,756.2725330342,897.8404305054,627.0445288911
3507,54.3100000000,7931.4370507467,5287.9727400937,1096.8788562489,621.1881388030,925.3973156012
3508,31.8200000000,4655.0202289217,3103.5892198494,1098.3260134850,363.9651587350,89.1398368524
3509,18.0200000000,2152.4433281314,1434.8847626970,938.7575205857,206.1148563341,-427.3138114854
3510,455.3100000000,65243.9807668006,43495.9797400999,1081.1023166841,5205.8307126515,15461.0679973651
3511,60.4000000000,7214.6269156015,4809.8954017167,938.7575205857,690.8622265583,775.1117667407
3512,65.6500000000,5696.5859134784,3797.5252649670,754.0882497416,750.6648196691,394.3075791006
3513,63.4200000000,9272.8298456299,6181.8607386502,1097.8712831691,725.4053378863,1267.6924859244
3514,51.0900000000,6094.6629922603,4062.7822255121,937.8995482845,584.3479976321,509.6332208316
3515,74.8500000000,10922.0579175575,7281.5240165221,1096.1853728800,856.1058450335,1688.2426831218
3516,52.6700000000,6261.2693646015,4174.0787958039,935.5962830805,602.3514914049,549.2427943122
3517,83.1900000000,7243.8801841442,4829.4203529160,755.7180513530,951.4151285847,707.3266512905
3518,8.3300000000,1207.8568263676,805.4977708679,1090.9087661794,95.2631122951,-783.8128229748
3519,135.4800000000,16112.9578466988,10741.7144288814,935.9015508839,1549.4166984793,2885.9251684542
3520,144.4000000000,17165.8875308232,11443.6992488987,935.5962830805,1651.4060254198,3135.1859734242
3521,6.3900000000,756.0800923520,504.0506201069,932.5173167244,73.0675669487,-753.5554114281
3522,82.1400000000,9748.4367668740,6498.6101656657,934.5057179604,939.3313885119,1375.9894947360
3523,60.0300000000,5236.6304212535,3490.9013554949,756.5599770292,686.6159821887,302.5531065407
3524,53.0300000000,7754.8457627831,5170.1102252401,1097.9977895315,606.5653047883,880.1724432231
3525,47.4100000000,5640.9817492076,3760.3081278174,936.1820858981,542.2116990768,402.2798364153
3526,54.6900000000,4770.8032273589,3180.2538488880,756.5599770292,625.5376989155,208.4517025262
3527,43.9200000000,5191.8011240450,3460.9713039954,931.8958594654,502.1964795106,296.7374810736
3528,19.1200000000,2274.9540401782,1516.4521302345,936.1820858981,218.6687974341,-396.3489733885
3529,14.7600000000,1287.7623164404,858.4804343029,756.6307199789,168.8246641023,-496.1735019436
3530,113.2800000000,13403.5606982209,8935.4428109863,932.5173167244,1295.3198722927,2240.2806982175
3531,63.2400000000,9243.3943434469,6162.0825152661,1097.5884505866,723.3411593080,1260.3822182862
3532,17.6700000000,2559.9087025589,1706.2389611191,1090.1749041379,202.0732476626,-438.5784103607
3533,113.4900000000,9880.0095881832,6586.8764132473,755.6102914559,1297.9281156659,1239.5947678142
3534,14.1000000000,1684.0320627638,1122.7734236481,938.6878670654,161.2768691716,-538.7060971213
3535,229.0400000000,33149.7769015832,22099.7377128045,1089.3723944003,2619.2410667734,7341.4257276049
3536,62.8000000000,7498.7486888128,4999.1342289526,938.5322790142,718.3054814107,842.7766994353
3537,44.8400000000,5358.6619242517,3572.1459358908,939.0835389281,512.8935926807,334.5388567522
3538,32.3800000000,2818.1725909808,1878.5077988106,755.4932545847,370.3083594397,-186.1368218543
3539,30.0200000000,3587.0742031208,2391.1934670053,938.9903837852,343.3763062609,-86.4859539307
3540,144.0300000000,12504.0867629098,8336.1655349073,754.3228133681,1646.9360982196,1766.6623164149
3541,15.2000000000,1326.7160582363,884.6560823471,756.8298005211,173.8618437921,-488.6316684240
3542,120.2300000000,17492.9850059064,11662.2738888535,1093.7544670621,1375.0618820674,3361.8947679234
3543,30.5700000000,2667.6391926396,1778.6055463767,756.7192474217,349.6632163227,-217.3488174815
3544,32.1000000000,2798.4739671968,1865.5402816821,756.2725330342,367.1423926016,-190.4812401211
3545,27.2600000000,3961.5046764705,2641.3135932397,1092.7603591096,311.7631494797,-84.3324253586
3546,52.8500000000,6312.7985511513,4208.6584765021,938.7575205857,604.5044482385,560.8781058249
3547,4.2900000000,374.3799766513,249.8616350199,756.7447129152,49.0696805118,-681.2960517955
3548,6.5000000000,567.2711277341,378.2421040553,756.7683859227,74.3482278917,-642.0875901356
3549,68.4700000000,5966.6370359095,3977.9339067188,756.0716187804,783.1026438091,449.5288666011
3550,41.6100000000,4966.4087607399,3311.0493225806,938.2513041608,475.9277933270,241.1803406714
3551,147.7200000000,21436.7845391276,14290.7798474689,1091.5804976578,1689.3746404087,4365.0495535922
3552,103.1100000000,12244.5242666229,8162.9161692670,934.9012987172,1179.1608696372,1967.5459290015
3553,181.7500000000,21583.1857769247,14389.1404630805,934.9012987172,2078.4840273160,4180.6599878110
3554,42.7200000000,3727.8883320105,2485.5286219783,756.7192474217,488.6363297777,-2.9958671672
3555,192.0700000000,27798.9768140372,18532.7625030185,1089.3723944003,2196.4618917882,5980.3800248301
3556,65.2400000000,5687.6150037357,3791.9133986364,756.2725330342,746.1797412251,393.2493308400
3557,256.4800000000,22180.4419279051,14787.0504522371,752.5246171233,2932.1261847693,3708.7406737755
3558,319.8300000000,27681.3251118737,18454.3577538904,752.8992265782,3656.5197579545,4817.5483734506
3559,27.2400000000,2368.6980386461,1578.9579167373,755.0768121019,311.5094597403,-276.8461499333
3560,25.8600000000,3062.4576848410,2041.3709234221,933.0839460749,295.7084426642,-207.7056273202
3561,379.5500000000,44581.8325501859,29721.1292667096,927.7291392802,4339.0848932828,9593.8892509133
3562,3.4400000000,298.3308436237,199.0335104271,753.8312137160,39.3329183408,-693.8667988603
3563,45.4200000000,6495.0849453362,4330.4589074947,1079.4039103234,519.2944719864,565.9276555317
3564,24.5400000000,2920.9834059796,1947.4353787414,936.4401288793,280.6589687221,-243.5510703632
3565,71.9200000000,10398.2507159247,6932.2716625408,1088.4939688877,822.4414185717,1555.0436659245
3566,76.2500000000,11024.2855546337,7349.8783891999,1088.4939688877,871.9571491392,1713.9560474070
3567,33.4600000000,4880.8884526933,3253.8890153072,1095.9158827522,382.7001476353,148.3834069986
3568,81.7800000000,7126.5017788328,4751.0931675202,756.0716187804,935.3313014563,684.0056910758
3569,179.0300000000,25785.4086219285,17190.0651114433,1085.3172731391,2047.1496887055,5462.8765486406
3570,32.5600000000,4751.1316739569,3167.7286962388,1096.1853728800,372.4089019945,114.8087028435
3571,47.7800000000,4148.0612756497,2765.4898361835,754.3228133681,546.3487243833,81.8999017148
3572,45.8300000000,5435.5692873352,3623.9295518938,934.0736028865,524.0891297711,353.4770027837
3573,40.3100000000,4808.6879079666,3205.4979026976,937.8995482845,461.0504557555,204.2400012289
3574,39.5300000000,3443.5365501936,2295.7001403588,755.9089524359,452.1017732523,-60.1743158533
3575,61.6400000000,5370.5556275305,3580.1693660681,755.9935047728,704.9798127716,329.4129439179
3576,29.9600000000,3575.3232828520,2383.4531106713,938.1427889439,342.6752835548,-88.9479003180
3577,11.9700000000,1750.9068377913,1167.3826390878,1098.2245360874,136.9155092570,-651.6158466409
3578,97.3800000000,14141.9882781543,9428.4450670328,1092.1959456200,1113.6861388981,2507.6611266034
3579,10.9400000000,950.9695777792,634.1138817335,754.9124345824,125.1044093322,-563.1611478690
3580,250.0000000000,29410.0242319684,19606.9854478149,928.7304688664,2858.1744660870,6016.1338492000
3581,102.0300000000,8853.3535529657,5902.5205429263,754.0882497416,1166.6463297919,1030.0984305058
3582,43.4700000000,3794.0793025893,2529.1502085449,756.8108245191,497.2207872473,10.8974822779
3583,26.8300000000,3922.2585773734,2614.6600272580,1097.7350963539,306.8835744592,-97.0201206977
3584,104.0300000000,15179.9824337142,10119.7238886556,1096.1853728800,1189.8555919684,2774.2175802102
3585,11.7600000000,1398.6447023707,932.3492963944,935.9015508839,134.4932120912,-604.0993569988
3586,175.8000000000,25547.7814425351,17031.9186874425,1092.7603591096,2010.5635245244,5412.5388714586
3587,63.8400000000,5551.3099407918,3700.9969003778,755.0768121019,730.0574122547,365.1788160574
3588,148.8200000000,12898.4453395652,8598.9053047008,753.5492527343,1701.5477952533,1844.4429868767
3589,91.0200000000,7919.7053413078,5280.0857786551,755.3660261078,1040.9181850063,843.3353515386
3590,19.1200000000,2280.8760307696,1520.7478422100,937.8995482845,218.6872913432,-396.4586510682
3591,316.8300000000,27421.6747496950,18280.9869607954,752.8992265782,3622.2216643614,4765.5668979599
3592,7.1200000000,850.3764742467,566.6333166075,938.6878670654,81.4390998938,-736.3838093199
3593,20.1300000000,2403.0046626840,1601.8896185003,938.3519954833,230.2445397544,-367.4814910541
3594,41.9700000000,6136.5605269802,4091.0397447437,1097.8712831691,480.0577425274,467.5917565401
3595,22.7500000000,3314.8336655667,2209.5386684869,1094.9662915433,260.1978831057,-249.8691775692
3596,42.2500000000,3682.8615292262,2455.0564280212,756.2106627622,483.2287628968,-11.6343244540
3597,218.3300000000,18954.5043598285,12636.5683902166,754.3228133681,2496.5323774511,3067.0807787927
3598,75.0700000000,8958.5954220194,5972.1751238981,938.1427889439,858.6326280527,1189.6448811247
3599,31.7400000000,4639.2368194340,3092.4104135653,1097.5884505866,363.0431435236,86.1948117584
3600,10.3400000000,1235.5212278571,823.4865162615,938.9903837852,118.2715192118,-645.2271914015
3601,52.5300000000,7671.4856983193,5114.7460468837,1096.8788562489,600.8288147914,859.0319803954
3602,6.4700000000,945.3093383046,629.9874632694,1097.2602780930,74.0034392256,-855.9418422833
3603,204.1700000000,24051.9915369155,16034.7003337661,929.6388554362,2334.3098270689,4753.3425206442
3604,66.8300000000,9534.9741263689,6356.6176585503,1077.5309870471,764.0471982744,1336.7782824971
3605,20.1500000000,2402.1388847347,1601.3690860465,937.4569555241,230.4629484585,-367.1501052944
3606,76.4800000000,6668.3355180367,4445.7749531308,756.3298557505,874.7431945950,591.4875145605
3607,144.8600000000,12596.5344301864,8397.6424234116,755.0768121019,1656.5807759902,1787.2344186827
3608,61.6100000000,8987.1947869227,5991.6439109449,1095.9158827522,704.6669484701,1194.9680447554
3609,129.5000000000,11270.9496767143,7514.0311952424,755.4932545847,1481.0047111625,1520.4205157247
3610,51.7400000000,6178.1091904327,4118.6049045349,938.5322790142,591.8013631877,529.1706436960
3611,184.6500000000,26665.9384621468,17777.2222013893,1087.5315179624,2111.5189754971,5689.6657672980
3612,79.5500000000,11607.8785215992,7738.6123854425,1096.1853728800,909.8626582821,1863.2181049945
3613,139.2000000000,20253.0442719967,13502.0015942283,1093.7544670621,1592.0204107442,4065.2677999621
3614,92.5200000000,13461.2906325082,8974.6716757844,1093.7544670621,1058.1446005895,2334.7198890722
3615,29.8200000000,4243.8586706696,2829.2026701869,1075.4639149027,340.9076841462,-1.7155985662
3616,12.2200000000,1786.4330904026,1191.1229013064,1097.7350963539,139.7732866154,-642.1981938731
3617,85.3400000000,10053.3719829572,6702.0036551288,929.6388554362,975.7065222220,1446.0229501702
3618,59.2100000000,5156.8876235762,3437.8640343516,755.8173576902,677.1726788116,286.0335527228
3619,64.3700000000,9414.4700823351,6276.6682623224,1098.1153248667,736.2762199061,1303.4102752399
3620,68.8400000000,8145.3135457762,5429.9998620609,932.5173167244,787.1629591157,995.6334078751
3621,4.8400000000,578.4104307176,385.3939350787,939.0835389281,55.3613958201,-801.4284391093
3622,15.3700000000,1832.7425836464,1221.5276177950,937.6160751321,175.7937250556,-502.1948343363
3623,65.4300000000,5704.8796148685,3803.0705305586,756.3298557505,748.3583580328,397.1208705266
3624,11.8300000000,1032.2643659303,688.1548448520,756.6918581469,135.3124370426,-547.8947741112
3625,141.4900000000,16708.1960332497,11138.8035336089,931.2135751301,1617.7949465231,3020.3839779876
3626,25.1100000000,2996.5409757148,1997.4962149092,938.1427889439,287.2021485334,-226.3001766718
3627,52.9800000000,6327.6608996615,4218.2702458555,938.6878670654,605.9892573555,564.7135293851
3628,213.0000000000,18435.1757146893,12290.0628882902,752.8992265782,2435.1646451062,2957.0489547147
3629,87.3600000000,7611.4818238329,5074.5009275574,755.9935047728,999.1407599567,781.8466315460
3630,111.3100000000,13249.1712681171,8833.0104678629,936.4401288793,1273.0297395461,2206.6909318288
3631,5.8200000000,694.1403344109,462.4648792793,937.7632772109,66.5664931033,-772.6543151827
3632,5.8100000000,687.4531043138,458.2278364608,932.5173167244,66.4354560207,-769.7275048921
3633,39.2600000000,3424.7894442514,2283.2591735606,756.5599770292,449.0511987461,-64.0809050845
3634,82.6200000000,7165.1436919145,4776.8042502511,753.8312137160,944.6760794525,689.8321484949
3635,12.3500000000,1075.8329469995,716.9951727768,755.9089524359,141.2460637406,-538.3172419538
3636,19.6000000000,1707.3947984770,1137.9831641320,755.9089524359,224.1637934669,-410.6611115577
3637,74.9600000000,10938.1090380776,7292.1539785901,1096.1853728800,857.3639832159,1692.4057033916
3638,145.4600000000,17291.8975085426,11527.7411038478,935.5962830805,1663.5285350247,3165.0315865896
3639,181.9400000000,21460.2538020562,14307.0397539581,930.4637478382,2080.2285033490,4142.5217969109
3640,56.8600000000,4957.6563487914,3305.3370303711,756.3298557505,650.3386250611,245.6508376087
3641,29.8100000000,4357.9026534290,2905.1778080644,1097.7350963539,340.9690404260,14.0207085847
3642,92.1400000000,13452.7046890357,8968.8679670132,1096.6652581846,1053.8751878084,2333.2962760295
3643,22.4500000000,1956.3458661628,1304.3373789093,756.0716187804,256.7643399082,-360.8274714351
3644,18.5100000000,1613.2546261568,1075.6589637162,756.1438402539,211.7038600566,-430.2520378699
3645,326.5100000000,28259.4799183250,18839.6261829904,752.8992265782,3732.8901796883,4934.0643290681
3646,80.6100000000,9616.1828891389,6410.9958053953,937.8995482845,921.9865353126,1345.3010001464
3647,15.4700000000,1348.9917970104,899.4997906427,756.3829978112,176.9399789268,-483.8309703703
3648,60.1400000000,5238.9144479799,3492.8847407751,755.9089524359,687.8168642396,302.3038905293
3649,26.1100000000,3819.2295350652,2545.8876703511,1098.2245360874,298.6519587886,-123.5346301619
3650,315.8100000000,27311.3122475504,18207.4683283540,752.5246171233,3610.3975764660,4740.9217256071
3651,35.7900000000,5233.7531557610,3489.1546986400,1097.9977895315,409.3715304238,237.2291371657
3652,82.4200000000,9760.5476560169,6506.8698184079,933.0839460749,942.4706049646,1378.1232865693
3653,88.9800000000,7716.7088562885,5144.2507310397,753.8312137160,1017.3962424314,801.2306691014
3654,12.8900000000,1522.1474794585,1015.0468447893,931.2135751301,147.3841038991,-571.4970443600
3655,5.8100000000,848.2766902897,565.3453098865,1096.6652581846,66.4533844277,-880.1872622091
3656,31.7400000000,4637.4216998129,3091.9121552563,1097.2602780930,363.0400557989,85.2092106647
3657,71.2300000000,6177.3563928234,4118.4626388383,753.8312137160,814.4429573881,490.6195828811
3658,38.5800000000,5634.2265037342,3756.2840843424,1096.8788562489,441.2711912174,339.7923719255
3659,64.7700000000,7719.4054332913,5146.5101392817,937.2848285391,740.7919511542,894.8185143164
3660,393.4200000000,46281.9669333640,30854.6668745510,928.7304688664,4497.8519937918,10000.7175961547
3661,114.3000000000,16630.1936802387,11086.3591289102,1093.7544670621,1307.2408976154,3142.8391866510
3662,21.5800000000,1881.7868765019,1254.6868874606,756.3829978112,246.8238361499,-376.1068449199
3663,169.8400000000,24555.6020799868,16370.1836850362,1088.4939688877,1942.2059306203,5154.7184954426
3664,19.0300000000,1657.7409701539,1105.0934773074,755.9089524359,217.6447443711,-420.9062039605
3665,39.5600000000,5772.5666161466,3848.0462685854,1096.1853728800,452.4722408754,375.8627338058
3666,36.9800000000,3227.7605153671,2152.0160498475,756.8298005211,422.9875646995,-104.0728997010
3667,38.6200000000,3369.6987538483,2246.6252263681,756.6624014288,441.7368053838,-75.3256793325
3668,41.3300000000,5933.4863534656,3955.9260773327,1082.6437912211,472.5667194840,422.3497654277
3669,213.3700000000,25288.1231793971,16858.5268602857,933.6011095794,2439.9393652955,5056.0558442365
3670,117.1500000000,10179.4484679339,6786.4220434246,754.7330514445,1339.6395774681,1298.6537955968
3671,38.2400000000,5574.1133573020,3716.4319401252,1095.3085042616,437.3649205485,325.0079923667
3672,309.4100000000,44682.9570515724,29788.8588239497,1087.5315179624,3538.1808080615,10268.3859015988
3673,209.1300000000,24744.7620835005,16496.2021125901,932.5173167244,2391.3333765234,4924.7092776625
3674,9.5700000000,835.1976449870,556.7723771694,756.7683859227,109.4634678344,-587.8065859395
3675,128.3900000000,18600.2647606982,12400.2718864432,1090.1749041379,1468.2617016072,3641.5562685099
3676,43.0000000000,3752.5265724958,2501.7396206365,756.7447129152,491.8406205148,2.2016184294
3677,492.8700000000,70320.2558381481,46880.0552318082,1077.5309870471,5634.8337964013,16727.8358228915
3678,68.0200000000,8112.6160733043,5408.4875712326,937.7632772109,777.9815912180,988.3836336428
3679,25.7500000000,3074.3224795028,2049.5036356502,938.4454697809,294.5268253567,-208.1534512850
3680,53.6100000000,6330.6692299280,4220.4579335976,931.2135751301,612.9760907704,566.0216304299
3681,48.1500000000,4195.9043855563,2797.5380887014,756.0716187804,550.6994639902,91.5952140843
3682,29.1900000000,3487.8979343470,2325.1383988560,938.9903837852,333.8825576202,-110.1134059144
3683,146.3500000000,17240.5787404006,11493.6230908050,929.6388554362,1673.2440769532,3144.0727172061
3684,8.9700000000,782.9052529152,521.7976191248,756.8108245191,102.6011148288,-598.3043055575
3685,24.5700000000,3594.8049701093,2396.6475957953,1098.4202960231,281.0385198666,-181.3014415757
3686,232.8000000000,33658.4088802457,22439.4014458149,1088.4939688877,2662.1852369784,7468.3282285647
3687,53.3600000000,7800.6603685667,5200.2682764353,1097.7350963539,610.3357261701,892.3212696074
3688,193.8000000000,16839.7534194246,11226.3523972583,754.7330514445,2216.1515161188,2642.5164546030
3689,116.9500000000,10129.4670124574,6752.9781479804,753.2396180813,1337.1089497757,1286.1402966200
3690,88.2000000000,12845.6553228561,8563.5879622843,1094.5951237908,1008.7578966549,2178.7143401260
3691,16.3200000000,1418.6310337620,945.7969761448,754.9124345824,186.6274186748,-468.7057956400
3692,1.3500000000,117.6603860244,78.4334661043,756.1438402539,15.4403139425,-732.3572342763
3693,211.0900000000,30608.2229865460,20405.9435286534,1090.9087661794,2414.0564675125,6697.3142242008
3694,64.2100000000,9388.3381328902,6258.5241750934,1097.8712831691,734.4414497899,1297.5012248378
3695,114.6400000000,13659.1494427135,9106.1857054384,937.0984891794,1311.1565223642,2304.7087257316
3696,32.1200000000,4695.5999070158,3130.3290881894,1097.7350963539,367.3909955881,100.1447268843
3697,34.9100000000,3044.1695949342,2029.6405532451,756.3829978112,399.2873086188,-141.1412647409
3698,28.3700000000,4148.6889362655,2765.8750298241,1097.9977895315,324.5004280001,-39.6843110902
3699,90.8600000000,10815.0184298007,7210.1476522450,936.4401288793,1039.1472656110,1629.2833830655
3700,20.3400000000,1774.4698299589,1183.0996178291,756.5966414806,232.6475971944,-397.8740265452
3701,61.4600000000,8977.7430803760,5985.4946050858,1097.0767788299,702.9721516795,1192.1995447809
3702,123.6700000000,10731.1009888784,7154.1393568480,754.0882497416,1414.0855788040,1408.7878034848
3703,48.4900000000,5793.1006276791,3862.2477739654,938.8824522502,554.6377800722,437.3326213913
3704,130.3000000000,15509.5410676099,10339.9545109366,936.4401288793,1490.2144916257,2742.9319361683
3705,116.4700000000,13845.6434952561,9230.5970685731,935.5962830805,1331.9893336610,2347.4608099415
3706,110.6300000000,9633.2547754762,6422.0230952517,755.7180513530,1265.2368755298,1190.2767533418
3707,12.2700000000,1791.9118507211,1194.3524637108,1096.8788562489,140.3420818102,-639.6615510488
3708,229.7100000000,19865.3669497001,13243.6911666721,752.5246171233,2626.0866574523,3243.0645084524
3709,15.4700000000,1349.7990606430,900.0347594079,756.6624014288,176.9463588630,-483.8444590566
3710,50.3700000000,4393.5830691253,2929.0161213285,756.5205193927,576.1231182380,131.9233101661
3711,41.3500000000,3603.3363726429,2402.1054896655,756.0716187804,472.9267463343,-27.7674821373
3712,52.5500000000,4580.0394708018,3053.3027876320,756.1438402539,601.0285168002,169.5643261156
3713,37.1300000000,3221.8466864806,2147.6641011611,754.0882497416,424.5572696773,-104.4629340995
3714,328.2200000000,47339.1324512196,31559.1859960761,1086.4759890134,3753.1873569704,10940.2831091597
3715,3.8100000000,331.5104081563,221.1091197092,755.3660261078,43.5717236308,-688.5364612915
3716,41.5700000000,4944.0187310841,3296.0517379575,935.9015508839,475.4152063462,236.6502358965
3717,24.0300000000,2097.1577229925,1397.9828165884,756.7683859227,274.8596794212,-332.4531589399
3718,55.7500000000,4863.2707976825,3242.3833502094,756.5599770292,637.6618525241,226.6656179199
3719,80.9600000000,7044.3786468060,4696.3577026229,755.3660261078,925.8705367844,666.7843812909
3720,31.8200000000,4651.7431208357,3101.2773101088,1097.7350963539,363.9595728398,88.7711415332
3721,90.0800000000,10729.5901254558,7152.8042300112,936.8966040123,1030.2495381971,1609.6397532352
3722,21.3100000000,1858.4389224863,1239.0272355639,756.4322921394,243.7372245745,-380.7578297915
3723,33.5900000000,2928.7315644724,1952.2750881139,756.3298557505,384.1870280654,-164.0604074574
3724,11.4100000000,995.2508004511,663.4787899142,756.5205193927,130.5055544788,-555.2540633346
3725,43.2500000000,3773.1474997897,2515.4862536807,756.5966414806,494.6906872496,6.3739173787
3726,50.5500000000,4411.6239241477,2941.2106011341,756.7683859227,578.2004492194,135.4444878715
3727,107.1200000000,9284.2458323762,6189.2312653797,753.5492527343,1224.7668312561,1116.6984830061
3728,20.4100000000,2980.6781477765,1987.5483747249,1096.8788562489,233.4459567845,-337.1950399818
3729,359.8800000000,51832.9489742481,34555.5390505544,1085.3172731391,4115.1104841163,12076.9821664382
3730,69.3700000000,8283.2515373081,5521.7709892522,938.5322790142,793.4530453099,1029.4952237318
3731,236.5600000000,34202.0326662841,22801.3272755861,1088.4939688877,2705.1827304966,7607.0286913137
3732,179.7600000000,25890.5493709315,17260.2286425104,1085.3172731391,2055.4970007357,5489.5064545463
3733,481.9800000000,68593.3937655710,45729.1533630214,1075.4639149027,5510.0833536147,16278.6931340322
3734,19.5200000000,2854.0781864821,1902.6471044549,1097.8712831691,223.2720308347,-369.7122319766
3735,107.1000000000,12731.7628431521,8488.2273498563,935.5962830805,1224.8309232857,2083.1082869295
3736,52.8300000000,7694.2853821597,5129.6739774079,1094.5951237908,604.2253932005,865.7908877605
3737,74.6800000000,6476.5544772716,4317.4961492654,753.8312137160,853.8902156078,551.3368986824
3738,154.1200000000,13397.0229732474,8931.3328088221,754.9124345824,1762.4398141027,1948.3379157402
3739,64.9400000000,7750.9873809769,5167.0476733240,938.2513041608,742.7721917486,902.9162117435
3740,47.3800000000,6919.3792573076,4613.3003560128,1096.8788562489,541.9240290275,667.2760160185
3741,44.8800000000,3916.5905249677,2611.0540859577,756.7447129152,513.3443499698,35.4473761251
3742,36.3100000000,4336.6811488620,2890.8792356547,938.6878670654,415.3165333065,91.7975128354
3743,73.8600000000,6435.2569540785,4289.9768577755,755.9935047728,844.7405738370,544.5460176932
3744,126.3800000000,11004.7070281541,7336.2950399259,755.7180513530,1445.3641537508,1467.3297831244
3745,453.8800000000,64757.3553265945,43172.0282643206,1077.5309870471,5189.0729066703,15318.7231685565
3746,33.4600000000,4880.8884526933,3253.8890153072,1095.9158827522,382.7001476353,148.3834069986
3747,30.0200000000,3587.0742031208,2391.1934670053,938.9903837852,343.3763062609,-86.4859539307
3748,71.1200000000,10362.6800129715,6908.1359574982,1094.9662915433,813.4186130320,1546.1591508980
3749,31.0900000000,4548.2268672902,3031.6914000845,1098.3260134850,355.6152352316,62.5942184892
3750,52.6500000000,6290.6272820176,4193.7134632454,938.9383947274,602.2223527468,555.7530712980
3751,1.2000000000,143.0554174532,95.7340214484,937.4569555241,13.7248406030,-903.8604001223
3752,262.6300000000,22712.2951634659,15141.6059637858,752.5246171233,3002.4341075560,3815.7304750008
3753,74.3700000000,10872.0972940462,7248.4186311207,1097.7350963539,850.6496993116,1675.2938672599
3754,27.9200000000,4080.8913673156,2721.0179864459,1097.5884505866,319.3498603396,-57.0649300566
3755,65.2400000000,7782.6544062452,5188.4338145990,937.8995482845,746.1903183699,910.1307249917
3756,30.7900000000,2676.4491133291,1784.1170231823,754.9124345824,352.0991556983,-214.6795001339
3757,246.0100000000,29108.4919435851,19405.9488741164,932.5173167244,2813.0441541554,5956.9815985888
3758,198.6000000000,17174.9678995709,11450.0574023669,752.5246171233,2270.4314577947,2701.9544222860
3759,126.1600000000,14981.7591065575,9987.5680188679,934.9012987172,1442.7595316984,2616.5302572740
3760,21.7300000000,3173.4510608125,2115.1890960375,1096.8788562489,248.5438824561,-287.1607739299
3761,26.4900000000,3161.7440055756,2108.2071858618,938.2513041608,302.9879174533,-187.7024019005
3762,172.8300000000,24596.4484926836,16397.8277210834,1075.4639149027,1975.8241130446,5147.3327436529
3763,20.0900000000,1752.6597288041,1168.1709160268,756.5966414806,229.7881134531,-401.8959421564
3764,58.7200000000,5121.4558873116,3414.5195302039,756.4780410728,671.6252553518,278.8330606831
3765,39.9800000000,5843.6259622234,3895.8307661092,1097.5884505866,457.2925292399,392.9142162876
3766,90.9100000000,10834.8177850936,7223.4945883489,937.2848285391,1039.7621781600,1634.2761900456
3767,53.9600000000,4693.6976046375,3128.9103232640,755.2275891446,617.0838960879,192.4757961409
3768,120.8600000000,17610.1449151818,11739.8379855749,1094.9662915433,1382.3084022926,3393.0322357711
3769,23.9500000000,2089.8336064269,1393.0124772004,756.6918581469,273.9419160752,-333.8126449956
3770,43.7700000000,3817.5429868465,2545.0621467404,756.4780410728,500.6307463683,15.3720526650
3771,84.5800000000,12341.8524872012,8227.5906405666,1096.1853728800,967.3938860780,2050.6825876767
3772,34.7800000000,3034.2212726633,2022.8390942062,756.5966414806,397.8113780935,-143.0258411170
3773,157.5900000000,18677.2054733148,12451.1980328018,933.6011095794,1802.0811012650,3490.3252296685
3774,65.8500000000,9628.1274887216,6418.8204512929,1097.8712831691,753.1999605773,1358.2357936824
3775,43.6300000000,5184.0030598839,3456.2728364953,935.2637903541,498.9591343861,293.5072986484
3776,41.1500000000,5935.0597171644,3957.0613479150,1086.4759890134,470.5492040075,420.9731762285
3777,178.7700000000,25942.6886816940,17294.9729832872,1091.5804976578,2044.4726811932,5511.6625195558
3778,21.6600000000,2586.0126177100,1723.7154854746,938.4454697809,247.7456713486,-323.8940088941
3779,17.8200000000,2606.9283620171,1737.5306443172,1098.3260134850,203.8296394927,-432.7579352777
3780,38.3500000000,5596.0042904252,3731.1166858384,1096.1853728800,438.6327208689,330.0695108380
3781,363.5200000000,42698.9534149482,28465.8269125877,927.7291392802,4155.8270067348,9149.5703563455
3782,63.8300000000,7614.4517282438,5076.6141203188,937.8995482845,730.0632743953,869.8747852452
3783,14.3800000000,2102.2019508993,1401.7482923911,1097.7350963539,164.4795304034,-561.7609682491
3784,44.4100000000,3865.1959470493,2576.7142373066,755.4932545847,507.8874071253,25.1010480327
3785,20.7100000000,1805.9224380146,1203.9458736295,756.3829978112,236.8731068890,-391.2795403152
3786,17.4500000000,2084.3582728021,1389.4130624707,938.7575205857,199.5951300239,-443.4074402782
3787,56.7400000000,8240.0535520895,5493.4328696348,1092.1959456200,648.9068753448,1005.5178614899
3788,333.5800000000,48045.0014416741,32029.6519321383,1085.3172731391,3814.3785575512,11115.6536788456
3789,18.8200000000,1630.0689967888,1086.8909420232,753.2396180813,215.1722140640,-425.2337773797
3790,33.5200000000,4004.2706251766,2669.8484638046,938.8222665727,383.4069209222,12.1929738771
3791,69.2300000000,10120.6843574938,6747.2754592296,1097.7350963539,791.8579895569,1483.8158123534
3792,85.1300000000,10124.7128837428,6749.6836386859,935.9015508839,973.5890429697,1465.5386512033
3793,360.6700000000,31190.8140601121,20793.6379420033,752.5246171233,4123.2452864190,5521.4062145664
3794,79.7100000000,6912.7766119887,4608.3912798897,753.8312137160,911.4031746933,639.1509436897
3795,269.1400000000,23275.2812713521,15517.0176818962,752.5246171233,3076.8576160668,3928.8813562658
3796,52.9000000000,7727.3447600373,5151.5214815906,1097.0767788299,605.0638923502,873.6826072667
3797,259.8200000000,37521.4954304629,25014.2332664819,1087.5315179624,2971.1067436429,8448.6239023757
3798,60.7600000000,5300.3109177971,3533.6153876533,756.5599770292,694.9656351455,315.1699179691
3799,25.0900000000,2188.8617519011,1459.2806011709,756.5966414806,286.9777882796,-313.9932790300
3800,22.3500000000,1941.2282644363,1294.4389254371,754.5370947577,255.5716818850,-363.3194376436
3801,215.1900000000,25437.6977204743,16958.7593895776,931.8958594654,2460.5569313724,5086.4855400589
3802,83.8000000000,7293.4794047000,4862.5091252398,755.4932545847,958.3644385747,717.1125863009
3803,37.4100000000,3263.6635368123,2175.8582876793,756.5966414806,427.8931470522,-96.6845393998
3804,39.6500000000,4736.0920066821,3157.7569601606,938.7575205857,453.5213126331,186.0562133027
3805,7.0100000000,611.8088970076,408.0278337189,756.7903865069,80.1819314863,-633.1912547046
3806,41.2100000000,6024.4605282727,4016.4083196491,1097.7350963539,471.3631048626,438.9540074071
3807,66.0300000000,5753.0465296210,3835.4510078225,755.9935047728,755.1884658876,406.4135511380
3808,54.9300000000,4757.6880974287,3171.5834045924,753.2396180813,628.0238957775,204.8411789775
3809,57.9100000000,8450.1853574583,5633.8798959952,1096.1853728800,662.3525649418,1057.7675236413
3810,146.2400000000,21030.3475211987,14020.5714033897,1084.0440787886,1672.1587696636,4253.5732693568
3811,18.6900000000,2726.3540101864,1817.6897257923,1095.9158827522,213.7676556875,-401.0192540456
3812,102.1800000000,14874.5681509390,9916.2564837280,1094.1922130533,1168.6378531636,2695.4816009941
3813,134.4500000000,15997.2578819017,10664.4804280722,936.1820858981,1537.6579401155,2858.9374278158
3814,179.9000000000,15631.9486076083,10421.1836802418,754.7330514445,2057.2015363765,2398.8303395454
3815,97.2100000000,11556.0659755632,7703.8367036650,935.5962830805,1111.7256214062,1804.9073674114
3816,55.5400000000,4843.1159926281,3228.9736074354,756.3829978112,635.2454059207,222.5139814608
3817,18.7400000000,1631.4334274610,1087.3822107380,755.6102914559,214.3199655263,-425.8790402591
3818,24.9800000000,3655.1728309595,2436.4018302116,1098.5078760990,285.7288569394,-165.4657322906
3819,93.9500000000,8178.9311904997,5452.5568408947,755.6102914559,1074.4589520381,896.3051061109
3820,66.4600000000,9708.1159310412,6471.9789271247,1097.0767788299,760.1615554933,1378.8986695933
3821,253.9800000000,29957.5423801596,19972.0494343133,930.4637478382,2903.9047778420,6151.1244201661
3822,23.5900000000,2058.1512903001,1372.1319075468,756.6307199789,269.8220749439,-340.4334121696
3823,18.3200000000,1596.6950162719,1064.4541828442,756.1438402539,209.5307788350,-433.4337856612
3824,91.5500000000,10850.2960916427,7233.5531428658,933.6011095794,1046.8971687341,1636.2446704633
3825,81.4600000000,7055.5483782367,4703.9214540022,753.2396180813,931.3458319686,667.0414741846
3826,16.8800000000,2016.2732174727,1343.9413622444,938.7575205857,193.0754037137,-459.5010690710
3827,32.0000000000,2790.7107235833,1860.7455281422,756.4322921394,366.0061560950,-192.4732527933
3828,81.0600000000,7067.6683720195,4711.5549775027,756.3298557505,927.1271359031,672.6564028633
3829,66.8600000000,9629.7403812888,6419.9630926411,1085.3172731391,764.5223045682,1359.9377109405
3830,511.8000000000,72837.2524362406,48558.3560332083,1075.4639149027,5850.9910377609,17352.4414503687
3831,19.8800000000,2375.6241144617,1583.8285456380,939.0386843848,227.3929904334,-374.6361059945
3832,13.5600000000,1980.7711710039,1320.4574455342,1097.0767788299,155.0976631431,-591.8607165032
3833,11.9300000000,1425.3975968560,950.6356982845,938.9383947274,136.4579804040,-600.6344765598
3834,156.5400000000,22733.4857780066,15155.6410375032,1092.1959456200,1790.2693384997,4695.3794563836
3835,54.8100000000,6540.8367534419,4360.6358047510,938.1427889439,626.9036145407,615.1545452063
3836,79.8900000000,6951.2772985836,4634.4471491043,755.3660261078,913.6338584943,647.8302648771
3837,62.5100000000,9141.1542265052,6094.3009131716,1097.9977895315,714.9990043809,1233.8565194212
3838,144.2500000000,12502.3568084416,8334.8314373780,753.5492527343,1649.2962603501,1764.6798579793
3839,266.4700000000,31347.5566283705,20898.2600526970,928.7304688664,3046.4709999129,6474.0951068942
3840,55.4200000000,4796.6076906483,3197.7279615301,752.8992265782,633.6001156422,212.3803868978
3841,91.9100000000,10864.7186090841,7243.3185147904,931.8958594654,1050.9307475368,1638.5734872914
3842,37.6500000000,3261.0041301327,2173.7818840465,753.2396180813,430.4587598038,-96.4761317988
3843,35.9200000000,3133.4293641750,2089.1044819313,756.5599770292,410.8486769985,-123.0837717840
3844,10.3100000000,897.9481742792,598.4945484904,755.8173576902,117.9133646098,-574.2770965112
3845,45.2200000000,6588.8693783264,4392.4563891607,1094.9662915433,517.1933307271,584.2533668954
3846,284.4400000000,24618.3163393720,16412.4350796603,752.8992265782,3251.9165805352,4201.0654525983
3847,32.6800000000,4778.2415540079,3185.0173140509,1097.8712831691,373.7976417869,121.5553150012
3848,7.9900000000,697.3704538231,464.7705569254,756.8108245191,91.3916284818,-615.6025561033
3849,302.0600000000,26122.2094851178,17414.9324790098,752.5246171233,3453.2050661705,4501.5473228142
3850,42.6000000000,5090.6231024179,3393.9183120814,939.0386843848,487.2706937858,270.3954121658
3851,50.1600000000,7319.3109571768,4879.1525891732,1096.1853728800,573.7110111808,770.2619839428
3852,91.7700000000,7980.0080398882,5320.1830442931,755.0768121019,1049.4575301161,855.2906533771
3853,88.6300000000,12919.2904512991,8613.0821315063,1095.3085042616,1013.6938522023,2197.2059633290
3854,152.6700000000,22186.4607100787,14791.3561221426,1092.7603591096,1746.0337502226,4556.3104786038
3855,36.4000000000,3176.3842529303,2117.5412675556,756.7192474217,416.3474345484,-114.2236965953
3856,104.3600000000,15228.1357952745,10151.6137748593,1096.1853728800,1193.6300065157,2786.7066410195
3857,303.5800000000,43656.9536411755,29105.0344037847,1084.0440787886,3471.2387807335,9996.6363778688
3858,112.2600000000,16277.7919961611,10851.8449686370,1090.9087661794,1283.8219671370,3051.2162942078
3859,125.3600000000,18124.6483557887,12082.7546246696,1088.4939688877,1433.5547307028,3519.8450315286
3860,188.8900000000,27205.5288755855,18137.2727808494,1085.3172731391,2159.8955744824,5823.0432471147
3861,40.2400000000,5887.4624337484,3924.9446134040,1098.4202960231,460.2763548812,403.8211694401
3862,461.9000000000,65735.6914816325,43823.7719728955,1075.4639149027,5280.5251276705,15555.9304661638
3863,34.5400000000,3009.8969361810,2006.6728906297,756.0716187804,395.0396570347,-147.8872302638
3864,87.0800000000,10346.6189881891,6897.5834529192,935.2637903541,995.8597621440,1517.9119827718
3865,102.0200000000,12158.9276255115,8105.7534693686,937.2848285391,1166.8302432723,1949.0590843315
3866,37.2200000000,3237.5727361862,2158.1941687574,755.2275891446,425.6460825128,-101.4951042287
3867,99.8500000000,8690.3808897291,5793.4510432344,755.4932545847,1141.9175321203,999.5190597897
3868,213.9200000000,31043.5753358393,20695.5527134148,1091.5804976578,2446.4596742230,6809.9824505436
3869,5.0900000000,606.0780883585,403.8423017488,936.6776962357,58.2139647320,-792.6558743579
3870,86.3100000000,12581.1120258561,8387.0828919041,1095.3085042616,987.1591603698,2111.5614693206
3871,99.4700000000,11851.6712758785,7901.0981627763,937.0984891794,1137.6547390053,1875.8198849175
3872,60.3400000000,7193.3032409374,4795.4041652804,937.4569555241,690.1307349868,770.3113851461
3873,25.4500000000,3693.2451023612,2461.7693751844,1091.5804976578,291.0545938153,-151.1593642963
3874,5.2900000000,773.2061365723,515.4017355942,1097.5884505866,60.5071905873,-900.2912401958
3875,48.9900000000,4248.6127991636,2832.3999560784,753.8312137160,560.1510667197,102.2305626495
3876,29.8100000000,3545.3740287134,2363.7024415632,935.9015508839,340.9219942550,-95.1519579886
3877,53.7500000000,6313.4593586418,4208.9549520558,927.7291392802,614.4798129731,562.2954543327
3878,17.7200000000,2586.4588926934,1724.5696938565,1096.4346045105,202.6759089376,-437.2213146112
3879,19.0200000000,2272.8556668542,1515.5232714326,939.0386843848,217.5560703241,-399.2623592873
3880,33.7600000000,4939.8973087747,3293.3431635964,1098.5078760990,386.1571741503,161.8890949289
3881,83.4500000000,7244.7826172660,4829.6832067320,754.3228133681,954.2235464586,706.5530507074
3882,355.2300000000,50798.0850975732,33865.1617934416,1079.4039103234,4061.4041233761,11792.1152704321
3883,58.0300000000,6859.7499824301,4573.4263659940,931.8958594654,663.5351025956,690.8926543751
3884,38.7100000000,4607.6311183974,3071.8474724195,936.4401288793,442.7183650870,156.6251520117
3885,17.8700000000,2127.8222866340,1418.9053845227,936.6776962357,204.3779076149,-432.1387017393
3886,19.2100000000,2284.6908786174,1523.2749067851,935.9015508839,219.6951194109,-394.1806984625
3887,57.6300000000,8393.3686650362,5596.0079753541,1094.5951237908,659.1237821341,1043.6417837572
3888,75.9900000000,6607.8327443729,4404.9908759931,755.0768121019,869.0016096058,578.7634466721
3889,70.3300000000,6132.1134542824,4088.1800112485,756.3298557505,804.4023127074,483.2012745760
3890,22.3300000000,2666.0046977592,1777.0262736851,938.4454697809,255.4090877754,-304.8761334822
3891,110.5000000000,16077.3088509744,10718.4135878352,1093.7544670621,1263.7805703106,3001.3602257665
3892,12.8500000000,1120.5264765083,747.2767491493,756.3829978112,146.9734149456,-530.1066853979
3893,146.9600000000,17461.4047600398,11640.6072155556,935.2637903541,1680.6563004672,3204.8774536629
3894,86.1000000000,7445.9452978502,4963.7771616818,752.5246171233,984.3109190137,745.3326000314
3895,47.9500000000,7002.6221061186,4668.0035222896,1096.8788562489,548.4435878402,689.2961397400
3896,51.8500000000,4523.4149795167,3015.5977640564,756.5966414806,593.0569279513,158.1636460284
3897,81.0500000000,9619.0747498800,6412.8765223192,934.5057179604,926.8664358277,1344.8260737726
3898,50.9400000000,4441.9936741893,2961.4300799622,756.3829978112,582.6323546561,141.5482417599
3899,14.0400000000,2027.5644517116,1351.3091200380,1087.5315179624,160.5509147900,-571.8271010789
3900,237.9600000000,34098.6529249695,22732.4667777477,1081.1023166841,2720.7385657740,7564.3452647638
3901,63.8200000000,5534.7309418783,3689.7750779183,753.8312137160,729.7171071249,361.4075431191
3902,11.1600000000,1332.4053930583,888.5131368426,938.4454697809,127.6473542129,-622.2005677780
3903,5.4000000000,470.6415440976,313.7338644172,756.1438402539,61.7612557701,-660.9974163437
3904,18.2000000000,2661.4782742344,1774.7140021873,1097.9977895315,208.1744021714,-419.4079196558
3905,43.2300000000,5165.5302398705,3443.6708861844,938.9903837852,494.4756069174,288.3933629834
3906,6.3400000000,757.2969312072,505.2411136257,938.7575205857,72.5176575560,-759.2193605602
3907,23.1000000000,3379.3515803925,2252.7983526320,1098.3260134850,264.2236067498,-235.9963924741
3908,29.3600000000,4292.1174741589,2861.6001409435,1097.7350963539,335.8219063035,-3.0396694420
3909,131.4800000000,11436.7561352434,7624.3628057850,755.2275891446,1503.5987890592,1553.5669512546
3910,52.8300000000,6309.0313315522,4206.3247167511,938.6129255746,604.2712436154,559.8224456111
3911,6.5100000000,562.9861078862,375.4117181104,752.5246171233,74.4235085108,-639.3737358582
3912,28.9700000000,3462.0971441921,2308.2195896649,939.0835389281,331.3676935763,-116.5736779772
3913,24.5700000000,3595.1800022688,2397.1953639783,1098.5078760990,281.0391519216,-181.5623897302
3914,3.1100000000,371.6393861155,247.6066189946,939.0386843848,35.5730483022,-850.5789655662
3915,253.1500000000,36200.5890337265,24133.7934619929,1079.4039103234,2894.3063756796,8093.0852857306
3916,212.0200000000,30743.0737486735,20495.4432809721,1090.9087661794,2424.6920850916,6732.0296164304
3917,32.1700000000,3842.6249648162,2561.5724460823,938.7575205857,367.9642024567,-25.6692043085
3918,75.0100000000,10856.4650951264,7237.3410053629,1089.3723944003,857.7945879265,1671.9571074368
3919,23.0300000000,2009.5560733199,1339.5635572119,756.6918581469,263.4188863137,-350.1182283525
3920,36.1600000000,5233.5658957442,3489.4322704428,1089.3723944003,413.5162284951,241.2450024059
3921,81.1700000000,11748.0238871005,7831.8368736606,1089.3723944003,928.2387241966,1898.5758948431
3922,103.5900000000,15093.7854688374,10062.7182733499,1094.9662915433,1184.7867565240,2751.3141474202
3923,49.7800000000,5948.6201417456,3965.9749835518,939.0386843848,569.3975384191,474.2089353898
3924,11.1000000000,1617.3474148479,1078.1483864303,1094.9662915433,126.9536924164,-682.7209555421
3925,57.3700000000,5005.3471608527,3336.9385919136,756.6307199789,656.1972208365,255.5806281237
3926,116.4600000000,10115.2323792505,6743.4104020390,754.5370947577,1331.7171397013,1285.5677427524
3927,42.9800000000,3751.1478449909,2501.0051390542,756.7903865069,491.6147525367,1.7375668930
3928,8.1200000000,965.7308659226,643.4523313144,935.9015508839,92.8643607296,-706.4873770053
3929,16.1900000000,1412.6209949457,941.5748252267,756.6624014288,185.1817420809,-470.7979737907
3930,149.6000000000,17742.9885530295,11828.3588927296,934.0736028865,1710.7513378521,3269.8047195612
3931,218.7200000000,31400.2452269538,20933.4421592190,1082.6437912211,2500.8418312497,6883.3174452640
3932,205.3700000000,29483.6702736809,19656.0076967469,1082.6437912211,2348.1980929213,6396.8206927915
3933,51.8500000000,4523.4149795167,3015.5977640564,756.5966414806,593.0569279513,158.1636460284
3934,22.1000000000,3215.4617701949,2143.6827175670,1093.7544670621,252.7561140621,-274.7315284964
3935,79.0800000000,6882.6772234329,4588.2137386878,755.4932545847,904.3849618435,634.5852683169
3936,248.3800000000,35437.6309068907,23625.4289642785,1077.5309870471,2839.6534955468,7895.0174600183
3937,103.2600000000,15031.7861349184,10021.4289009796,1094.1922130533,1180.9898680532,2735.1751528323
3938,45.2400000000,5386.8315751160,3590.9220885229,936.6776962357,517.4066334919,341.8251568655
3939,18.3500000000,1600.2981805548,1067.0626014465,756.4322921394,209.8816551357,-433.0783681668
3940,286.4400000000,41255.5015676993,27504.1041783093,1085.3172731391,3275.3480245367,9390.7320917142
3941,79.8200000000,6957.7753198305,4638.5122533762,756.2106627622,912.9306474420,650.1217562500
3942,7.8200000000,680.7795839245,453.7278289410,755.6102914559,89.4334114416,-617.9919479140
3943,17.2500000000,1499.4721404653,999.5354406985,754.9124345824,197.2624370184,-452.2381718340
3944,402.6500000000,57448.1121050791,38298.6213927654,1077.5309870471,4603.3757950798,13468.5839301868
3945,113.8700000000,13460.6191711065,8973.8041667881,931.8958594654,1302.0289872921,2252.8901575609
3946,20.4900000000,2977.6680418518,1985.5391838837,1092.7603591096,234.3370114761,-334.9685126176
3947,72.6000000000,8654.8527559174,5770.1505654826,937.4569555241,830.3528564807,1116.8923784300
3948,70.8700000000,10360.4347886117,6907.0602386732,1097.7350963539,810.6164339144,1545.0230196702
3949,39.3500000000,5705.7822470064,3803.7394735429,1090.9087661794,450.0124212261,361.1215860581
3950,15.5000000000,1349.6831693020,899.5256229859,755.7180513530,177.2681150747,-482.8286201115
3951,3.1600000000,462.1028212407,308.0635626438,1097.9977895315,36.1445665309,-980.1030974655
3952,46.5000000000,4056.9747774037,2704.7521633057,756.6307199789,531.8663198343,63.7255742848
3953,109.9100000000,13091.5769392633,8727.4503410785,936.8966040123,1257.0462560306,2170.1837381420
3954,124.1400000000,10777.3195219581,7184.9807705629,754.3228133681,1419.5004320835,1418.5155059436
3955,29.9200000000,2604.7218863199,1736.6823797398,755.6102914559,342.1800089939,-229.7507938698
3956,267.7700000000,38107.9153670421,25405.0852016785,1075.4639149027,3061.1955259501,8566.1707245108
3957,73.4100000000,6400.6604390569,4266.9774821896,756.3298557505,839.6299413600,537.7231597568
3958,327.2100000000,47193.4602686112,31461.8812088323,1086.4759890134,3741.6380326436,10903.4650381219
3959,107.2500000000,12760.9215904348,8506.9265842426,936.1820858981,1226.5809897909,2091.2319305032
3960,110.5800000000,13179.1238661935,8785.8280234880,937.2848285391,1264.7332709376,2191.2777432289
3961,70.9800000000,10370.6424780314,6913.2834785087,1097.2602780930,811.8646238377,1548.2340975921
3962,42.3400000000,6174.0845385922,4115.6146259965,1095.6242774865,484.2619595872,478.5836755220
3963,56.5900000000,4931.3858604077,3287.4023531786,756.0716187804,647.2291311984,240.6827572503
3964,184.2900000000,26502.2069521452,17668.1997359789,1084.0440787886,2107.2356377277,5642.7274996500
3965,34.4900000000,5001.0782642758,3333.8657738699,1090.9087661794,394.4327422640,181.8709819625
3966,6.9700000000,832.7059471009,555.1099114835,938.8824522502,79.7241766777,-741.0105933104
3967,73.6300000000,6400.3555769544,4266.8340855624,754.9124345824,841.9961297196,536.6129270899
3968,187.5700000000,22286.5792789921,14857.4845309083,935.2637903541,2145.0782680909,4348.7526896387
3969,30.6300000000,2673.1560988456,1782.2767943086,756.7683859227,350.3517262036,-216.2408075893
3970,74.2100000000,10846.8104716507,7230.7831728952,1097.5884505866,848.8163730589,1669.6224751100
3971,30.5700000000,3652.7934173685,2435.2301791049,938.9903837852,349.6673445169,-71.0944900385
3972,62.7900000000,9183.3863052636,6122.0070320393,1098.1153248667,718.2038814340,1245.0600669237
3973,165.5800000000,19552.9231690259,13035.3384278205,931.2135751301,1893.2397147875,3693.1314512878
3974,368.1200000000,52848.6570635800,35232.4666262445,1082.6437912211,4209.0796219808,12324.4670241336
3975,74.4000000000,10867.9480178974,7245.1415103651,1097.0767788299,850.9783287496,1674.7513999528
3976,59.0100000000,8629.3314814601,5752.7521806752,1097.9977895315,674.9654655018,1103.6160457516
3977,1.4900000000,178.0393258711,118.8991226688,938.9903837852,17.0429945479,-896.8931751308
3978,33.9500000000,2961.3290688268,1974.2539602325,756.5205193927,388.3140731423,-157.7594839407
3979,34.7600000000,5066.8457191375,3377.4330807219,1095.3085042616,397.5628827998,196.5412513542
3980,122.7400000000,17891.3879046875,11927.7376456720,1095.3085042616,1403.8224463421,3464.5193084118
3981,63.6300000000,5540.6671008185,3693.9535829175,755.7180513530,727.7142040130,363.2812625351
3982,49.9000000000,4353.6137933859,2902.3104222457,756.6307199789,570.7554701018,123.9171810595
3983,108.3600000000,15765.9473944940,10510.4443689668,1093.7544670621,1239.3055438811,2922.4430145841
3984,6.2100000000,894.4165086420,596.3900140705,1085.3172731391,71.0093256262,-858.3001041938
3985,135.3100000000,16092.7393433482,10728.5827486505,935.9015508839,1547.4724938827,2880.7825499311
3986,211.7800000000,30139.6508811001,20093.1128413276,1075.4639149027,2421.1076240270,6549.9665008429
3987,44.3800000000,5297.8314421220,3531.5790431031,938.3519954833,507.6131482515,320.2872552842
3988,33.5500000000,2928.3765627519,1952.3444575936,756.8298005211,383.7542670543,-164.5519624171
3989,14.4900000000,1728.1947501056,1152.2430043061,937.7632772109,165.7299802521,-527.5415116636
3990,213.1200000000,30596.2886922476,20397.7438362468,1082.6437912211,2436.8114990670,6679.0895657126
3991,126.7300000000,18416.7823789105,12277.5542196110,1092.7603591096,1449.3669821557,3597.1008180342
3992,6.6300000000,578.0025670565,385.2746233909,756.2725330342,75.8303446401,-639.3749340087
3993,65.1800000000,5680.8177489412,3787.2159347509,756.1438402539,745.4812316849,391.9767422516
3994,8.3600000000,727.7899388247,485.0194033507,755.6102914559,95.6091201601,-608.4488761421
3995,50.2600000000,4368.8967988283,2912.6247788096,754.9124345824,574.7484106982,126.6111747381
3996,60.0100000000,7153.9630011378,4769.2948867036,937.4569555241,686.3564038210,760.8547550891
3997,10.5100000000,1536.9305858354,1024.6461974893,1097.9977895315,120.2149981770,-705.9283993624
3998,58.1800000000,5072.1250907012,3381.2917605488,756.2725330342,665.4312897682,269.1295073500
3999,31.1500000000,3716.6762862890,2477.7966386897,938.0257820855,356.2841175738,-55.4302520600
4000,60.6400000000,8842.6189518241,5894.6987582716,1095.6242774865,693.5674357433,1158.7284803227
4001,2.1800000000,190.1840820703,126.8939653192,756.5966414806,24.9346982244,-718.2412229539
4002,61.8900000000,7340.3312937633,4893.2246741308,934.0736028865,707.7433175111,805.2896992349
4003,67.9600000000,9935.0239626647,6623.8054023869,1097.7350963539,777.3316332556,1436.1518306684
4004,55.4600000000,8106.2405168811,5404.1387864510,1097.5884505866,634.3532684254,970.1600114181
4005,53.7100000000,7858.2407384847,5239.0484883932,1098.4202960231,614.3499756628,906.4219784057
4006,235.2700000000,27677.1856042208,18451.6344855520,928.7304688664,2689.7708265452,5607.0498232572
4007,19.6000000000,1710.6959818438,1140.5412439887,756.8108245191,224.1897269392,-410.8458136032
4008,224.0900000000,26537.7472001555,17691.8813363248,933.0839460749,2562.4634538526,5350.3184639032
4009,64.1300000000,9376.6410911423,6251.5547717804,1097.8712831691,733.5264004832,1293.6886357096
4010,5.0800000000,742.7621509902,494.8276352245,1097.8712831691,58.1056309754,-908.0423983788
4011,63.2400000000,5513.2552550007,3675.3171310313,756.2725330342,723.3048257982,358.3607651371
4012,24.8600000000,2970.9263032315,1980.8419458884,939.0835389281,284.3562603489,-233.3554419338
4013,54.9100000000,8004.0419573602,5336.0931572743,1095.3085042616,628.0258312583,944.6144645659
4014,30.4900000000,2659.2845709150,1772.6801022072,756.4780410728,348.7372962479,-218.6108686129
4015,138.6400000000,16495.7964503299,10997.3601639774,936.1820858981,1585.5775144486,2976.6766860058
4016,35.9800000000,4296.7811340006,2864.2288927293,938.6129255746,411.5404002514,82.3989154452
4017,103.7600000000,15032.0388781840,10021.1499547419,1090.1749041379,1186.5942375478,2734.1197817564
4018,41.5100000000,6071.0680925544,4046.9688590744,1098.1153248667,474.7992215054,451.1846871080
4019,35.2400000000,5147.6678514880,3431.4519143816,1097.0767788299,403.0709180798,216.0682401968
4020,70.2600000000,6109.5713728075,4073.1080017745,755.0768121019,803.4748399908,477.9117189403
4021,4.7900000000,700.3603746542,466.9500219724,1097.8712831691,54.7885772386,-919.2495077260
4022,18.1500000000,2654.8838016635,1769.7024050001,1098.2245360874,207.6037170438,-420.6468564678
4023,38.3400000000,3346.1844666577,2230.9435512690,756.7903865069,438.5414055900,-80.0908767082
4024,55.4200000000,8091.4792041064,5394.7357536628,1096.6652581846,633.8806480176,966.1975442413
4025,160.1900000000,23279.2895863464,15519.9943547604,1092.7603591096,1832.0373776653,4834.4974948110
4026,37.9100000000,5537.6869537432,3692.0685154738,1097.0767788299,433.6100597164,314.9315997231
4027,133.3200000000,15856.0639217736,10571.0025858797,935.9015508839,1524.7138636054,2824.4459214047
4028,79.0300000000,6867.1089408520,4577.9592767508,754.7330514445,903.7278344627,630.6887781941
4029,117.0600000000,16942.5117189108,11295.4214976556,1089.3723944003,1338.6673038618,3219.0505229931
4030,249.0700000000,35617.1467929301,23744.5387287349,1079.4039103234,2847.6590519080,7945.5451019637
4031,142.6600000000,12385.1490494808,8256.7734821939,754.3228133681,1631.2705948206,1742.7821590982
4032,73.3500000000,6391.8917275297,4261.2289030430,756.0716187804,838.9160058916,535.6751998147
4033,111.4900000000,9668.8679522095,6445.6236838324,753.8312137160,1274.7753098301,1194.6377448310
4034,13.4000000000,1598.5219044096,1066.0144188041,937.8995482845,153.2641058577,-558.6561685367
4035,76.5500000000,9125.7435050341,6083.4619084047,937.4569555241,875.5304567989,1229.2941843065
4036,4.2400000000,369.8390353999,246.7817450291,756.5205193927,48.4963673085,-681.9595963304
4037,96.9200000000,8445.8370311136,5630.4880519432,756.0716187804,1108.4899698843,950.7873905056
4038,39.3000000000,5723.7443785515,3815.4599831960,1094.5951237908,449.4805593939,364.2087121708
4039,51.6000000000,4502.2386250278,3001.2697554101,756.6624014288,590.2024639515,154.1040042374
4040,63.9400000000,5577.2424347801,3717.9085849460,756.5205193927,731.3343692701,371.4789611713
4041,8.0400000000,957.6587989417,638.0918881449,936.8966040123,91.9538886224,-709.2835818379
4042,24.8800000000,3604.4441720241,2403.1534663650,1090.1749041379,284.5264517173,-173.4106501961
4043,82.9000000000,7206.1588663523,4804.2187310993,754.9124345824,948.0032480477,699.0244526229
4044,45.1300000000,3939.1247176451,2626.2360814504,756.8298005211,516.2095401538,39.8492955197
4045,243.8800000000,28904.0984252302,19269.7112412409,933.6011095794,2788.8288532046,5911.9572212052
4046,76.5300000000,6636.9940298017,4424.6680394954,753.8312137160,875.0430932038,583.4516833865
4047,142.7300000000,16949.4806379118,11300.0368931422,934.9012987172,1632.2532336661,3082.2892123863
4048,125.5100000000,14863.4595523741,9909.1546907781,933.0839460749,1435.2036596592,2586.0172558619
4049,16.3400000000,2387.3809254865,1591.5472756279,1097.2602780930,186.8958573332,-488.3224855675
4050,60.8500000000,8890.5831894648,5926.8557399685,1097.2602780930,695.9983426391,1170.4688287642
4051,264.3800000000,37806.4852014087,25204.2439784523,1079.4039103234,3022.7008477273,8500.1364649057
4052,5.4800000000,478.3340710406,318.6772673414,756.8474066171,62.6819109699,-659.8725138878
4053,65.1500000000,9479.0649017283,6319.0647271566,1093.7544670621,745.1158747125,1321.1298327971
4054,149.7200000000,13019.1435516188,8679.2400136577,755.0768121019,1712.1584549307,1872.6682709285
4055,45.9900000000,5495.3212059136,3663.8544466822,938.9903837852,526.0451807109,366.4311947353
4056,43.1700000000,5155.4208325404,3437.0746712752,938.6129255746,493.7798521082,285.9533835824
4057,26.3900000000,3839.6396432327,2559.6211553039,1093.7544670621,301.8205362036,-115.5565153369
4058,10.0300000000,874.4141399060,582.9813380256,756.2725330342,114.7177008658,-579.5574320197
4059,64.5800000000,7700.6191315473,5133.7174207331,937.6160751321,738.6310191342,890.6546165480
4060,70.7800000000,10334.0833285213,6889.5470814984,1096.6652581846,809.5646385184,1538.3063503199
4061,110.7800000000,16154.1116009741,10769.3892807055,1095.6242774865,1267.0415654953,3022.0564772868
4062,92.5800000000,13477.0749600111,8984.7293594990,1094.1922130533,1058.8421652563,2339.3112222025
4063,30.5300000000,2664.4288507266,1776.2249206437,756.7683859227,349.2079073130,-217.7723631528
4064,440.3200000000,63095.9777102143,42064.0133289032,1081.1023166841,5034.4411047302,14916.4209598967
4065,136.6200000000,19752.6280980205,13168.5321139832,1088.4939688877,1562.3185011855,3933.2835139641
4066,60.1100000000,8773.8173837360,5849.4176750687,1096.4346045105,687.5196888398,1140.4454153169
4067,27.1300000000,2364.8765275244,1576.3485958661,756.2106627622,310.2957712992,-277.9785024031
4068,190.9300000000,22659.7155088783,15106.2679576556,934.5057179604,2183.4251522837,4435.5166809785
4069,2.3100000000,275.8946145379,183.6311674191,938.6878670654,26.4219551622,-872.8463751087
4070,159.9500000000,23258.8342276202,15506.0972697328,1093.2784533794,1829.3154868421,4830.1430176658
4071,54.2000000000,6472.6386176440,4315.4381983789,938.6129255746,619.9413477940,598.6461458965
4072,48.6300000000,4244.0607602632,2829.2509383337,756.7683859227,556.2391265191,101.8023094876
4073,35.0500000000,3058.2066629307,2038.9248972740,756.6624014288,400.9030302616,-138.2836660337
4074,177.3100000000,21055.9266580827,14037.0146675435,934.9012987172,2027.7084065112,4056.3022853108
4075,4.4300000000,647.5053279802,432.0279254246,1097.5884505866,50.6704828547,-932.7815308857
4076,64.3000000000,5584.8312037250,3723.0529093524,754.5370947577,735.2688655572,371.9723340575
4077,493.5400000000,70576.4910594721,47051.1658825547,1079.4039103234,5642.7255328971,16803.1957336969
4078,4.1300000000,602.0159039136,401.7764259595,1095.3085042616,47.2363264086,-942.3053527161
4079,88.5500000000,10515.4943633930,7010.5044747823,934.9012987172,1012.6534284393,1557.4351614543
4080,46.4300000000,5537.6178224569,3691.8806464501,937.7632772109,531.0450643965,376.9288343994
4081,157.4600000000,13682.0824222012,9121.4113227724,754.7330514445,1800.5945187207,2005.3435292637
4082,230.2100000000,33283.9446233736,22188.8374098194,1088.4939688877,2632.5672826667,7374.0459619998
4083,132.8000000000,19285.8496954087,12856.9705459539,1092.1959456200,1518.7668848394,3817.9163189954
4084,65.7100000000,5717.4669081228,3811.9212237862,755.3660261078,751.4692807819,398.7103774469
4085,86.1900000000,10207.0080377589,6804.5697447403,933.0839460749,985.5804591350,1483.7738878087
4086,68.0100000000,8120.8582536013,5413.8351365817,938.5322790142,777.8973852029,990.5934528026
4087,93.8600000000,13695.9833819899,9131.1374163395,1096.1853728800,1073.5349981943,2395.1255945761
4088,133.3500000000,15746.9640330330,10497.7213158472,931.2135751301,1524.7222851004,2793.3068569553
4089,296.1000000000,34779.8198343039,23186.1728937809,927.7291392802,3385.0692580715,7280.8485431713
4090,418.7700000000,60007.9546368696,40005.5616128079,1081.1023166841,4788.0471053504,14133.2436020272
4091,65.1600000000,5680.6406137863,3786.8439956970,756.2725330342,745.2647446080,392.2593404471
4092,89.5500000000,10613.2606772977,7075.4426916557,933.6011095794,1024.0266680518,1580.1902080108
4093,96.2700000000,11458.9679092771,7639.0471106583,936.4401288793,1101.0203308427,1782.4603388968
4094,1.1600000000,101.1988693585,67.1791581102,756.5966414806,13.2680045598,-735.8449347920
4095,73.5700000000,6412.0552591225,4274.6239026849,756.1438402539,841.4399235203,539.8475926635
4096,344.0000000000,49192.1889298910,32794.7112769823,1079.4039103234,3933.0096513284,11385.0640912570
4097,1.1400000000,99.5037043677,66.5571974180,756.8298005211,13.0396382844,-736.9229318558
4098,96.4400000000,13958.1055029195,9305.1527211809,1089.3723944003,1102.8624191391,2460.7179681992
4099,22.2300000000,1939.4956839072,1293.1086039708,756.6307199789,254.2664148369,-364.5100548795
4100,20.3600000000,2978.8453069363,1985.6283221203,1098.4202960231,232.8833644478,-338.0866756549
4101,39.6400000000,3449.1004145181,2299.5348449754,755.3660261078,453.3289041271,-59.1293606922
4102,276.5100000000,32717.3249352494,21811.6450155358,932.5173167244,3161.8017115789,6811.3608914103
4103,41.2600000000,3599.2565580696,2399.7519885382,756.5599770292,471.9269602716,-28.9823677694
4104,30.5800000000,2664.8132110138,1776.4957061163,756.0716187804,349.7484861645,-217.5026000474
4105,14.7000000000,1283.0219863828,855.4059329915,756.8108245191,168.1422952044,-497.3370663322
4106,13.8800000000,1211.5468806648,807.4957875854,756.8474066171,158.7636723106,-511.5599858483
4107,59.4700000000,8700.0016660582,5799.7574610312,1098.3260134850,680.2328092385,1121.6853823036
4108,19.4100000000,2318.4753051627,1546.0378076946,938.7575205857,222.0138380380,-388.3338611557
4109,106.3500000000,15392.4151828649,10261.5156397467,1089.3723944003,1216.1905669375,2825.3365817805
4110,14.0600000000,1678.8599771450,1119.1243671633,938.5322790142,160.8180743413,-539.6147433737
4111,50.9300000000,7413.9925222874,4943.1036108280,1094.1922130533,582.4889984500,794.2076999560
4112,21.1300000000,3066.3366999172,2044.5203285430,1091.5804976578,241.6496490105,-311.4137752941
4113,398.6300000000,57121.9785488343,38081.3567477624,1081.1023166841,4557.7744766956,13401.7450076922
4114,10.4400000000,1526.9079953329,1018.1864326971,1098.1153248667,119.4146921830,-708.8084544138
4115,267.5000000000,38581.4939086626,25720.8987614475,1086.4759890134,3058.8557004131,8715.2634577887
4116,46.5100000000,6796.7948570957,4530.7204226877,1097.4304909789,531.9806996881,636.6632437411
4117,90.2500000000,7865.8146953352,5243.8374481167,756.1438402539,1032.2135802326,833.6198267320
4118,40.2000000000,3508.3537438326,2339.0491714780,756.7683859227,459.8151940380,-47.2790076061
4119,34.9000000000,3045.4892974524,2030.3863678239,756.7192474217,399.1902600478,-140.8065778409
4120,95.7700000000,13948.1679168926,9298.4172923813,1094.5951237908,1095.3372308690,2459.8182698515
4121,7.1500000000,853.3963623958,569.0866023185,938.2513041608,81.7804307207,-735.7219748043
4122,20.3300000000,1773.9589652885,1182.5573547457,756.6918581469,232.5360815787,-397.8263291827
4123,174.1700000000,25232.5579357490,16822.0742645548,1090.1749041379,1991.7995215276,5328.5092455287
4124,17.2400000000,2519.3881603167,1679.2180587584,1097.4304909789,197.1908678268,-454.4512572473
4125,30.3100000000,3606.3732718515,2404.1314259816,936.1820858981,346.6449398654,-80.5851798936
4126,195.6900000000,16971.0356943931,11314.2895542807,753.8312137160,2237.5170901484,2665.3978362480
4127,148.5200000000,21238.4415693820,14159.1409222579,1079.4039103234,1698.0540506258,4301.8426861749
4128,149.2100000000,17670.1203076228,11780.4113705817,933.0839460749,1706.2125572285,3250.4124337377
4129,13.4700000000,1174.1572733415,782.8487959200,756.2106627622,154.0613357685,-518.9635211093
4130,23.7100000000,2068.6209026289,1379.3158442356,756.6307199789,271.1946331886,-338.5202947743
4131,92.3700000000,8050.5850793142,5367.0900377092,756.1438402539,1056.4605917571,870.8906095941
4132,378.4300000000,44580.4729260661,29720.5676108282,929.6388554362,4326.6536114889,9603.6128483128
4133,24.9900000000,3656.2546277180,2437.1706227774,1098.4202960231,285.8425971293,-165.1788882117
4134,66.2300000000,9667.1090554788,6444.4446454636,1096.4346045105,757.5183661929,1368.7114393117
4135,225.0800000000,32186.5636172670,21457.6671708445,1079.4039103234,2573.3773613982,7076.1151747010
4136,59.0600000000,8635.3410703705,5756.7271365558,1097.8712831691,675.5351506711,1105.2074999745
4137,38.8200000000,4609.9547282543,3073.0978519593,934.9012987172,443.9436035236,158.0119740542
4138,120.1300000000,14273.5339808355,9515.9719654156,935.2637903541,1373.8244513822,2448.4737736836
4139,61.7800000000,9031.5741673547,6020.9810072135,1097.7350963539,706.6443246399,1206.2137391474
4140,76.7800000000,9135.5110462805,6090.4662791534,936.1820858981,878.1061855118,1230.7564957171
4141,243.6300000000,28874.4689984370,19249.9474348397,933.6011095794,2785.9700406193,5904.9504133986
4142,89.1000000000,7764.3838162631,5176.0356620065,756.0716187804,1019.0513445800,813.2251908962
4143,31.8800000000,3797.2838943109,2531.7839432846,936.8966040123,364.6131802589,-36.0098332448
4144,102.6900000000,12080.4615535233,8053.4758251857,928.7304688664,1174.0237436899,1924.2315157813
4145,188.8300000000,16407.8980298759,10938.7921411810,754.7330514445,2159.3183219232,2555.0545153272
4146,57.9800000000,8465.2465581755,5643.8709749687,1096.6652581846,663.1613131011,1061.5490119211
4147,77.0700000000,11262.7172572859,7508.9562250138,1097.4304909789,881.5255326803,1774.8050086129
4148,29.8400000000,3550.4512844622,2367.1447886588,936.1820858981,341.2697131502,-94.1453032449
4149,38.2400000000,5581.6133214783,3721.4398656903,1096.4346045105,437.3773565336,326.3614947440
4150,54.3700000000,7946.9220501772,5298.0266644169,1097.5884505866,621.8858132760,929.4211218976
4151,13.3900000000,1954.9784652289,1303.1688499079,1096.6652581846,153.1516036982,-598.0072465619
4152,100.2700000000,8721.9618016494,5814.8724983552,755.2275891446,1146.6827698431,1005.1789443065
4153,102.2000000000,14897.3427070153,9931.4110291858,1095.3085042616,1168.8989246877,2701.7242488802
4154,220.3500000000,31950.9305750410,21300.9410518400,1090.9087661794,2519.9551973868,7039.1255596349
4155,62.1300000000,5400.7074833108,3600.4771250968,754.9124345824,710.4878383740,334.8300852576
4156,57.5200000000,8395.7740128513,5597.2876028675,1096.4346045105,657.8960655808,1044.1557398925
4157,91.3600000000,7923.1121725165,5282.0431613354,753.8312137160,1044.6091336091,842.6286638560
4158,36.4100000000,4351.2239219894,2900.8145651085,939.0835389281,416.4686821923,94.8571357605
4159,33.4500000000,2919.4019407851,1946.2047032781,756.7903865069,382.6085033121,-166.2016523120
4160,66.7300000000,7963.3285268597,5308.6001101316,938.1427889439,763.2417113355,953.3439164486
4161,275.6400000000,32614.3844531921,21742.9108400667,932.5173167244,3151.8535451868,6787.1027512142
4162,55.8700000000,4875.1149724874,3250.3624468010,756.6918581469,639.0452964978,229.0153710417
4163,34.7000000000,4138.6030247524,2759.1125001071,937.7632772109,396.8826994305,44.8445480039
4164,150.7700000000,17939.0596567819,11959.0127343700,936.1820858981,1724.3041103103,3319.5607262035
4165,21.2400000000,3105.0604615509,2069.9391882459,1097.7350963539,242.9447305819,-305.5585536309
4166,54.4700000000,7958.4234401010,5305.1575854264,1097.2602780930,623.0243175604,932.9812590213
4167,21.9600000000,3212.9392406838,2141.9314261939,1098.4202960231,251.1846111628,-278.5970926960
4168,11.6500000000,1016.6174875450,677.8714423577,756.7192474217,133.2540552882,-551.2272575225
4169,18.9100000000,1645.3705559672,1096.7012337575,755.3660261078,216.2575574431,-422.9542613412
4170,8.9800000000,782.8752718202,522.1485027534,756.2725330342,102.7083702667,-598.2541342342
4171,53.0000000000,4623.7414448290,3082.7769221666,756.5966414806,606.2105531614,178.1573280204
4172,3.1700000000,276.1449750598,184.1822462179,755.9089524359,36.2550625148,-700.2012861088
4173,4.0800000000,356.0134076919,237.1795824490,756.6918581469,46.6673493773,-684.5253822813
4174,8.7300000000,1043.1431643319,695.7800511728,938.9903837852,99.8559344989,-691.4832051251
4175,125.9600000000,18292.5122562777,12194.6417602532,1092.1959456200,1440.5412410721,3565.1333093324
4176,368.0700000000,43360.0260811700,28906.3054845041,929.6388554362,4208.2059952454,9315.8757459843
4177,5.2200000000,622.5794751933,415.4345525729,937.7632772109,59.7039680411,-790.3223226317
4178,44.2700000000,5286.7843469206,3524.3654565774,938.6129255746,506.3616875801,317.4442771885
4179,49.4400000000,7220.2218337123,4813.8786323611,1096.8788562489,565.4859433331,743.9784017692
4180,71.1400000000,10380.6973981969,6920.1053062130,1096.1853728800,813.6722754266,1550.7344436773
4181,35.4600000000,4236.7643574615,2824.6161178692,938.9383947274,405.5993281748,67.6105166901
4182,3.6100000000,314.9131404419,209.6870669596,756.5599770292,41.2907495536,-692.6246531005
4183,48.1100000000,5742.2236356452,3828.4007792338,938.2513041608,550.2736394368,425.2979128138
4184,164.2600000000,14216.7228304924,9477.6033558602,752.8992265782,1877.9349511978,2108.2852968561
4185,54.5300000000,4757.5663357381,3171.7080480729,756.6307199789,623.7133423778,205.5142253085
4186,293.2800000000,42175.7407071742,28117.1350637084,1084.0440787886,3353.4650161853,9621.0965484920
4187,3.1900000000,466.6723611018,311.5572189810,1098.3260134850,36.4880218845,-979.6988932486
4188,51.6500000000,6169.4615925632,4112.6626649132,938.7575205857,590.7787086381,527.2626984262
4189,135.6400000000,16049.2494094869,10699.6199813605,932.5173167244,1550.9991832431,2866.1129281589
4190,204.0800000000,29298.4731433647,19532.3850068303,1082.6437912211,2333.4482485435,6349.9960967697
4191,121.8300000000,14501.3613834759,9667.6256301806,936.4401288793,1393.3448312721,2503.9507931439
4192,31.5200000000,2745.2304998332,1830.2798401507,755.8173576902,360.4878033464,-201.3545013542
4193,109.8900000000,13013.6687930077,8675.8264245439,933.0839460749,1256.5893567043,2148.1690656846
4194,1.7700000000,258.4250846494,172.4782301349,1096.6652581846,20.2448348429,-1030.9632385130
4195,13.9400000000,1215.8224637112,810.3680467233,756.4780410728,159.4423715873,-510.4659956721
4196,103.1200000000,12131.0467952023,8087.4567358405,928.7304688664,1178.9398037716,1935.9197867239
4197,287.3300000000,41320.0885753968,27547.1931367414,1084.0440787886,3285.4306570530,9403.4207028139
4198,138.0900000000,12007.8381848988,8005.4172084259,755.0768121019,1579.1608405115,1668.1833238595
4199,34.8600000000,3040.7048995376,2026.8467911403,756.5205193927,398.7224915977,-141.3849025931
4200,38.1100000000,5570.2997854010,3713.9242711936,1097.5884505866,435.9034089378,322.8836546830
4201,150.9600000000,21800.6502585740,14534.0803132980,1087.5315179624,1726.2653915031,4452.7730358105
4202,595.1800000000,84703.5480754233,56468.5757437309,1075.4639149027,6804.2064201925,20355.3019965971
4203,331.0200000000,47676.2886780471,31784.0795734034,1085.3172731391,3785.1057920757,11021.7860394291
4204,9.1100000000,1083.4739148467,722.2424126999,935.9015508839,104.1864933802,-678.8565421172
4205,72.7800000000,6337.4155523742,4224.8211636960,755.7180513530,832.3595751700,524.5167621553
4206,80.5100000000,7007.1363588592,4671.3335527945,755.4932545847,920.7389134803,659.5706379997
4207,2.4700000000,294.1086204805,196.4638224724,936.6776962357,28.2492127481,-867.2821109757
4208,5.4800000000,653.2864063695,435.1546429474,937.4569555241,62.6767720870,-782.0019641890
4209,64.1200000000,7649.0466052796,5098.9780591749,937.8995482845,733.3801841490,878.7888136712
4210,71.7900000000,10475.5449285431,6983.8850786205,1096.1853728800,821.1067283227,1574.3677487199
4211,77.4200000000,11235.0112308371,7489.6203872136,1091.5804976578,885.4006543490,1768.4096916167
4212,27.5200000000,2402.1448239118,1601.4883011309,756.8474066171,314.7821514401,-270.9730352763
4213,204.0300000000,29558.4704348100,19705.8584241927,1090.1749041379,2333.2770073909,6429.1600990885
4214,29.4900000000,2563.4454157868,1708.8831728071,754.9124345824,337.2330010245,-237.5831926272
4215,17.8400000000,1556.9410644272,1037.8963335278,756.7683859227,204.0572900905,-441.7809451138
4216,50.5100000000,6009.8289000733,4006.8857099693,936.1820858981,577.6653220917,489.0957821141
4217,39.4500000000,4704.0790452082,3136.3546943385,937.6160751321,451.2077067954,178.9005689422
4218,139.5000000000,16565.9115041596,11043.9454054789,934.9012987172,1595.3151131256,2991.7496868378
4219,23.0900000000,2759.4001746426,1839.9452384402,939.0835389281,264.1104606378,-283.7390633635
4220,89.4900000000,13058.3161395086,8705.9389336228,1096.1853728800,1023.5525994930,2232.6392335128
4221,227.9100000000,26811.3544908317,17873.9590044205,928.7304688664,2605.6261702636,5403.0388472811
4222,219.5200000000,31738.3759338124,21158.7408173937,1088.4939688877,2510.3217492332,6980.8193982978
4223,228.5900000000,32755.9718949352,21837.4877707497,1081.1023166841,2613.6057688279,7223.7760386735
4224,15.6000000000,1863.5627014545,1242.3564931937,938.8222665727,178.4352018612,-496.0512601731
4225,16.9200000000,1468.9241687734,979.1686501320,754.3228133681,193.4746843149,-458.0419790415
4226,27.1300000000,2346.2078505305,1564.2154921266,752.5246171233,310.1551130411,-280.6873717606
4227,33.8900000000,4044.9794016216,2696.6944678049,938.2513041608,387.6278037936,22.4058258622
4228,151.5800000000,17964.9140532081,11976.8666791713,933.6011095794,1733.3552467146,3321.0910177428
4229,48.9200000000,4268.4014251232,2845.4945085895,756.6624014288,559.5485375292,106.6959775757
4230,67.1600000000,9802.8543585378,6535.2114714561,1096.4346045105,768.1554201044,1403.0528624667
4231,45.2800000000,5410.0589426355,3606.9574580842,938.9383947274,517.9226615836,346.2404282403
4232,51.3400000000,6105.9880118801,4070.8208715810,935.9015508839,587.1497881601,512.1158012552
4233,122.7700000000,10658.3818085291,7105.5887178495,754.3228133681,1403.8349286845,1394.6353486270
4234,34.2600000000,4092.6703943482,2728.3122987784,938.8222665727,391.8711548566,33.6646741404
4235,28.3500000000,2473.9146585323,1649.4871764038,756.7192474217,324.2705980617,-256.5623633549
4236,68.5400000000,8155.0915226891,5437.0356864507,936.1820858981,783.8681682076,998.0055821326
4237,45.6500000000,3983.0851401651,2655.1025402532,756.6624014288,522.1461720811,49.1740264019
4238,166.2900000000,23828.6476504168,15885.8773742134,1081.1023166841,1901.2927218968,4960.3752376225
4239,48.3100000000,5769.2467088262,3846.2502273794,938.6129255746,552.5713378584,431.8122180138
4240,22.8100000000,1982.7802622617,1321.9662280206,754.9124345824,260.8438370081,-354.9422373494
4241,33.7500000000,4936.7673997874,3291.0255250880,1098.2245360874,386.0399697095,161.4773689026
4242,45.2500000000,3933.3979336844,2622.4370702197,754.9124345824,517.4565376859,38.5918911964
4243,12.9600000000,1548.4621001890,1032.5086292372,938.9383947274,148.2393483685,-571.2242721441
4244,112.9400000000,16328.9548923323,10885.6153415802,1088.4939688877,1291.5257760496,3063.3198058148
4245,243.2900000000,28576.7726021202,19051.0592566735,927.7291392802,2781.3356967113,5816.6485094552
4246,0.7000000000,83.6132258431,55.5765224988,938.7575205857,8.0066814336,-918.7274986751
4247,53.7500000000,7863.2098461515,5242.5493578536,1098.3260134850,614.8060113766,907.5284634363
4248,60.5600000000,5282.8642064153,3521.9661061556,756.5599770292,692.6780589930,311.6600642376
4249,13.3500000000,1590.1424086904,1060.0558786923,936.8966040123,152.6846284961,-559.4947025103
4250,128.0600000000,11139.2682588932,7426.4498034098,755.2275891446,1464.4878378987,1493.1030284400
4251,251.2900000000,29758.8937209473,19839.5736620085,933.0839460749,2873.4947624553,6112.7413504085
4252,4.3700000000,381.3807427997,254.1786939252,756.7683859227,49.9848855210,-679.5512225692
4253,60.7600000000,5258.7853353264,3505.9427048101,752.8992265782,694.6507222378,305.2926817003
4254,40.4700000000,4830.3427672949,3220.5128176663,938.2513041608,462.8886757016,208.6899697662
4255,317.0200000000,37346.1446688198,24897.6304010626,929.6388554362,3624.5427897213,7894.3326225998
4256,9.2000000000,803.0123510378,535.2307959028,756.8298005211,105.2321686110,-594.2804139972
4257,130.2200000000,18659.9705155889,12440.2081972714,1081.1023166841,1488.8829048373,3649.7770967961
4258,43.7000000000,3813.1828225827,2542.1642569533,756.6918581469,499.8439136738,14.4827938088
4259,54.7100000000,6536.7562886835,4357.4593251509,938.9383947274,625.7850886758,614.5734801294
4260,126.7000000000,11024.2437567974,7349.6671391330,755.3660261078,1448.9599433125,1470.2506482441
4261,12.5400000000,1094.4963067511,729.9463961528,756.8108245191,143.4356722356,-535.6965861564
4262,240.7900000000,28490.8490512412,18993.5438213017,932.5173167244,2753.3551558030,5811.4327574122
4263,106.8700000000,15549.1583430193,10366.4656789809,1093.7544670621,1222.2645208063,2866.6736761700
4264,75.6100000000,6538.7679903654,4358.9471713929,752.5246171233,864.3873238865,562.9088779627
4265,11.3800000000,992.4465010743,661.4024389131,756.4322921394,130.1609392613,-555.5491692395
4266,74.9200000000,10755.7899250337,7170.1160151655,1082.6437912211,856.6343727013,1646.3957459457
4267,196.1800000000,28212.0731448904,18808.0835899131,1084.0440787886,2243.1900125315,6076.7554636573
4268,143.7300000000,12493.8626521208,8329.4620058209,754.9124345824,1643.6249317479,1765.8632799696
4269,24.3700000000,2126.9305021505,1417.8233358723,756.7903865069,278.7494536836,-326.4326739123
4270,84.7000000000,10012.4215666350,6674.7303719912,931.8958594654,968.4891123530,1437.3062228254
4271,57.7000000000,6843.3852908409,4562.1042074603,934.0736028865,659.8285574470,687.3789230472
4272,195.9600000000,17003.8533984040,11335.6840306320,754.0882497416,2240.6744563955,2673.4066616349
4273,311.4700000000,26935.9881756262,17957.1938496137,752.5246171233,3560.7819041254,4665.4878047638
4274,19.8700000000,2363.1862445668,1575.8016277088,935.9015508839,227.2432078446,-375.7601418705
4275,121.8800000000,17733.0534186132,11822.2502110600,1093.7544670621,1393.9328136602,3423.1159268308
4276,105.0800000000,15304.0982009718,10202.8226217315,1094.5951237908,1201.8172310714,2804.8632243781
4277,6.2200000000,542.8841330137,362.1218449664,756.8108245191,71.1459235491,-647.1944600209
4278,84.9300000000,7389.8107518927,4926.3111871205,755.3660261078,971.2720440847,736.8614945798
4279,22.9700000000,2004.4380848849,1336.3751292195,756.7192474217,262.7335321862,-351.3898239425
4280,100.4600000000,14539.9344548247,9692.8674178967,1089.3723944003,1148.8340794973,2608.8605630304
4281,59.1900000000,8634.1837272838,5756.0174650089,1095.9158827522,676.9880973859,1105.2622821368
4282,41.8500000000,3652.6850428654,2435.0555559158,756.8108245191,478.6908200207,-17.8721575902
4283,14.0800000000,2057.9853313683,1371.8781491552,1097.5884505866,161.0474940395,-572.5287624130
4284,302.1600000000,43519.6283818462,29012.6200962523,1085.3172731391,3455.1011000350,9966.5899124198
4285,29.7400000000,3551.5917433345,2367.7625513229,938.6129255746,340.1670790294,-94.9508125924
4286,26.6000000000,3170.2359815586,2113.7452357764,937.2848285391,304.2313710159,-185.0254537728
4287,273.6400000000,23716.7758548490,15811.4228059567,753.5492527343,3128.6892802925,4023.1145158656
4288,65.6900000000,5722.3859342833,3815.2036716564,755.9089524359,751.2918159611,399.9814942299
4289,27.0600000000,2361.4736988776,1574.1283006252,756.7447129152,309.5164463053,-278.9157609681
4290,7.7900000000,928.8916543009,619.0173738826,937.6160751321,89.0977955877,-716.8395903015
4291,27.7000000000,2417.5615473766,1611.5631705878,756.7903865069,316.8387306949,-267.6307404130
4292,47.7300000000,4165.3044954703,2776.5874191583,756.7447129152,545.9430887714,86.0292746255
4293,26.0000000000,2261.6037383353,1507.9085895248,755.2275891446,297.3347164249,-298.8671567590
4294,289.7100000000,41662.3494281078,27775.1699075282,1084.0440787886,3312.6444007059,9490.4910410851
4295,38.1500000000,4558.1658273309,3038.3954375791,938.9383947274,436.3681435383,144.4638514861
4296,158.9500000000,23083.4774780513,15389.4041383387,1092.1959456200,1817.8312977803,4784.0460963122
4297,97.5000000000,8478.2694114536,5652.0659185118,755.0768121019,1114.9842997311,956.1423811089
4298,11.5400000000,1686.4117964069,1124.7592657721,1097.4304909789,131.9943512019,-667.7723115460
4299,71.7700000000,10469.2577480513,6979.0309224864,1095.9158827522,820.8723728567,1573.4385699560
4300,49.6000000000,4325.6016215542,2883.7146336612,756.4322921394,567.3095419473,118.1451538063
4301,128.7000000000,11161.3894111523,7440.7912359681,753.8312137160,1471.5542414129,1495.2127200552
4302,41.5200000000,4948.4284945230,3299.2806071466,937.2848285391,474.8754332549,236.9876255824
4303,265.3600000000,22999.1362404719,15332.7889214340,753.5492527343,3034.0191032686,3878.7789630351
4304,56.6700000000,6768.3756735338,4512.0801137260,938.6878670654,648.1957571600,669.4119355823
4305,109.0700000000,15892.2596880596,10595.1372296118,1094.9662915433,1247.4629938611,2954.6931730434
4306,97.9200000000,8528.3302837457,5685.6982106584,755.8173576902,1119.8910438986,966.9236714985
4307,50.9900000000,4449.5558532120,2966.4945501274,756.7192474217,583.2295518578,143.1125038052
4308,57.6200000000,8399.0693422527,5599.7589368102,1095.3085042616,659.0210962867,1044.9808048941
4309,17.9500000000,1557.5585247058,1038.2746979123,754.0882497416,205.2465120040,-440.0509349521
4310,4.1700000000,362.3414435449,241.5506151049,754.7330514445,47.6849939227,-681.6272169272
4311,45.0800000000,3934.7605200851,2623.4628648914,756.8298005211,515.6376261940,38.8302284787
4312,70.2900000000,6107.6690807603,4071.8532260548,754.7330514445,803.7837464809,477.2990567803
4313,52.6400000000,7662.9209969214,5108.3745522235,1094.1922130533,602.0463553585,858.3078762861
4314,182.2600000000,21630.7534104025,14420.3988108835,934.5057179604,2084.2773176307,4191.5715639279
4315,214.9800000000,25513.9875352153,17009.5548399482,934.5057179604,2458.4546128840,5111.4723644226
4316,93.4500000000,13616.3167493277,9077.7432042654,1094.9662915433,1068.8128429112,2374.7944106079
4317,91.7200000000,10931.3550461862,7287.8259650899,937.2848285391,1049.0263665255,1657.2178860316
4318,6.6800000000,581.9080231544,388.0983045306,755.9089524359,76.3986806305,-638.4979144426
4319,27.2800000000,3259.9107566657,2172.9615356597,939.0386843848,312.0362564900,-164.1257198688
4320,7.6200000000,909.6321673945,606.1203961893,938.3519954833,87.1566514123,-721.9968756904
4321,12.8500000000,1531.0543469894,1020.4370320929,937.0984891794,146.9675620410,-573.4487363238
4322,28.8700000000,2518.2200358477,1678.9249866731,756.5205193927,330.2099349520,-247.4354051701
4323,76.5100000000,11180.8809829369,7453.5103457152,1097.4304909789,875.1202608715,1754.8198853713
4324,52.8800000000,6318.1077050920,4211.9074479016,938.9383947274,604.8531436515,562.4087188115
4325,51.1600000000,6112.6019325360,4075.4525629804,938.9383947274,585.1794029730,513.0315718553
4326,182.8900000000,21597.0172628527,14397.6381405640,931.2135751301,2091.1620451594,4177.0035019992
4327,88.4000000000,10503.4579530996,7002.3189934190,935.2637903541,1010.9554774177,1554.9196919088
4328,61.2500000000,8940.2148520018,5960.3549068373,1096.4346045105,700.5586581506,1182.8666825033
4329,18.2000000000,1583.1226168347,1055.5360126674,755.2275891446,208.1343014974,-435.7752864747
4330,100.0300000000,14591.6100395370,9728.0061250735,1095.9158827522,1144.0973032863,2623.5907284250
4331,131.3200000000,18852.7807388605,12568.3068081925,1082.6437912211,1501.5112896841,3700.3188497628
4332,29.3500000000,3498.8970852090,2332.4288861981,937.4569555241,335.6867264147,-106.6754829279
4333,11.9400000000,1729.7855069923,1153.5136638552,1090.1749041379,136.5452505428,-650.4483115436
4334,32.0900000000,2779.4322054703,1853.0599667281,753.2396180813,366.8903479975,-193.7577273365
4335,145.0400000000,20945.7227974534,13963.5275737264,1087.5315179624,1658.5687094834,4236.0949962813
4336,69.1300000000,8213.8467002011,5476.1725461354,935.2637903541,790.5809067182,1011.8294569934
4337,70.1700000000,10011.5088201003,6674.4485414778,1077.5309870471,802.2324091413,1457.2968824341
4338,233.7900000000,27686.4648932320,18457.3954326081,933.0839460749,2673.3827072881,5622.6028072608
4339,64.4500000000,7692.5028750225,5128.2463140750,938.2513041608,737.1676587341,888.8375980525
4340,44.0200000000,5257.5242129691,3504.7319953128,938.6878670654,503.5040979386,310.6002526522
4341,93.1800000000,8085.4207984450,5390.4946645038,754.0882497416,1065.4523670490,875.3855171505
4342,26.4200000000,3155.4700069660,2103.8885181443,938.6878670654,302.1939633698,-189.3003416136
4343,114.0800000000,9898.9569079910,6599.4446552236,754.0882497416,1304.4301999673,1240.9938030585
4344,61.9300000000,9057.6065278703,6038.2321989692,1098.1153248667,708.3670389745,1212.8919650599
4345,69.0200000000,8218.3712492154,5479.1577156185,936.6776962357,789.3767869940,1013.1590503672
4346,280.5500000000,39926.7119401862,26617.6006317587,1075.4639149027,3207.2988191556,9026.3485743692
4347,76.4600000000,6634.5919108082,4423.3346719279,754.0882497416,874.2701007144,582.8988884242
4348,158.3300000000,18830.5625617643,12553.8863007465,935.9015508839,1810.7406692517,3530.0340408822
4349,46.9400000000,5609.2452682511,3739.7137627463,939.0386843848,536.9128255001,393.5799956198
4350,47.8500000000,5704.3347709456,3803.2515793603,937.4569555241,547.2780190441,416.3482170171
4351,44.2100000000,6367.4965937299,4244.8936295605,1085.3172731391,505.5269381538,531.7587528765
4352,90.7800000000,10816.2734334398,7211.0883601231,937.0984891794,1038.2657807068,1629.8208034306
4353,33.2900000000,2898.1013233820,1932.2547198006,755.6102914559,380.7210059963,-170.4846938708
4354,71.6600000000,6235.1800127238,4156.8514505325,755.3660261078,819.5143609927,503.4481750908
4355,17.2700000000,2524.2476330064,1682.6350779693,1097.5884505866,197.5348169078,-453.5107124573
4356,100.7000000000,8746.3841713080,5831.1391593500,754.5370947577,1151.5019403050,1009.2059768952
4357,0.9500000000,138.9932731625,92.6240616732,1098.4202960231,10.8663652370,-1062.9174497708
4358,13.4800000000,1173.5177482484,782.2893602431,755.6102914559,154.1639880093,-518.5458914600
4359,215.6300000000,25591.1300224136,17060.9950259561,934.5057179604,2465.8878415489,5129.7414369481
4360,38.3900000000,4553.1639742701,3035.2709444796,934.0736028865,439.0089830223,144.8104438816
4361,238.6200000000,34569.6329713982,23046.2417424400,1090.1749041379,2728.8465397422,7704.3697850780
4362,41.5600000000,4966.6813017819,3311.0726250310,939.0835389281,475.3759525381,241.1491852847
4363,331.3600000000,28656.0793716104,19104.2852105066,752.5246171233,3788.1680153819,5011.1015285986
4364,70.0700000000,10245.1464409222,6830.0152467612,1097.8712831691,801.4688115057,1515.7910994863
4365,67.2900000000,9790.4263582088,6527.0339460250,1093.7544670621,769.5909011421,1400.0470439795
4366,190.2100000000,22376.3228366508,14917.6197774536,928.7304688664,2174.6134607777,4355.3591295531
4367,11.9100000000,1038.1746938008,692.3152616979,756.2106627622,136.2190429846,-546.5702736440
4368,243.4300000000,28775.9596454067,19183.6695135747,931.8958594654,2783.4628644639,5876.9314079027
4369,139.2700000000,12044.0975799257,8029.6395262500,752.5246171233,1592.1600660980,1669.7733704544
4370,17.1300000000,2042.6077070828,1361.8382225417,937.6160751321,195.9236506313,-452.7702412223
4371,67.8300000000,8050.1152410161,5366.9260734917,934.5057179604,775.6860005206,972.9974490434
4372,78.1600000000,6815.5913932988,4543.6271476055,756.3829978112,893.9643667043,621.6168811777
4373,53.0000000000,6326.8379096996,4218.1031653175,938.3519954833,606.2076804265,564.1750684723
4374,22.8000000000,1989.6033232641,1326.6912514716,756.7192474217,260.7890524094,-354.5962280386
4375,119.6200000000,10418.2890986690,6945.3204580625,755.8173576902,1368.0695125730,1349.0817703432
4376,39.9300000000,4770.4373698335,3180.1211878205,938.8824522502,456.7268830333,194.7068467296
4377,233.3900000000,27589.1271480157,18392.5903583757,931.8958594654,2668.6620298946,5595.9789002801
4378,22.8500000000,1992.0601292974,1328.1835701106,756.2725330342,261.3459087522,-353.7418825996
4379,2.9100000000,425.7583420032,283.6611888743,1098.4202960231,33.2853924628,-989.6085353571
4380,46.7600000000,4080.8612204381,2720.3172123658,756.7683859227,534.8497132641,68.9259088855
4381,266.9300000000,31583.7964086873,21055.5690853754,932.5173167244,3052.2575345259,6543.4524720616
4382,110.5000000000,9597.5715087342,6398.2266885891,754.5370947577,1263.5646911987,1181.2430341886
4383,27.0900000000,2359.4001979848,1572.7879995212,755.8173576902,309.8227979903,-279.0279572169
4384,72.3100000000,8607.0216009123,5737.9792409346,936.4401288793,826.9947036796,1105.6075274189
4385,25.4400000000,3718.4053146314,2478.4759932251,1097.5884505866,290.9835403668,-148.6426695471
4386,78.5400000000,9371.0354903737,6247.7393754927,938.0257820855,898.3163593657,1286.9539734297
4387,34.5500000000,4128.3615495611,2752.2945062216,938.9903837852,395.1915849872,41.8850745671
4388,158.7900000000,18751.1092523833,12501.1032463524,931.2135751301,1815.6029370160,3503.1894938848
4389,72.2300000000,6294.2922901087,4196.3071330520,756.0716187804,826.1063818071,515.8071564691
4390,57.8400000000,5046.6953889846,3364.7453313248,756.6624014288,661.5757851735,263.7118710575
4391,71.3200000000,10420.3187029191,6946.4407134176,1097.2602780930,815.7535217259,1560.8641896827
4392,15.2900000000,1334.3962373931,889.6254287381,756.7683859227,174.8899083791,-486.8874856469
4393,98.6000000000,14297.0808019017,9531.7236219368,1090.9087661794,1127.6041863505,2546.8442274351
4394,2.6100000000,381.5540397668,254.2030582056,1097.7350963539,29.8533779105,-1000.2374927032
4395,43.1900000000,3769.4759289240,2512.7469472188,756.7903865069,494.0167790149,5.9218161834
4396,221.3000000000,31770.6394875863,21180.6875390523,1082.6437912211,2530.3415200053,6976.9666373076
4397,115.1800000000,9968.8429052484,6645.8804019751,752.8992265782,1316.8181400156,1253.2451366795
4398,12.4000000000,1082.1239418360,721.4754711199,756.7447129152,141.8331091717,-537.9293513707
4399,67.1300000000,9767.1469969766,6511.0363138044,1093.7544670621,767.7609926240,1394.5952234861
4400,39.8100000000,3474.4810541900,2316.0716604622,756.7903865069,455.3555909374,-53.7365837164
4401,62.9500000000,9110.9782394109,6074.1969152153,1089.3723944003,719.8796068520,1227.5293229433
4402,151.3800000000,21967.9152689760,14645.4415371141,1091.5804976578,1731.2316075350,4499.6616266691
4403,91.2600000000,13312.3096291927,8875.2627969241,1095.9158827522,1043.7900619605,2297.3408875560
4404,122.7000000000,17805.9400416393,11870.7353769486,1091.5804976578,1403.2376684142,3440.3864986187
4405,14.9200000000,1781.0645587305,1187.5011843709,938.3519954833,170.6531809804,-515.4418021042
4406,74.2100000000,10842.5666144648,7228.2772101434,1097.2602780930,848.8091537756,1668.2199724528
4407,56.0300000000,6640.5471328754,4427.0926338851,933.6011095794,640.7170766158,639.1363127951
4408,23.6400000000,2060.9322300477,1373.8081965648,756.2725330342,270.3815003458,-339.5299998971
4409,7.0100000000,1025.1078407903,683.0974649929,1097.9977895315,80.1814592979,-836.1688730320
4410,73.9900000000,6451.2309751508,4300.8040307461,756.3298557505,846.2637155868,547.8333730674
4411,113.2300000000,9792.1531483808,6527.9926538085,752.5246171233,1294.4660320548,1217.1698453941
4412,183.1700000000,26418.5878102794,17612.1664911299,1086.4759890134,2094.5442939987,5625.4010361374
4413,1.7700000000,211.4963803972,140.9174787185,938.9903837852,20.2457049328,-888.6571870394
4414,73.3200000000,10640.0287192583,7093.2337929043,1091.5804976578,838.5117021037,1616.7027265925
4415,10.9100000000,950.2051000374,633.2907431700,755.8173576902,124.7754420847,-563.6784429075
4416,191.1200000000,27386.6807321406,18257.5717427580,1081.1023166841,2185.1889170059,5862.8177556926
4417,80.5700000000,11739.6109202069,7826.5586570499,1094.9662915433,921.5008106298,1896.5851609839
4418,265.8900000000,22994.2206184135,15329.3118228410,752.5246171233,3039.7030227242,3872.6811557250
4419,39.6800000000,3453.5234221778,2302.4188507546,755.4932545847,453.7935670960,-58.1822502575
4420,39.4000000000,5760.7930608297,3840.1412254749,1097.8712831691,450.6617835496,372.1187686361
4421,84.6300000000,12336.2242005353,8223.8612188581,1095.3085042616,967.9443835256,2049.1100938900
4422,90.7900000000,13251.9527577672,8834.6377299314,1096.4346045105,1038.4280909959,2282.4523323294
4423,48.6300000000,5811.5907532641,3874.6594548235,939.0835389281,556.2447683333,441.6029911793
4424,35.7200000000,5190.9371622716,3461.0316049348,1092.7603591096,408.5172303527,228.6279678744
4425,50.0800000000,4334.4300459702,2889.5132182501,752.8992265782,572.5495090466,119.4680920953
4426,305.4900000000,26459.6056232202,17639.7054525082,753.2396180813,3492.7183673962,4573.9421852345
4427,71.0200000000,6177.6575960221,4118.4753351397,755.2275891446,812.1812138651,491.7734578727
4428,54.7700000000,8006.7872636131,5338.2642223184,1097.7350963539,626.4634130872,944.3245318536
4429,43.7600000000,6399.2466637637,4266.0106392202,1097.9977895315,500.5336175285,534.7046174835
4430,2.4700000000,215.5277247547,143.6439724691,756.6918581469,28.2520472946,-713.0601531559
4431,55.0900000000,7988.0951458090,5325.2352629600,1090.9087661794,630.0173897165,941.9337269531
4432,8.6300000000,753.2888746497,502.3217942839,756.8474066171,98.7125714727,-604.5928977240
4433,52.9700000000,4611.3675908544,3074.3971857556,755.6102914559,605.7912792918,175.5688343512
4434,120.3200000000,14296.1092863908,9530.9341854870,935.2637903541,1375.9973194898,2453.9139910599
4435,31.3300000000,2734.3755696502,1822.9157175501,756.7903865069,358.3594741037,-203.6900085105
4436,61.1300000000,8827.9925166046,5885.7019450546,1087.5315179624,699.0368533557,1155.7222002319
4437,16.5800000000,2421.3446198008,1613.7434051665,1096.8788562489,189.6390966922,-478.9167383068
4438,2.8300000000,247.0228870520,164.7399432867,756.8474066171,32.3704029279,-706.9348657797
4439,50.4000000000,6023.1168818530,4015.5561622716,939.0835389281,576.4905680443,491.9866126090
4440,10.2200000000,1495.4309980947,996.9644270751,1098.5078760990,116.8994762979,-716.9407813773
4441,29.2600000000,2551.1963553577,1700.9921559805,756.3298557505,334.6624721999,-240.7881285732
4442,175.6500000000,20832.5931774039,13888.6640186794,934.0736028865,2008.6462065088,4001.2093493292
4443,288.0800000000,41549.7449166637,27699.4294354050,1086.4759890134,3294.1874772897,9469.6520149556
4444,82.4300000000,7181.9419269523,4788.0873782720,755.9935047728,942.7560993959,695.1049445115
4445,34.2200000000,5001.7228721181,3334.9524067861,1097.5884505866,391.4094634965,177.7725512490
4446,30.5500000000,4463.5549127058,2975.8618330751,1097.2602780930,349.4289131902,41.0038883476
4447,122.1500000000,17781.6451324839,11854.4338873657,1094.1922130533,1397.0357581125,3435.9832739524
4448,44.5900000000,3883.5605326003,2588.8368841676,755.8173576902,509.9667243407,28.9395664018
4449,9.0000000000,1316.1156301159,877.3114501379,1097.9977895315,102.9433856891,-762.1369952426
4450,35.2400000000,5145.1412333581,3430.4003549046,1096.6652581846,403.0666552894,215.0089649795
4451,38.8900000000,5655.1176187068,3769.9092371958,1093.2784533794,444.7769883294,347.1529398021
4452,180.5200000000,26099.7249616063,17400.2802774619,1088.4939688877,2064.3371090178,5546.6136062389
4453,42.2900000000,3687.7093145164,2458.6327610901,756.3829978112,483.6969430390,-11.0033874239
4454,130.6300000000,15425.7661164987,10284.0272432600,931.2135751301,1493.6218380402,2716.9034600684
4455,52.7600000000,6299.0778259639,4199.7054268092,938.4454697809,603.4654487697,557.4614806040
4456,29.9300000000,2612.5070704826,1741.9223511458,756.8474066171,342.3484663009,-228.6111535812
4457,86.3100000000,10236.6132487432,6824.7607297087,934.0736028865,986.9983153076,1490.7806008403
4458,154.5700000000,13440.8831069578,8960.8376039039,755.0768121019,1767.6217765070,1957.3469144450
4459,35.9500000000,5251.3807962824,3500.9496746728,1097.0767788299,411.1918134214,242.1625293584
4460,105.4300000000,15243.1531281972,10161.7636820378,1088.4939688877,1205.6451440491,2787.2503332226
4461,144.0100000000,17079.9985395841,11386.8649371690,934.0736028865,1646.8268727546,3112.2331267740
4462,68.9100000000,8227.2451286424,5485.0877647748,938.4454697809,788.1880984595,1015.5237956272
4463,51.2800000000,6120.5825823297,4080.6096143522,938.2513041608,586.5315366933,515.1901271233
4464,132.5000000000,11528.9052705261,7685.7530010910,755.3660261078,1515.2896013331,1572.4966419942
4465,8.7000000000,1038.3983710271,691.9575732737,938.2513041608,99.5090555622,-691.3195619697
4466,100.8600000000,14717.4183241797,9811.4549886860,1096.1853728800,1153.5983370752,2656.1796255384
4467,64.4900000000,7678.9736578079,5118.9740410859,936.6776962357,737.5675020754,885.7544184110
4468,5.8800000000,512.9333146255,341.7122572676,756.5599770292,67.2547388851,-652.5936585563
4469,43.4000000000,5175.0831574660,3449.9901637724,937.6160751321,496.3856647635,291.0912537981
4470,18.8400000000,2242.5153776959,1495.3521658193,936.4401288793,215.4692327109,-404.7461497136
4471,38.5600000000,3365.6691582627,2243.5321962972,756.8298005211,441.0600458305,-75.7528843861
4472,250.7100000000,36247.8509036358,24165.5092493391,1088.4939688877,2866.9951063697,8126.8525790393
4473,5.2600000000,628.3551160032,418.9908173124,938.8222665727,60.1646898583,-789.6226577401
4474,274.0300000000,39267.3300597974,26178.1359546898,1081.1023166841,3133.1483828334,8874.9434055901
4475,143.3400000000,17021.9193907257,11348.0540470791,934.9012987172,1639.2291635515,3099.7348813780
4476,220.8900000000,26084.3410967879,17389.3551567851,931.2135751301,2525.6535849705,5238.1187799022
4477,76.6100000000,11088.0388073275,7392.4268840492,1089.3723944003,876.0917661785,1730.1477626995
4478,0.7600000000,111.1386532098,73.6673736757,1097.9977895315,8.6929970137,-1069.2195070112
4479,30.7800000000,2674.5490724968,1782.8735876793,754.7330514445,351.9770055012,-215.0345721282
4480,141.7200000000,16829.5410635806,11220.0083032474,934.9012987172,1620.7029235281,3053.9285380879
4481,27.7000000000,3309.8586084759,2206.2392761872,938.9903837852,316.8395630722,-152.2106145688
4482,114.3000000000,16630.1936802387,11086.3591289102,1093.7544670621,1307.2408976154,3142.8391866510
4483,134.1200000000,11675.9792577948,7783.7791344193,755.6102914559,1533.8630617068,1602.7267702128
4484,180.5200000000,26099.7249616063,17400.2802774619,1088.4939688877,2064.3371090178,5546.6136062389
4485,25.4900000000,3729.7980568918,2486.8101439402,1098.5078760990,291.5623924494,-147.0823555968
4486,205.9900000000,17883.1967804749,11922.0399157959,754.3228133681,2355.4285001198,2851.4055511910
4487,64.4100000000,9408.6630622684,6272.1728662873,1097.0767788299,736.7138999296,1302.6995172217
4488,43.6500000000,5214.8657949720,3476.4934286972,938.8824522502,499.2769457652,300.2129682595
4489,47.1100000000,5594.4092542004,3729.3322890965,934.9012987172,538.7476342606,391.4280321262
4490,215.2600000000,31212.8764038272,20808.6924140874,1090.9087661794,2461.7452043997,6851.5300191608
4491,306.8100000000,26554.4425400180,17703.0843171454,752.8992265782,3507.6660317607,4590.7929645338
4492,60.9900000000,7283.5097655001,4855.5499324364,938.6129255746,697.6055867519,791.7413207372
4493,25.0700000000,3662.0894732351,2441.1088302309,1097.0767788299,286.7476707225,-162.8438065482
4494,40.6800000000,4852.8261993570,3235.3164878390,937.8995482845,465.2823750964,214.3277881371
4495,72.9200000000,8688.2866134218,5792.1949631177,937.0984891794,833.9980252163,1124.9951359084
4496,15.5400000000,2273.3819722641,1515.8457000423,1098.3260134850,177.7504263589,-518.5401676221
4497,35.5200000000,4243.9331634808,2829.1646140333,938.9383947274,406.2856214543,69.5445332659
4498,474.6600000000,67876.6406902967,45250.8627412367,1079.4039103234,5426.8673287777,16119.5067099590
4499,138.9500000000,16525.6531797963,11017.4797137305,935.9015508839,1589.1013452443,2983.1705699377
4500,33.6000000000,3999.3904825149,2666.1317685150,936.4401288793,384.2763385927,12.5422465279
4501,63.8500000000,7625.9182416646,5083.9600351169,938.6878670654,730.3211416034,872.9491978788
4502,114.1700000000,13572.2256190726,9048.5063828501,935.5962830805,1305.6857750843,2282.4371780576
4503,74.7200000000,10917.0809517964,7278.0130625068,1097.2602780930,854.6425006079,1687.1651105887
4504,9.9700000000,1188.8382276483,792.3422385697,937.6160751321,114.0314534030,-655.1515394565
4505,16.1300000000,1927.5058836150,1284.9929709893,939.0386843848,184.4994434452,-481.0252152043
4506,9.1900000000,1096.7029696065,731.2867498651,938.1427889439,105.1130125457,-677.8395817482
4507,87.2400000000,7604.5642558508,5069.8779164342,756.2106627622,997.7959118371,780.6797648172
4508,46.1900000000,4029.9282788877,2686.7923215839,756.6307199789,528.3205443688,58.1846929561
4509,123.5300000000,14660.6329901625,9773.6353415025,934.5057179604,1412.6565184183,2539.8354122813
4510,67.7200000000,8086.2302739873,5391.1117991773,938.5322790142,774.5803694448,982.0058263511
4511,44.9700000000,3917.4257187505,2611.4411338752,755.9089524359,514.3186628676,35.7569695719
4512,46.7700000000,6824.6446066021,4549.6237650678,1096.1853728800,534.9374799227,643.8979887315
4513,26.7400000000,3897.7978863561,2598.9912554254,1095.3085042616,305.8351981032,-102.3370714341
4514,259.7700000000,37414.2635185074,24943.1352943596,1085.3172731391,2970.3852685865,8415.4256824222
4515,27.4700000000,3282.3760279723,2188.6245913474,938.9903837852,314.2087652561,-159.4477124164
4516,10.8400000000,945.9857685082,630.9006284252,756.7447129152,123.9895889856,-565.6491618177
4517,15.6100000000,2283.8789411236,1522.5080137540,1098.4202960231,178.5515382628,-515.6009069164
4518,271.8500000000,23545.9222517019,15697.5560643028,753.2396180813,3108.1066096326,3987.0199596852
4519,42.3900000000,3688.3795805102,2458.7334111660,755.3660261078,484.7783109472,-10.4981677109
4520,9.1900000000,802.1697286246,534.7296519796,756.8474066171,105.1180222287,-594.5253522008
4521,11.1600000000,972.9273979413,648.8835762372,756.2725330342,127.6420280820,-559.8707394122
4522,209.3400000000,24589.0154816386,16392.7719185330,927.7291392802,2393.2130985636,4875.3013252617
4523,3.8700000000,562.7489119155,375.2850824358,1093.2784533794,44.2603997129,-950.0750236126
4524,45.7900000000,5422.6580583476,3614.9276768933,933.0839460749,523.6074860632,351.0389493162
4525,219.5100000000,25995.3629698163,17330.3885686355,933.0839460749,2510.0912702717,5221.7991848342
4526,186.5000000000,16198.6161663251,10799.3190350753,754.5370947577,2132.6227593534,2512.1372771387
4527,32.3600000000,2818.3901958947,1878.9945127023,755.8173576902,370.0947118113,-186.5163863090
4528,216.4600000000,31259.7294314449,20840.1895401422,1087.5315179624,2475.2742888497,6856.7340844906
4529,53.4600000000,6378.6039892459,4252.7225976365,938.0257820855,611.4590345263,576.3965749977
4530,99.4100000000,8644.3565353088,5762.6935432513,755.0768121019,1136.8265562694,989.7596236861
4531,15.2200000000,1326.0846309379,884.1461738812,755.9935047728,174.0719135364,-488.1269612525
4532,129.2900000000,18526.7054827253,12350.7102965716,1081.1023166841,1478.2496603165,3616.6432091531
4533,8.6100000000,1259.8494025044,840.1385621419,1098.5078760990,98.4838053742,-777.2808411107
4534,59.3400000000,7088.7058143789,4725.8266603840,938.8222665727,678.7400563104,745.3168311118
4535,290.1600000000,34332.4256020107,22888.4804312188,932.5173167244,3317.8850118684,7193.5428421991
4536,60.8100000000,8801.2483993419,5867.4157436335,1089.3723944003,695.4071309400,1149.0531303682
4537,244.2700000000,28902.6109794705,19268.4805231782,932.5173167244,2793.1478213713,5908.4653181966
4538,26.4200000000,3865.0419374013,2576.3385415738,1098.3260134850,302.1986013129,-111.8212189703
4539,6.4700000000,772.4608327139,515.3376193687,938.4454697809,74.0034392256,-755.3256956612
4540,46.1100000000,4021.2397332634,2680.8845523945,756.4322921394,527.3919955482,56.5308931813
4541,58.6700000000,5118.7679610812,3412.3699271453,756.6307199789,671.0666018211,278.7007121359
4542,96.9700000000,14034.8142950861,9356.8480140763,1089.3723944003,1108.9233594351,2479.6705271744
4543,58.4400000000,8521.8115360257,5681.2086623986,1095.6242774865,668.4050287737,1076.5735673669
4544,115.3600000000,13736.1823719138,9157.3970585736,936.6776962357,1319.3640415478,2322.7435755567
4545,337.0900000000,39655.3002734169,26437.1484894281,928.7304688664,3853.8481230931,8435.5731920293
4546,32.1000000000,2797.2695903709,1865.0253924676,756.0716187804,367.1329759935,-190.9603968706
4547,183.1300000000,21734.0056624987,14488.9857255607,934.5057179604,2094.2264083052,4216.2878106723
4548,60.7000000000,8879.9411657934,5919.5871606393,1098.3260134850,694.3018584290,1167.7261332401
4549,39.7500000000,4743.6281873621,3162.1380758054,938.1427889439,454.6509519794,188.6963706333
4550,171.2100000000,20319.3311280315,13545.9156487491,934.5057179604,1957.9124303278,3880.9973309941
4551,84.4700000000,7359.6825739374,4906.3886268899,755.9935047728,966.0876830762,731.2127591984
4552,61.4000000000,7332.4725299509,4888.2839769247,938.6129255746,702.2951799733,803.2804474783
4553,3.3300000000,290.6173623623,193.6599572763,756.7683859227,38.0891690584,-697.9001498951
4554,35.3700000000,5151.3699406964,3433.9139848764,1094.5951237908,404.5325034545,218.3283285747
4555,32.4300000000,3870.7194451044,2580.2903900579,938.2513041608,370.9285829751,-18.7508320895
4556,358.5000000000,31003.1520241500,20668.5007026332,752.5246171233,4098.4374502487,5483.6892541448
4557,160.6400000000,23372.4786771088,15581.6937829127,1093.7544670621,1837.2281521692,4859.8022749649
4558,113.2400000000,13496.1474643494,8997.2025470656,937.2848285391,1295.1564080392,2266.5036807055
4559,36.9900000000,3226.7692700677,2151.2339832527,756.5599770292,423.0872094146,-104.1118996287
4560,115.5000000000,16747.5946513149,11165.0941017523,1090.9087661794,1320.8750864451,3170.7166969382
4561,101.0900000000,12041.0109434094,8027.6076250486,936.8966040123,1156.1714677658,1920.3352465828
4562,29.4400000000,2567.1828380081,1711.3560119408,756.3829978112,336.7235280933,-237.2796998372
4563,24.3300000000,2904.3767234527,1935.8743266047,938.3519954833,278.2836389580,-248.1332375934
4564,1.8200000000,216.4569182240,144.4484825400,935.9015508839,20.8144256808,-884.7075408806
4565,72.0300000000,8594.2919069470,5729.4609954802,938.0257820855,823.8569819852,1102.9481473961
4566,61.9300000000,9057.6065278703,6038.2321989692,1098.1153248667,708.3670389745,1212.8919650599
4567,93.8600000000,13695.9833819899,9131.1374163395,1096.1853728800,1073.5349981943,2395.1255945761
4568,7.6500000000,667.6344811025,444.8127143690,756.7683859227,87.5021451341,-621.4487643234
4569,81.6700000000,7111.5241572191,4740.9424227863,755.7180513530,934.0314166548,680.8322664251
4570,21.9000000000,2616.1553308880,1744.1710767190,938.8222665727,250.4955718436,-317.3335842472
4571,37.5600000000,5490.8696297482,3660.5240381612,1097.7350963539,429.6141280912,302.9963671419
4572,92.8000000000,11020.1905920144,7346.6245523403,934.9012987172,1061.2562186241,1677.4085223328
4573,74.4100000000,6486.1947074491,4324.3076346056,756.2106627622,851.0544910569,554.6219190244
4574,11.5300000000,1377.0843747281,918.1558370954,938.6878670654,131.8810142942,-611.6403437269
4575,19.5400000000,1705.2178889899,1136.8704393404,756.7447129152,223.5015284851,-411.8987917507
4576,64.2500000000,7673.6922008919,5115.4396638173,938.6878670654,734.8963719345,884.6682980747
4577,82.6800000000,9856.5182625241,6570.8351085058,937.4569555241,945.6415175458,1402.5846809484
4578,136.6200000000,19840.6083236953,13227.0954556101,1092.1959456200,1562.4543057738,3958.8626166913
4579,12.3400000000,1075.5030841046,717.1059758108,756.1438402539,141.1359067044,-538.8826386645
4580,41.1900000000,4915.4728311307,3277.2480271731,938.1427889439,471.1213260889,228.9606889248
4581,78.6400000000,6835.8544420982,4557.0217941523,754.9124345824,899.2880027319,624.6322106316
4582,35.9100000000,5218.5485301560,3479.2475607503,1092.7603591096,410.6901943440,235.8504159522
4583,127.4300000000,18567.4397364026,12378.7407330892,1094.9662915433,1457.4512634796,3636.2814482906
4584,2.9300000000,428.4041540160,285.7455358339,1097.8712831691,33.5136808579,-988.7263458448
4585,57.0700000000,4979.5108203553,3319.7435933544,756.6624014288,652.7685003432,250.3363252289
4586,14.2900000000,1707.2263965670,1138.4457506695,938.8824522502,163.4517194727,-533.5535258253
4587,149.5300000000,17746.3324780944,11831.2427818188,934.5057179604,1709.9856650132,3270.5983133019
4588,51.5200000000,7503.4939028747,5002.4919779681,1094.5951237908,589.2427078873,817.1640932284
4589,130.4100000000,15430.4232932114,10287.2149285458,932.5173167244,1491.1958381505,2719.4952097907
4590,39.3400000000,3432.2879084529,2288.0838353595,756.6307199789,449.9703445652,-62.3969914507
4591,79.8300000000,11663.6853905501,7775.3715861405,1097.2602780930,913.0903482807,1877.9631780360
4592,9.8800000000,862.1614400811,574.5767463794,756.7192474217,113.0085893774,-582.1431430974
4593,98.6900000000,8575.4141638958,5716.6978908170,754.7330514445,1128.5448561701,975.4383654643
4594,27.2800000000,3259.9107566657,2172.9615356597,939.0386843848,312.0362564900,-164.1257198688
4595,386.9200000000,55443.9855006271,36962.6329890149,1081.1023166841,4423.8870645036,12976.3631304244
4596,106.8700000000,12589.6867098504,8393.1634559557,929.6388554362,1221.8626204577,2045.0217780007
4597,91.7800000000,10946.4260983221,7297.5390272719,937.7632772109,1049.7375836810,1661.3862101583
4598,84.9700000000,10117.5746891602,6745.2579048850,936.6776962357,971.7957923918,1463.8432956477
4599,47.7100000000,6981.1167239822,4654.3676342664,1098.5078760990,545.7215278055,682.5196858114
4600,165.2800000000,19638.1394851618,13091.9425624822,935.2637903541,1890.1665306289,3720.7666016966
4601,116.6900000000,16871.1328704290,11247.5411713514,1088.4939688877,1334.4089145318,3200.6888156581
4602,12.1800000000,1745.3420433103,1163.4727090973,1081.1023166841,139.2612024337,-638.4941849048
4603,6.3600000000,757.9962722824,505.4608172509,937.2848285391,72.7410345737,-757.4904080813
4604,326.5100000000,28259.4799183250,18839.6261829904,752.8992265782,3732.8901796883,4934.0643290681
4605,52.4400000000,7625.4658761888,5083.4070257210,1093.2784533794,599.7455713035,849.0348257848
4606,41.3600000000,4916.7666778037,3277.6323430138,935.5962830805,473.0066011867,230.5314505226
4607,166.0300000000,19727.2525334065,13151.7914427678,935.2637903541,1898.7436415799,3741.4536587047
4608,4.7000000000,406.4569442497,271.1306853019,752.5246171233,53.7312580646,-670.9296162402
4609,4.4200000000,527.7781720470,352.2117297671,938.5322790142,50.5558953477,-813.5217320820
4610,15.0500000000,1793.1803830499,1195.3690947374,937.0984891794,172.1293236356,-511.4165245024
4611,15.9800000000,1394.4675923579,929.6522638049,756.7192474217,182.7810990133,-474.6850178820
4612,34.1700000000,2979.3021005663,1986.1016366704,756.3298557505,390.8208022922,-153.9501941467
4613,53.5100000000,4658.3779457546,3105.6887601653,755.6102914559,611.9669880102,185.1119061231
4614,47.1200000000,6889.5575894998,4592.8367832812,1097.8712831691,538.9640416462,659.8854814034
4615,14.7800000000,1765.4335399435,1177.2117947479,938.7575205857,169.0553594128,-519.5911348029
4616,11.0800000000,1616.2655127269,1077.1494671362,1095.9158827522,126.7279628153,-683.5277999768
4617,107.0600000000,12688.5057298882,8458.9091397447,933.6011095794,1224.2579015257,2071.7375790384
4618,134.6100000000,19574.0648663954,13049.6858210623,1093.2784533794,1539.5070814868,3891.5935104669
4619,31.4600000000,3749.4595481140,2499.7334962225,937.2848285391,359.8165012090,-47.3752778566
4620,71.0700000000,8481.2491893289,5653.9299642346,938.1427889439,812.8815888598,1076.2948472906
4621,48.3700000000,5777.0660195664,3851.0079110173,938.6878670654,553.2597277895,434.1105136942
4622,97.8200000000,8472.5477824590,5648.2693216617,753.2396180813,1118.3924537585,952.6463889575
4623,93.6100000000,8151.2155792491,5434.0195421361,755.7180513530,1070.5850485252,890.8929372349
4624,8.3900000000,1227.0841073604,818.4156769147,1098.1153248667,95.9664049249,-785.4132993458
4625,36.3200000000,4328.6831146695,2885.7217566687,937.2848285391,415.4016314022,90.2748980595
4626,7.1400000000,618.8341602237,412.6154176920,753.5492527343,81.6358772887,-628.9663874913
4627,149.4100000000,17742.7443572508,11828.2255864477,934.9012987172,1708.6453838860,3270.9720881998
4628,6.9300000000,1008.2873333688,671.9005532673,1093.7544670621,79.2579126901,-836.6255996506
4629,51.2500000000,7478.3629696035,4985.4522098524,1096.1853728800,586.1780168065,810.5473700646
4630,76.4900000000,11164.6862698713,7442.8797313806,1096.4346045105,874.8690899909,1750.5028439893
4631,152.0900000000,21748.9535300788,14499.7388138586,1079.4039103234,1738.8704589260,4430.9403469709
4632,31.9300000000,2785.7893471505,1857.0476340359,756.6307199789,365.2148729529,-193.1038798172
4633,75.0100000000,10954.4668233568,7302.8726979569,1096.8788562489,857.9510641062,1696.7642050447
4634,6.7600000000,589.9619728435,393.3717882175,756.7683859227,77.3221570074,-637.5003583041
4635,63.7500000000,9284.6998507038,6189.5239727401,1094.5951237908,729.1192280244,1271.4615261484
4636,19.8300000000,2900.2476578018,1933.2653785387,1098.1153248667,226.8192860143,-357.9523316178
4637,99.8400000000,14509.0472083203,9672.6725380021,1092.7603591096,1141.8353941326,2601.7789170759
4638,52.9400000000,7745.5830328688,5163.7914382837,1098.4202960231,605.5425006812,877.8287978808
4639,43.2900000000,6331.4029806476,4220.9627431429,1098.1153248667,495.1591977589,517.1657148792
4640,51.9100000000,7584.3906880052,5056.4783236095,1097.2602780930,593.7432040492,836.9088822535
4641,148.5600000000,12913.7148514511,8608.9020215000,754.9124345824,1698.8584141130,1851.0419812556
4642,170.8200000000,24565.1255714658,16376.3313681869,1084.0440787886,1953.2149961292,5151.5351283612
4643,56.4000000000,6731.6859914859,4488.0238864666,938.2513041608,645.0931877828,660.3176130756
4644,25.4600000000,3041.7063720501,2027.5624732997,938.8824522502,291.2162895574,-215.9548430572
4645,16.6500000000,2433.6261198354,1621.9995796641,1097.5884505866,190.4432369146,-476.4051473299
4646,5.9500000000,711.0142596100,473.8678398000,939.0386843848,68.0577612213,-769.9500257961
4647,20.4900000000,2448.6838275629,1632.7441980754,939.0835389281,234.3708678418,-357.5147772824
4648,5.2800000000,460.1116335563,306.9029126845,756.0716187804,60.3882278270,-663.2511257356
4649,113.0800000000,16422.0171954579,10947.9052224638,1092.1959456200,1293.2391516389,3088.6768757353
4650,24.1700000000,2108.0652042970,1405.4820810357,756.4780410728,276.4506543231,-330.3455721346
4651,47.0200000000,6880.1531830150,4587.1565492950,1098.5078760990,537.8290974096,656.6596602114
4652,80.6300000000,11768.9718125209,7846.2878469025,1096.4346045105,922.2211364357,1904.0282246721
4653,191.5400000000,27722.2680218706,18481.0672101231,1089.3723944003,2190.4009514922,5961.4274658550
4654,40.8300000000,4879.1112974583,3253.0386840328,939.0386843848,467.0249396073,220.0089894333
4655,47.1400000000,5626.4481850824,3750.7980607358,938.2513041608,539.1789516327,398.2198685530
4656,19.2800000000,1680.8279778054,1120.3380495971,756.2725330342,220.5141847152,-416.2967895411
4657,58.1300000000,8494.8975498382,5663.4005283596,1097.4304909789,664.8900897198,1069.1764407799
4658,46.8700000000,5591.2478850507,3727.3231426717,937.8995482845,536.0812419068,389.9439521878
4659,143.2700000000,20820.4246147440,13880.5583313703,1092.7603591096,1638.5292159193,4208.5767083449
4660,408.3500000000,58114.6776716272,38742.7549325598,1075.4639149027,4668.3317512108,13628.1270729540
4661,41.5200000000,3619.7083837386,2413.0357991322,756.2725330342,474.8832442622,-24.4831926900
4662,290.4500000000,25138.4825649367,16759.1766658503,752.8992265782,3320.6270946999,4305.7795778082
4663,78.4000000000,6836.5195142608,4557.4656059231,756.3829978112,896.7093954660,625.9615150605
4664,30.0700000000,3586.3917277898,2390.7082742405,937.7632772109,343.9268810339,-86.0067046955
4665,34.3900000000,5030.3831371463,3353.1203463161,1098.2245360874,393.3604313573,185.6778233856
4666,31.6100000000,3728.4743469440,2485.6675128089,930.4637478382,361.4159777446,-49.0728914477
4667,41.3800000000,5889.0299058453,3926.2404402594,1075.4639149027,473.0637146201,414.2618360632
4668,117.7400000000,14014.5308158127,9343.0530670571,936.4401288793,1346.5683364851,2388.4692833912
4669,18.9600000000,2255.9167678755,1504.1232511269,936.1820858981,216.8389330204,-401.2275021700
4670,16.6600000000,2435.9089439955,1623.8709719340,1097.8712831691,190.5590181202,-476.3923292278
4671,32.2100000000,2810.9042069788,1873.9622626490,756.7447129152,368.4229392275,-188.2257078128
4672,282.9800000000,40272.5394576150,26848.5559517739,1075.4639149027,3235.0790227933,9113.4405681451
4673,51.0800000000,6090.8582415522,4060.7539726699,937.6160751321,584.2253400027,508.2628537475
4674,7.4600000000,650.5157599029,433.6050272842,756.3829978112,85.3246440073,-624.7969091999
4675,149.7700000000,21601.3096923379,14401.1085120841,1086.4759890134,1712.6161429939,4401.1090482466
4676,2.2200000000,193.4859681290,128.8549800285,756.1438402539,25.3907384833,-716.9035906367
4677,177.7100000000,21103.4274796000,14069.0261035014,934.9012987172,2032.2827867639,4067.2172906175
4678,100.4400000000,8736.7492107077,5824.2969270397,755.2275891446,1148.6268814505,1008.5978130729
4679,26.8500000000,3922.1022080719,2614.8532309591,1097.0767788299,307.1070984802,-96.9349001973
4680,55.2000000000,8066.7184715477,5378.2502919667,1097.4304909789,631.3767925775,959.6608960246
4681,60.1500000000,8764.2745047840,5843.2980449744,1094.9662915433,687.9517656619,1138.0584026044
4682,10.5300000000,1254.9843942035,836.3078976333,937.2848285391,120.4344487518,-639.0427807207
4683,148.0300000000,12837.7659248863,8558.4409483666,753.8312137160,1692.5732273221,1832.9205354816
4684,19.8200000000,1729.2309696374,1153.0218385407,756.6307199789,226.7008700885,-407.1224589707
4685,184.5700000000,26713.4750380947,17809.0284024823,1089.3723944003,2110.6938687320,5704.3803724802
4686,18.4000000000,1605.3405570802,1070.4065666203,756.6307199789,210.4589308592,-432.1556603782
4687,12.9100000000,1886.9737661907,1258.1865898329,1097.5884505866,147.6649963103,-616.4662705392
4688,8.7100000000,1271.3350426275,847.1570425962,1096.4346045105,99.6223006121,-771.8789050913
4689,79.3300000000,9425.7841563280,6284.1324299914,935.2637903541,907.2296156510,1299.1583203315
4690,40.8500000000,3540.5287738291,2360.1601891981,753.5492527343,467.0624071771,-40.2430752805
4691,77.4700000000,11296.7956826816,7531.4561599647,1095.6242774865,886.0598490605,1783.6553961698
4692,140.3800000000,20371.6207257158,13581.4564681785,1091.5804976578,1605.4319795598,4093.1517803197
4693,280.5800000000,33198.8970754486,22132.4045010584,932.5173167244,3208.3408348154,6925.6344228504
4694,94.0800000000,13728.0856230302,9152.3973404753,1096.1853728800,1076.0512745592,2403.4516351157
4695,23.9100000000,3486.5933235177,2324.6699328395,1095.6242774865,273.4696139284,-207.1705007368
4696,39.2800000000,5734.9928389985,3823.2674346563,1096.6652581846,449.2752048743,365.7849412834
4697,47.4400000000,5648.7906702808,3765.5565973872,936.6776962357,542.5678756157,403.9885010422
4698,18.7100000000,1631.3357419256,1087.2819178852,756.3298557505,213.9964065229,-426.2724382331
4699,96.4700000000,11497.4686143217,7664.6240288588,937.2848285391,1103.3533970641,1792.2063598597
4700,37.8700000000,4523.9179169283,3015.7594873997,938.8222665727,433.1628906720,136.1732722840
4701,36.7200000000,3203.9186494384,2135.8517175179,756.6624014288,420.0045441143,-108.6000136227
4702,194.0800000000,22918.4160444773,15279.1261899863,931.2135751301,2219.1083696459,4488.9679097151
4703,102.2800000000,14863.6353011518,9909.4799636029,1092.7603591096,1169.7408264412,2691.6541519981
4704,70.6900000000,8434.4092031387,5622.9654379434,938.0257820855,808.5304741987,1064.8875089111
4705,7.3400000000,640.6642018062,427.0753500986,756.8298005211,83.9569693049,-627.1979181184
4706,45.5100000000,3966.4623466449,2644.3282858024,756.1438402539,520.5101389073,45.4800816813
4707,171.6500000000,24909.4507591474,16606.5120563288,1091.5804976578,1963.0460129038,5248.3121922570
4708,44.0800000000,6446.9448691833,4298.2933582844,1098.1153248667,504.1953669949,546.3408190373
4709,41.5100000000,3623.0097044049,2415.0960841460,756.8108245191,474.8018145534,-23.6990188136
4710,325.0900000000,46584.0102512117,31055.7715428286,1081.1023166841,3716.9478078142,10730.1885838849
4711,34.7600000000,5066.8457191375,3377.4330807219,1095.3085042616,397.5628827998,196.5412513542
4712,47.3500000000,5641.6671852101,3761.0393468566,937.0984891794,541.5497325013,401.9796166728
4713,361.2300000000,51859.5033985576,34573.1456133557,1082.6437912211,4130.2994454203,12073.4145485604
4714,295.5500000000,25559.2233772316,17039.5207608994,752.5246171233,3378.7815576597,4388.3964415491
4715,43.7600000000,6398.2818360890,4265.2748275692,1097.8712831691,500.5319707648,534.6037545859
4716,41.3500000000,3608.7170972010,2405.6197817918,756.7683859227,472.9691112804,-26.6401817939
4717,17.6600000000,1537.4127176607,1024.7990619185,755.6102914559,201.9685480893,-444.9651838031
4718,56.6800000000,8281.3189018712,5520.6796123343,1097.2602780930,648.3021538337,1015.0768576102
4719,2.7800000000,242.6585250899,162.0392884787,756.8474066171,31.7984876818,-708.0266576877
4720,122.4400000000,10661.6262741509,7107.7270537573,755.7180513530,1400.3037425641,1397.8774264765
4721,180.5300000000,15646.7970511471,10430.9177592532,753.5492527343,2064.1071326239,2398.2229065357
4722,43.6500000000,3805.8687939631,2536.9911417322,756.3298557505,499.2486982750,13.2990982055
4723,53.9300000000,7888.5886183862,5259.4313580180,1098.2245360874,616.8632760425,914.0694482384
4724,143.2800000000,12444.7062965740,8296.7371125636,754.5370947577,1638.4031579633,1755.0289312894
4725,41.3400000000,6025.9897016440,4017.7642595948,1095.3085042616,472.8207587729,440.0961790147
4726,17.9800000000,1565.9658752221,1043.8858403902,755.8173576902,205.6335883302,-439.3709111885
4727,35.2700000000,3067.9524558110,2045.1010245431,755.2275891446,403.3459787809,-135.7221366576
4728,175.0600000000,15190.3172888579,10126.7340399121,754.0882497416,2001.6966234772,2307.7983757270
4729,38.7300000000,3379.7077504393,2253.1155560271,756.7192474217,442.9982456060,-73.1252986155
4730,120.5300000000,10473.1448898000,6981.9630175572,754.7330514445,1378.2907236213,1358.1580971771
4731,215.1900000000,25437.6977204743,16958.7593895776,931.8958594654,2460.5569313724,5086.4855400589
4732,17.3600000000,1515.3064732234,1010.0448981838,756.8474066171,198.5689734375,-450.1548050149
4733,45.2100000000,6613.0741968708,4408.7323071933,1098.2245360874,517.1219860909,588.9953674992
4734,43.8900000000,6276.2941050375,4184.4883825230,1079.4039103234,501.8017255721,510.6000866191
4735,108.5400000000,15674.6328766933,10450.1238616275,1087.5315179624,1241.1820720306,2895.7954250727
4736,18.1700000000,2170.5727106044,1446.9799156021,938.8222665727,207.8312575524,-423.0607291228
4737,597.0000000000,84962.5629238680,56641.7922337424,1075.4639149027,6825.0129924644,20420.2937827585
4738,2.5500000000,304.3082233402,203.1352082959,938.1427889439,29.1662874855,-866.1360613850
4739,84.9900000000,12372.1819059337,8248.5224387374,1094.1922130533,972.0349495045,2057.4323046385
4740,68.6900000000,8181.7889178237,5454.6564631740,936.8966040123,785.6110210786,1004.6248295588
4741,29.4300000000,4305.3816887858,2869.9213056136,1098.3260134850,336.6277379500,0.5066317372
4742,222.9200000000,26324.0586594955,17549.6257112255,931.2135751301,2548.8645803867,5294.3547927531
4743,40.4700000000,5884.8704044501,3923.4349527377,1093.2784533794,462.8471256799,405.3098726530
4744,69.8100000000,8332.2517564828,5555.0612658139,938.2513041608,798.4743872185,1040.4647992897
4745,51.3500000000,4474.0108934732,2982.4367414724,755.9935047728,587.2925597959,148.2880874320
4746,24.4900000000,2926.5107929158,1950.9693944921,939.0386843848,280.1234575308,-243.6207434919
4747,74.1300000000,6453.4770532384,4302.5914813373,755.6102914559,847.7875690749,547.4877113702
4748,4.6300000000,677.1632201524,451.0952549924,1098.1153248667,52.9588146367,-925.0061743433
4749,119.0500000000,17338.7218388437,11559.4306157567,1094.5951237908,1361.5944171970,3323.1016820993
4750,181.0900000000,15735.3506022890,10490.1981417004,754.7330514445,2070.8094842825,2419.6099248616
4751,59.3500000000,5170.0959841638,3446.8391792206,755.9089524359,678.7816909315,288.5661615757
4752,41.5300000000,4959.5697747372,3306.1384933219,938.6129255746,475.0214792230,239.7968766178
4753,25.2000000000,2198.6185890446,1465.5230845003,756.6307199789,288.2372313941,-311.7724468287
4754,87.3100000000,10379.1803345996,6919.4460574736,935.5962830805,998.5059562286,1525.6320378168
4755,1.6200000000,141.0310647005,93.8747232292,755.6102914559,18.5271261554,-726.9810761400
4756,109.4800000000,15874.6897179736,10583.3457116810,1090.9087661794,1252.0294758788,2948.4057642344
4757,89.1500000000,12840.1339364628,8559.9507901881,1085.3172731391,1019.4011883377,2175.4646847979
4758,67.3900000000,9614.8721588508,6409.5894723715,1077.5309870471,770.4495090784,1357.3021903538
4759,299.6000000000,43150.9156182192,28767.0477375174,1085.3172731391,3425.8283345594,9872.7222730033
4760,4.3400000000,375.3240719242,250.2744787403,752.5246171233,49.6156723405,-677.0906962799
4761,13.0500000000,1138.9058795278,759.5101449431,756.7683859227,149.2683652288,-526.6410165668
4762,69.7200000000,8325.0439264973,5550.1751610077,938.5322790142,797.4563401903,1038.8801462851
4763,189.6400000000,22520.1394813535,15013.3634642597,934.9012987172,2168.7136778003,4403.1610405763
4764,72.0200000000,6252.4774607010,4168.0827674536,754.3228133681,823.5252224799,506.5466573994
4765,42.9400000000,5130.0420901741,3420.0415732921,938.8824522502,491.1558316416,279.9622329902
4766,33.4600000000,3991.5330538468,2661.3087238676,937.8995482845,382.7027598507,9.6220218440
4767,48.4300000000,7070.9191240504,4714.4049570197,1096.6652581846,553.9307070280,705.9182018180
4768,18.0300000000,1573.1659381638,1048.8866619253,756.6624014288,206.2277214156,-438.6108466060
4769,20.4900000000,2995.4184961007,1997.3097430443,1097.7350963539,234.3661737111,-333.9925170087
4770,33.7900000000,4032.3823006532,2688.1559231151,938.1427889439,386.4819035820,19.6016850122
4771,62.4600000000,5436.1661529542,3624.0238950505,755.4932545847,714.3131603028,342.3358430162
4772,76.4600000000,11175.6788662231,7450.5868542516,1097.5884505866,874.5519456149,1752.9516157699
4773,2.6000000000,226.9290588160,151.1217148285,756.8108245191,29.7394535736,-710.7429341052
4774,79.2200000000,6850.9615156295,4567.5092370098,752.5246171233,905.6575029531,625.2701585433
4775,50.5500000000,6021.1010306593,4013.8038125243,936.8966040123,578.1429191370,492.2576949857
4776,17.8600000000,2613.3461473553,1741.8872855076,1098.5078760990,204.2881258983,-431.3371401495
4777,136.4600000000,11840.9156702705,7893.7322923472,754.0882497416,1560.3308650731,1632.7642631085
4778,362.2400000000,52092.6770109342,34728.4614165263,1084.0440787886,4141.9775213548,12138.1939942645
4779,43.9800000000,6377.1360412539,4251.2382351361,1090.9087661794,502.9617861632,532.0272537752
4780,235.8800000000,34172.6805183698,22781.8948611399,1090.1749041379,2697.5120350113,7603.0987180807
4781,85.6100000000,12462.4366745145,8308.6209628812,1094.1922130533,979.1259210152,2080.4975775648
4782,130.0700000000,15487.7361400384,10325.2653366039,936.6776962357,1487.6012559303,2738.1918512685
4783,20.7000000000,1804.8449950753,1203.2586557930,756.3298557505,236.7571146459,-391.5006311140
4784,10.5500000000,1259.8955242831,840.1738085339,938.6129255746,120.6712402071,-639.5624500326
4785,22.4800000000,3221.2881062082,2147.9496167951,1081.1023166841,257.0272439007,-264.7910711716
4786,90.3700000000,13197.6425386849,8798.0925761903,1096.8788562489,1033.6360173748,2269.0350888709
4787,22.8500000000,1992.5315165926,1328.4919984877,756.3829978112,261.3496133469,-353.6930930533
4788,70.6600000000,6120.1208986767,4080.2955036610,753.2396180813,807.8676219851,478.7181549494
4789,6.5700000000,783.2284105562,522.1855715369,937.4569555241,75.1435023014,-751.5576188062
4790,166.1800000000,19679.7841479845,13120.0610390774,933.0839460749,1900.2640758678,3726.3750869643
4791,59.9200000000,7141.3736847741,4760.5218788356,937.2848285391,685.3211936569,758.2457837425
4792,44.8900000000,5363.0086033515,3575.2841756562,938.8824522502,513.4603000091,335.3816754361
4793,63.6100000000,5529.3578466667,3686.4586683826,754.9124345824,727.4123836950,360.5743600066
4794,40.9900000000,5977.2254425341,3985.1484562963,1095.6242774865,468.8213916741,427.6313170772
4795,107.3900000000,9338.2702779077,6225.3181557985,755.0768121019,1228.0837328013,1129.7915772060
4796,261.9800000000,22691.0454717707,15127.3837668480,753.2396180813,2995.2612455087,3815.1608413327
4797,183.9800000000,21848.0028568837,14565.2033608490,934.9012987172,2103.9861972248,4243.9120000927
4798,3.3200000000,396.7340070429,264.6829375460,939.0386843848,37.9750869335,-844.9627018215
4799,6.6900000000,975.8859458613,650.7778030614,1095.9158827522,76.5171544435,-847.3248943959
4800,87.7400000000,10450.8685347190,6967.5517463563,936.8966040123,1003.4868392697,1542.9333450808
4801,3.5200000000,305.9792425761,204.2061653040,754.9124345824,40.2529726553,-693.3923299657
4802,95.9400000000,8342.6171008704,5561.5524073612,755.0768121019,1097.1445509354,928.8433304718
4803,5.8900000000,513.9183236708,342.7055430053,756.6624014288,67.3700099355,-652.8196306989
4804,19.7400000000,2884.1431743638,1923.1196247171,1097.2602780930,225.7848362152,-362.0215646615
4805,87.1100000000,12706.9394236136,8471.3317467480,1095.9158827522,996.3242636136,2143.3675304999
4806,15.2800000000,1822.4165480754,1214.9501065812,937.7632772109,174.7656382507,-505.0624739674
4807,97.8600000000,8491.5140516831,5660.7305447823,754.0882497416,1118.9651066690,957.7301504901
4808,23.1400000000,2004.2399886128,1336.3413221597,753.2396180813,264.5634980574,-349.9044496856
4809,160.9700000000,23420.4923596502,15613.6890473540,1093.7544670621,1841.0023384878,4872.0465067464
4810,82.6800000000,7199.4712540574,4799.9277095395,755.7180513530,945.5824357661,698.2430573990
4811,14.4500000000,1260.3037733592,839.9127150934,756.4780410728,165.2756290843,-501.3626118914
4812,104.7400000000,9088.5058427681,6058.9728946665,754.0882497416,1197.6334076488,1077.8112907111
4813,257.9500000000,37152.1317881163,24767.7264666918,1085.3172731391,2949.5741618812,8349.5138864042
4814,134.7100000000,19533.0603937544,13022.2139623644,1090.9087661794,1540.5634882685,3879.3741769421
4815,141.3900000000,12254.4764585481,8169.7852703012,753.5492527343,1616.5961750495,1714.5457604631
4816,42.8600000000,3739.3965367639,2492.8260309882,756.6307199789,490.2320530774,-0.2922672806
4817,128.5800000000,15269.1390767372,10179.6366346153,934.9012987172,1470.4345322272,2684.1666111774
4818,35.0100000000,3055.0882608541,2036.8422863225,756.7192474217,400.4484528445,-138.9217257345
4819,20.1300000000,1745.7557796930,1163.5805224971,753.8312137160,230.1661762210,-401.8221327410
4820,10.7200000000,1275.4972442840,850.6926584243,936.1820858981,122.6009157162,-633.9784157546
4821,166.4900000000,14460.6305926620,9640.4879970649,754.5370947577,1903.8089179879,2161.7965828514
4822,9.3200000000,812.9480683790,542.1107185884,756.5205193927,106.6005054989,-592.2836751010
4823,39.4200000000,5735.4526235784,3823.4341007353,1093.7544670621,450.8437111461,367.4203446349
4824,40.9200000000,3571.5142641351,2380.8798468264,756.8108245191,468.0532462424,-34.2296534528
4825,50.6700000000,4400.9859578965,2934.0615643241,754.5370947577,579.4101620184,132.9771367962
4826,40.4200000000,5913.1338043059,3942.3971171059,1098.3260134850,462.3341205552,410.0765531598
4827,55.1000000000,4808.2080312215,3205.3635345773,756.7192474217,630.2402099895,215.8850392331
4828,207.1200000000,24528.0833597939,16352.2316678291,933.0839460749,2368.4119352133,4874.3558106766
4829,8.9600000000,782.0642027498,521.3647131074,756.8298005211,102.4869816038,-598.6172924824
4830,45.3400000000,3943.8889806202,2629.4156029839,755.2275891446,518.5060016424,40.7397868492
4831,7.2900000000,868.0371835233,578.4768106131,936.6776962357,83.3752068558,-730.4925301812
4832,216.8500000000,18816.5217873234,12544.6340213518,754.0882497416,2479.5379458530,3038.2615703770
4833,138.8700000000,20215.6124400167,13477.0940392485,1094.1922130533,1588.2632478844,4056.0629398305
4834,15.2700000000,2234.3670587971,1489.8457168650,1098.5078760990,174.6629161515,-528.6494503185
4835,116.3800000000,10136.1016995744,6757.4210067923,755.8173576902,1331.0142942087,1291.8490408832
4836,64.4200000000,7667.8790143932,5112.0178691962,936.4401288793,736.7583848851,882.6626314326
4837,1.2300000000,179.9394997352,119.8296996081,1098.3260134850,14.0690491906,-1052.2852625484
4838,23.6200000000,2061.2715730779,1374.2389926093,756.7447129152,270.1691966642,-339.8813291107
4839,194.2700000000,23040.9785173599,15360.3105372150,934.0736028865,2221.5752834527,4525.0190938056
4840,299.9500000000,35420.3364207593,23613.1950208879,931.2135751301,3429.6246675354,7446.3031572059
4841,1.7900000000,213.7101840120,142.1621018948,938.4454697809,20.4739035879,-887.3712912516
4842,64.2700000000,5596.3959542607,3730.8193871382,755.7180513530,735.0336616677,374.8248541018
4843,13.2200000000,1933.4984385346,1288.8435856925,1098.1153248667,151.2128573429,-604.6733293674
4844,12.4900000000,1492.5324542066,994.6955556163,939.0386843848,142.8641071686,-584.0658929632
4845,180.4900000000,25995.6901199345,17330.3921735776,1085.3172731391,2063.8443127658,5516.1363604521
4846,184.7700000000,21841.7371058694,14560.8007003808,931.8958594654,2112.7241238426,4236.3164221807
4847,16.8000000000,2007.7056272843,1338.5187207572,939.0835389281,192.1635226814,-462.0601550824
4848,28.6500000000,2499.6199434971,1666.6733117846,756.6307199789,327.6982809302,-251.3823691966
4849,36.1000000000,4314.1769729145,2875.9504402647,939.0835389281,412.9228076667,86.2201860551
4850,122.5200000000,17480.5481065796,11653.7990406755,1077.5309870471,1400.7341423399,3348.4839365171
4851,25.7700000000,2248.0087615476,1498.8742193782,756.5599770292,294.7541872564,-302.1796221162
4852,15.1500000000,1807.9488563154,1205.2689025554,938.1427889439,173.2820609431,-508.7448961270
4853,23.5700000000,3445.0791378090,2296.5694983095,1097.5884505866,269.5944200647,-218.6732311518
4854,120.5700000000,14289.6799537887,9526.1546854135,933.6011095794,1378.7481336349,2451.1760251609
4855,194.5000000000,23068.2571762315,15378.7061186967,934.0736028865,2224.2054492796,4531.2720053687
4856,75.2400000000,10958.1304590895,7305.8993011567,1094.5951237908,860.5322465342,1697.1037876077
4857,90.5700000000,13121.1619236423,8747.4786175685,1090.1749041379,1035.7540487153,2247.7543532206
4858,101.8100000000,14840.4937475659,9893.7444892521,1095.3085042616,1164.4383514917,2687.0024025604
4859,118.1400000000,10265.4719761136,6843.9340946401,754.7330514445,1350.9604753059,1315.8443547233
4860,32.3500000000,3861.1709543363,2573.8234968497,938.2513041608,370.0135571769,-20.9174038511
4861,57.7500000000,5038.1333667713,3358.9579055084,756.5966414806,660.5407442466,262.0380755356
4862,279.3300000000,39753.0866022178,26502.1229717510,1075.4639149027,3193.3515564239,8982.1481591402
4863,276.5000000000,23964.6562047425,15976.4689730334,753.5492527343,3161.3893655930,4073.2486133818
4864,65.8700000000,9456.5387394817,6304.7571857490,1082.6437912211,753.1567822989,1315.9809802127
4865,24.3600000000,2112.5986484512,1408.5448430228,753.8312137160,278.5319449947,-328.3093532823
4866,65.1200000000,5631.5906828805,3754.1171811039,752.5246171233,744.4637287593,380.4851558940
4867,2.8800000000,251.3872490140,167.4405980946,756.8474066171,32.9423181740,-705.8430738717
4868,7.4500000000,1089.7456926938,726.5094083685,1098.2245360874,85.2147488692,-820.2030006312
4869,56.8200000000,8299.9570749588,5533.7591631926,1097.0767788299,649.9003849402,1019.2207479961
4870,2.4900000000,296.2675502115,197.2620657216,936.1820858981,28.4772649378,-865.6538663460
4871,42.1200000000,4983.7392002919,3322.1518143411,932.5173167244,481.6284694648,247.4415997616
4872,18.7700000000,2734.9199078104,1823.5349251970,1094.9662915433,214.6775501492,-398.2588590791
4873,72.8800000000,10654.2752560183,7103.1597407175,1097.7350963539,833.6069663282,1619.7734526187
4874,6.4800000000,565.2734487710,376.6601017608,756.5599770292,74.1174673427,-642.0640973617
4875,260.6800000000,30815.0891852468,20543.3368115729,931.8958594654,2980.7053342170,6359.1511799915
4876,150.1400000000,17864.1003970898,11909.6972179396,936.1820858981,1717.0990191814,3301.1220740706
4877,202.0600000000,29143.0903147079,19428.5225196810,1086.4759890134,2310.5509638335,6317.5408421800
4878,261.1900000000,37265.2983999146,24843.7806821673,1077.5309870471,2986.1063551891,8357.8803755110
4879,136.9300000000,19870.9647098751,13247.6572308653,1091.5804976578,1565.9766416948,3965.7503396571
4880,190.7300000000,27605.0338300688,18403.5242707799,1089.3723944003,2181.1380050022,5930.9991598864
4881,74.6100000000,8906.5165366545,5937.5059218545,938.3519954833,853.3802837098,1177.2783356068
4882,38.9500000000,3390.8394877058,2260.8162511027,755.6102914559,445.4515825640,-71.0386374167
4883,48.4000000000,5763.1000936254,3841.9591950154,936.6776962357,553.5473267243,430.9158756501
4884,73.5500000000,8775.6513918638,5850.1559606886,938.0257820855,841.2422743997,1146.2273746900
4885,33.4300000000,4874.8145046088,3249.7936816226,1095.6242774865,382.3542113604,147.0423341393
4886,169.9800000000,24717.3281776235,16478.4268014983,1093.2784533794,1944.0265486303,5201.5963741154
4887,32.9400000000,3930.9462262065,2620.4441870165,938.1427889439,376.7598077535,-4.4005575074
4888,8.7700000000,765.5090881434,510.4237587078,756.8474066171,100.3139341617,-602.0760113432
4889,64.4500000000,7692.5028750225,5128.2463140750,938.2513041608,737.1676587341,888.8375980525
4890,57.4300000000,5010.2164372931,3340.2970282556,756.5966414806,656.8806050577,256.4421624991
4891,24.5900000000,3596.4241001184,2397.2490693880,1098.1153248667,281.2650652088,-180.2053593451
4892,135.2100000000,19635.8413954534,13090.7336467894,1092.1959456200,1546.3288441200,3906.5829589239
4893,12.0200000000,1436.4655738070,957.2688064858,939.0835389281,137.4884251566,-597.3751967635
4894,124.7100000000,14832.0561932522,9888.1552138725,935.9015508839,1426.2456190386,2581.7538094572
4895,337.9600000000,48675.8459356921,32450.6331185410,1085.3172731391,3864.4624297320,11275.4331142801
4896,41.5400000000,4962.3329883603,3308.0786622688,938.8222665727,475.1409157252,240.2911437936
4897,38.3300000000,3345.1542040076,2230.1154455101,756.7683859227,438.4257807830,-80.1554082083
4898,52.8400000000,4608.6125525467,3072.6455104925,756.4780410728,604.3712277382,175.1177732432
4899,344.3900000000,29782.9163893919,19855.1086467274,752.5246171233,3937.1293542292,5238.1537713121
4900,191.5800000000,27333.6876122962,18222.3039545108,1077.5309870471,2190.2762568518,5843.5764138865
4901,28.5600000000,4170.9048456882,2780.7442857389,1096.8788562489,326.6642099837,-33.3825062833
4902,42.5500000000,3712.6018119173,2475.0955883717,756.6624014288,486.6882721150,-5.8444499982
4903,70.9900000000,6191.0173208494,4127.1512188178,756.4322921394,811.9617819121,495.4720279801
4904,28.0300000000,4098.3510024126,2732.0060987045,1097.8712831691,320.6104008349,-52.1367802959
4905,23.0100000000,2749.2371084373,1833.0439541084,938.9383947274,263.1934726820,-285.9387130803
4906,38.8100000000,3381.9947913487,2254.5560124133,756.0716187804,443.8763488569,-72.5091887019
4907,1.5300000000,182.5849340041,121.8811249775,938.1427889439,17.4997724913,-894.9387524086
4908,61.7700000000,9016.1154515616,6010.7809212775,1096.4346045105,706.5062581872,1202.3936675864
4909,40.9800000000,5995.0574789821,3996.3204819296,1098.3260134850,468.7395413249,431.6714422427
4910,3.5600000000,310.2267832312,206.5692681531,756.0716187804,40.7163051258,-693.1304088281
4911,102.1200000000,14633.3603828286,9755.2711762776,1081.1023166841,1167.5988499615,2629.3880399054
4912,20.3400000000,1775.2834831991,1183.3115406383,756.8108245191,232.6540329563,-397.4929149146
4913,33.7500000000,4934.6894873858,3289.5583637462,1097.8712831691,386.0364262640,161.2234142066
4914,107.3400000000,9339.7184282134,6226.4328110104,755.3660261078,1227.5561192988,1130.3634717963
4915,26.7900000000,3198.4892903255,2132.4315284222,938.4454697809,306.4222777206,-178.8099855982
4916,97.2000000000,11592.8591932546,7728.6503554136,937.7632772109,1111.7290600762,1814.7165005539
4917,28.8100000000,2514.5485324959,1676.5956286634,756.8108245191,329.5360220979,-248.3939427845
4918,48.0800000000,4196.2584547967,2797.4857952097,756.7903865069,549.9496812928,92.0325917872
4919,40.0800000000,4766.8094958347,3177.8666158794,935.9015508839,458.3748248823,194.6665041892
4920,83.1000000000,7241.5296872218,4827.8188956914,756.0716187804,950.4283584130,707.2108143370
4921,70.3900000000,6136.5913567283,4091.0081720582,756.2725330342,805.0826484493,484.2280031866
4922,173.5000000000,25229.1824851022,16819.5950582581,1093.2784533794,1984.2840698162,5332.0249036485
4923,16.8700000000,2014.8667304132,1343.1308245510,938.6878670654,192.9603392146,-459.9123004178
4924,56.1400000000,4896.8781715445,3264.8011186632,756.5205193927,642.1193539385,233.4371795502
4925,42.1300000000,3677.2728640459,2451.5234382283,756.8298005211,481.8947025632,-12.9750772668
4926,21.7900000000,3184.3078894026,2122.7850931474,1097.4304909789,249.2337012729,-285.1413959966
4927,139.5100000000,20062.5258662639,13374.6372194937,1084.0440787886,1595.2056205947,4008.6389473869
4928,110.4300000000,9576.9404248139,6384.3826037010,753.8312137160,1262.6552826669,1176.0713247299
4929,52.1800000000,4552.5364276328,3035.2132509871,756.6307199789,596.8340767517,163.8583799150
4930,116.8600000000,10173.3890252453,6782.4487533081,755.6102914559,1336.4691126682,1298.8608678131
4931,78.8300000000,6849.7304543511,4566.4568665077,754.7330514445,901.4407843945,627.0997520044
4932,30.8000000000,3676.1689457051,2450.9525258946,938.2513041608,352.2849323353,-65.3198166857
4933,50.3000000000,7337.3786362962,4892.0538299101,1095.9158827522,575.3083510477,774.1005725863
4934,277.2900000000,40044.3979213035,26695.8623936404,1087.5315179624,3170.8805671031,9090.1234425976
4935,36.9800000000,3226.8077981490,2151.3190295373,756.6918581469,422.9800441111,-104.1831336464
4936,42.4000000000,3696.8805696228,2464.5056805399,756.3298557505,484.9517710621,-8.9067377296
4937,76.6400000000,6677.4721494798,4451.8627769369,755.9935047728,876.5355751268,593.0802926433
4938,58.5300000000,5101.2314029692,3400.6509946654,756.1438402539,669.4233889309,275.0131791190
4939,29.2900000000,4281.8842240502,2854.3371964233,1097.7350963539,335.0212409955,-5.2093097226
4940,14.9800000000,2190.6013487930,1459.9534055730,1097.9977895315,171.3435464026,-538.6933927141
4941,7.8100000000,680.9584256782,454.2422234721,756.3298557505,89.3272012263,-618.9408547706
4942,28.5300000000,3405.2305201612,2269.8795160660,938.2513041608,326.3210753093,-129.2213753749
4943,9.0800000000,1084.0717714130,722.6573512986,938.4454697809,103.8564494850,-680.8874991515
4944,19.6400000000,2343.3554498464,1561.9348438732,938.0257820855,224.6362783033,-381.2414544156
4945,102.2600000000,12171.9544863683,8114.3140780893,936.4401288793,1169.5267376335,1951.6735417663
4946,20.0100000000,1737.9855736631,1158.8310380104,754.5370947577,228.8138413655,-404.1964004705
4947,89.9500000000,13094.2200545798,8729.3106318878,1094.1922130533,1028.7627215900,2241.9544880487
4948,11.7900000000,1407.9780314026,938.3759419989,938.6129255746,134.8544001936,-603.8652363645
4949,6.1300000000,732.1359251590,487.9342448564,938.6878670654,70.1154048243,-764.6015915871
4950,133.9000000000,19501.5107452429,13000.8266094085,1094.5951237908,1531.4363079603,3874.6527040833
4951,1.5200000000,132.5717464018,88.6340051104,756.4780410728,17.3853948933,-729.9256946747
4952,46.6700000000,6820.1766497669,4546.5621024873,1097.4304909789,533.8107773477,642.3732789530
4953,34.1600000000,2979.6465682216,1986.3907673651,756.5205193927,390.7160158628,-153.9807343990
4954,171.8600000000,20396.4736152298,13597.3558347570,934.5057179604,1965.3456589927,3899.2664035196
4955,29.0200000000,3439.3838621461,2292.6015425476,933.6011095794,331.8509649008,-118.6697548818
4956,35.3800000000,3087.5439566256,2058.2352184762,756.7447129152,404.6818872980,-132.1178620637
4957,107.5000000000,9304.1379780709,6202.8217085101,752.8992265782,1229.0150204174,1119.4020225651
4958,124.8300000000,18188.6016031950,12125.8417288648,1094.9662915433,1427.7143625532,3540.0792202337
4959,35.7900000000,3121.5413182371,2080.7887866385,756.4780410728,409.3574231785,-125.0829326527
4960,30.7400000000,2681.7700380008,1787.7120408206,756.5966414806,351.6021208336,-214.1407651340
4961,57.7500000000,6880.8084465868,4587.1074204556,937.0984891794,660.4962418574,696.1062950944
4962,2.2800000000,198.3252509002,131.9420015834,755.2275891446,26.0739674403,-714.9183072682
4963,103.7600000000,14944.3892007558,9963.2214115304,1085.3172731391,1186.4617756805,2709.3887404057
4964,264.0200000000,22896.8922481152,15264.3392227575,753.8312137160,3018.8014826561,3859.9203289855
4965,22.8100000000,3326.1896156185,2217.9248849030,1095.6242774865,260.8884104437,-248.2479572147
4966,580.5700000000,82624.3134953266,55082.8438236394,1075.4639149027,6637.1822328895,19828.8235238950
4967,4.2000000000,501.3720607686,333.9847081043,938.3519954833,48.0390992036,-819.0037420226
4968,49.7100000000,4325.2972150781,2883.2629210077,755.3660261078,568.4909138284,118.1773541342
4969,36.0000000000,5266.5219434689,3511.0101985168,1098.3260134850,411.7770494801,245.4086819869
4970,34.4800000000,3009.6640090290,2006.5865223276,756.8474066171,394.3927536938,-148.1626736095
4971,47.1600000000,6883.6005293127,4588.7673140625,1096.4346045105,539.4015725450,658.9970381946
4972,4.5500000000,539.9974103881,360.0813020554,934.5057179604,52.0326006541,-806.6222102818
4973,154.1800000000,18344.7915227341,12230.2480747372,936.1820858981,1763.3030956267,3415.0582664722
4974,20.6300000000,2985.8535516925,1990.2687764748,1089.3723944003,235.9192420867,-329.7068612692
4975,190.1500000000,22518.4195194322,15012.5819993333,933.0839460749,2174.3604165740,4398.3931574500
4976,76.8600000000,6675.7406892426,4450.4043055504,754.5370947577,878.8921462944,591.9071426400
4977,10.6900000000,1274.6921417814,850.1171934654,937.6160751321,122.2664229567,-635.3075497729
4978,49.1000000000,4269.5695189987,2846.1470728449,755.0768121019,561.4946576082,106.8509764437
4979,37.2300000000,4448.2441350336,2965.6194989545,938.9383947274,425.8449799196,117.8412614322
4980,27.0300000000,3952.1379805641,2634.4344523222,1097.8712831691,309.1722845012,-89.3400394283
4981,124.8200000000,14793.3802092719,9862.1393942351,933.6011095794,1427.3479475849,2570.2917578725
4982,206.7500000000,17907.3732776876,11937.9824779601,753.2396180813,2363.8073994539,2852.3437821923
4983,99.6800000000,14535.4923667187,9690.0782404586,1095.6242774865,1140.0857848761,2609.7040638975
4984,21.3600000000,2550.1952684342,1700.0218018254,938.4454697809,244.3142908590,-332.5862940312
4985,131.0300000000,15602.0455633830,10401.6679342320,936.6776962357,1498.5807070389,2765.1192258765
4986,18.8900000000,2724.5025044285,1816.3560285511,1086.4759890134,216.0066698348,-394.3361829708
4987,88.1000000000,10511.6911981401,7007.4076859219,938.0257820855,1007.6606984991,1558.5970316335
4988,36.5500000000,5344.8918089708,3562.8220723157,1097.9977895315,418.0645274376,266.0074196860
4989,206.3600000000,24457.3140521178,16305.1402810500,933.6011095794,2359.7782604039,4858.7944010845
4990,20.2100000000,2414.6928275323,1610.1676420704,938.9383947274,231.1664529727,-365.5796622381
4991,161.2400000000,19060.2462031195,12706.7089303832,931.8958594654,1843.6739607532,3577.9674525176
4992,15.3400000000,2240.7839058407,1494.2018462624,1097.0767788299,175.4570909008,-525.9518101523
4993,115.9100000000,10075.5835247152,6717.3080692104,754.9124345824,1325.4892217275,1277.8737991949
4994,53.9100000000,6441.1722084249,4293.7803788543,938.9383947274,616.6345116160,591.8189232272
4995,163.3000000000,23745.9682986582,15830.2071136546,1093.2784533794,1867.6287527435,4954.8539788806
4996,29.5000000000,4308.1825261835,2871.9162295336,1096.8788562489,337.4157631134,1.9716772876
4997,323.3600000000,38184.7640774020,25456.3063969527,931.2135751301,3697.2943240349,8099.9497812844
4998,50.6000000000,4415.5231647878,2943.8988353821,756.7192474217,578.7686864876,136.1363954963
4999,24.1100000000,2101.3273385544,1400.5976090055,756.1438402539,275.7525697441,-331.1666804492
5000,163.4300000000,19319.1269968731,12879.7574955830,931.8958594654,1868.7151786523,3638.7584631724
5001,90.1500000000,7854.5682969155,5236.3868467188,755.9935047728,1031.0501317547,831.1378136692
5002,80.7800000000,11665.7162684658,7777.5347131078,1087.5315179624,923.7395225597,1876.9105148359
5003,80.6400000000,11759.0500045365,7839.8307428924,1095.6242774865,922.3165900121,1901.2783941454
5004,5.4100000000,469.4368589782,312.9047034804,754.0882497416,61.8598122530,-659.4159064969
5005,38.3300000000,3343.6622363259,2228.8958599044,756.5599770292,438.4139696367,-80.2075702444
5006,169.4500000000,24640.2592051906,16427.2515629843,1093.2784533794,1937.9650468609,5181.7641419660
5007,39.9100000000,3480.1721149764,2320.2481779143,756.3829978112,456.4754078195,-52.9344685686
5008,5.8500000000,854.8967945390,570.3004727859,1097.4304909789,66.9122144308,-879.7463836565
5009,156.3200000000,18415.0821229888,12276.5674430397,929.6388554362,1787.2327578362,3421.6430666767
5010,55.2000000000,8076.2407142871,5383.7735847576,1098.4202960231,631.3930116661,962.6538218403
5011,129.2700000000,18818.1192490888,12545.5669150195,1094.1922130533,1478.4675599771,3699.8925610389
5012,42.7300000000,3729.3286974514,2486.3278788485,756.7903865069,488.7551972056,-2.5447651096
5013,292.0900000000,42004.6102808188,28003.1466783150,1084.0440787886,3339.8581443588,9577.5613793564
5014,53.7300000000,6414.8872552888,4276.7098986689,938.4454697809,614.5602456861,585.1716411530
5015,73.0900000000,6338.6631861781,4225.6345290683,753.8312137160,835.7101748630,523.4872685307
5016,32.0500000000,2795.8354989368,1863.8850396413,756.5599770292,366.5840784466,-191.1935961803
5017,81.2800000000,9699.6754482714,6466.4707974180,938.1427889439,929.6611163997,1365.4007455099
5018,45.9300000000,5482.8616074057,3655.2770831417,938.3519954833,525.3418634337,363.8906653469
5019,87.4700000000,12733.2009802568,8488.9165353126,1094.1922130533,1000.3988355473,2149.6933963436
5020,114.3600000000,16471.0904876487,10980.5926120036,1085.3172731391,1307.6693202277,3097.5112822783
5021,10.4400000000,1527.2913636060,1018.5524466687,1098.3260134850,119.4153443492,-709.0024408969
5022,116.0500000000,13781.1758427077,9187.2821199201,934.9012987172,1327.1420708117,2331.8503532586
5023,92.8000000000,11070.3606514339,7380.0998224899,937.8995482845,1061.4111211638,1690.9501594957
5024,4.4200000000,385.0349494525,256.5395572321,755.9089524359,50.5512228124,-677.9647830279
5025,21.5000000000,1867.4007912922,1245.1269663728,754.5370947577,245.8519534911,-378.1152233296
5026,69.3000000000,10105.4335976485,6736.7985808818,1095.6242774865,792.6158195417,1480.3949197385
5027,26.3100000000,2296.0226540085,1530.4025144967,756.7447129152,300.9378308312,-292.0624042346
5028,6.5000000000,949.8853272656,633.6671919843,1097.4304909789,74.3469049231,-855.5592606207
5029,71.6400000000,10410.9389223163,6940.2791656851,1092.7603591096,819.3217912226,1558.5776062990
5030,3.7200000000,323.9929397011,215.7364070140,755.8173576902,42.5448803442,-690.1057053472
5031,116.1800000000,10111.6519956808,6741.0169240504,755.4932545847,1328.6727980144,1286.4690190313
5032,35.2000000000,4202.5689816893,2801.7780915102,938.4454697809,402.6153107789,59.7301096193
5033,64.6900000000,9456.9849933017,6304.2358434998,1097.7350963539,739.9291252988,1315.0849281492
5034,209.8200000000,24847.8295217842,16564.8744723522,933.0839460749,2399.2863665819,4950.5847367752
5035,56.3700000000,4914.9329648500,3276.3428458942,756.3298557505,644.7342295936,237.5260336117
5036,229.7300000000,27097.1974604066,18064.4441337855,930.4637478382,2626.6400685630,5475.6495102198
5037,127.9600000000,11114.0746629649,7409.1218494067,754.5370947577,1463.2193473826,1487.1963714179
5038,94.0100000000,8190.8814818972,5460.5365809422,755.9935047728,1075.1971479341,899.1542482480
5039,150.2000000000,13039.7405525867,8693.4297721176,754.3228133681,1717.4880368853,1874.4999302157
5040,45.9800000000,5494.5270011543,3662.8703292652,939.0386843848,525.9320774711,366.6859100331
5041,39.4500000000,3442.5373290687,2295.0790262683,756.7192474217,451.2336893663,-60.4946339876
5042,224.5200000000,32555.5839923223,21703.6899372739,1090.9087661794,2567.6439342740,7193.3413545950
5043,48.5900000000,7099.3169626310,4733.1952832476,1097.2602780930,555.7692599644,713.0921413260
5044,57.5400000000,6867.7519849308,4578.5603913809,938.2513041608,658.1323054082,692.8079839808
5045,33.3100000000,3978.7950754749,2652.5158465349,938.7575205857,381.0036550771,6.5180532771
5046,488.4400000000,69847.1882584766,46564.5974659823,1079.4039103234,5584.4163781826,16618.7705039883
5047,62.6000000000,5458.1302749620,3638.7701518559,756.3298557505,715.9901148228,347.0401525329
5048,37.7000000000,5514.5520287996,3676.0134167020,1098.2245360874,431.2209439422,309.0931320680
5049,9.9200000000,865.0289997636,576.6024298992,756.3829978112,113.4611888141,-581.4176167609
5050,146.8000000000,21267.3796002064,14178.6054515533,1090.1749041379,1678.7975527372,4319.8016917779
5051,120.2300000000,10432.6050933359,6955.0181819059,754.0882497416,1374.7514283141,1348.7472333743
5052,50.8400000000,7350.4875750502,4899.9189261333,1088.4939688877,581.3810027834,780.6936772458
5053,223.3700000000,26473.3002511221,17649.0791163366,933.6011095794,2554.2918687072,5336.3281564989
5054,14.8700000000,1297.9123543404,865.2435664335,756.8298005211,170.0872116571,-494.2482242714
5055,34.1300000000,4072.9567304319,2715.2406175546,938.1427889439,390.3707419134,29.2025820200
5056,49.9600000000,5911.3867627394,3940.7593935632,932.5173167244,571.2763137336,466.8337387182
5057,222.0100000000,26186.6051807986,17457.4788108903,930.4637478382,2538.3727054441,5260.2899166260
5058,19.2700000000,2816.0446548320,1877.2390562535,1097.4304909789,220.4099781335,-379.0348705339
5059,23.8300000000,2077.2210708038,1384.6305233959,756.2106627622,272.5524596410,-336.1725749953
5060,107.6200000000,9351.3635861634,6234.3063517562,754.7330514445,1230.6616417168,1131.6625412461
5061,0.8900000000,77.6643402502,51.6473479892,756.7192474217,10.1799235370,-740.8821786976
5062,270.0000000000,38887.6742887823,25925.4247292992,1085.3172731391,3087.3619837485,8789.5703025955
5063,101.7600000000,8862.7746085985,5908.3938566083,755.8173576902,1163.8083397378,1034.7550545622
5064,65.9700000000,9598.3716280433,6399.0528882598,1093.7544670621,754.4941558678,1351.0701168536
5065,167.9200000000,24012.6522241491,16008.1009052332,1079.4039103234,1919.8575018926,5005.2899066999
5066,48.1800000000,5732.5986221646,3821.9525233554,936.1820858981,551.0179215676,423.4460913434
5067,279.3500000000,32949.9939518765,21966.3640666832,930.4637478382,3193.9751149309,6859.1910224242
5068,95.4400000000,13647.9724170604,9098.8293899046,1079.4039103234,1091.1815148918,2378.5576019407
5069,79.0700000000,11525.7621119736,7683.9741464750,1095.3085042616,904.3526220651,1842.1268391719
5070,8.6900000000,1037.9984751089,692.1803256672,938.7575205857,99.3972309403,-692.3366020843
5071,33.2200000000,3961.2042048622,2641.1407952325,937.6160751321,379.9523452406,2.4949892571
5072,133.4600000000,19437.4281109793,12958.4326095952,1094.5951237908,1526.4039556414,3857.9964219519
5073,86.2500000000,10236.2146474664,6824.3980103825,934.5057179604,986.3322651467,1490.9786539767
5074,59.0900000000,7050.3499761418,4700.0039392911,938.0257820855,675.8532426142,736.4670121510
5075,92.6500000000,8073.7391759459,5382.6049301596,756.0716187804,1059.6532780621,875.4093489437
5076,49.0000000000,5855.8080795793,3903.6676004746,939.0835389281,560.4769411542,452.5799990224
5077,102.9200000000,8955.1315505098,5969.9462321478,755.3660261078,1177.0083454279,1052.8109468263
5078,22.0700000000,3227.8601012449,2152.3687881064,1098.1153248667,252.4408291647,-275.0648408928
5079,100.4500000000,8734.7914090309,5823.0358840183,755.0768121019,1148.7197221332,1007.9589907775
5080,1.0900000000,95.0678970908,63.3100036503,756.4780410728,12.4671581801,-737.1873058124
5081,49.5600000000,5858.5078257666,3905.9533287948,931.8958594654,566.6861913603,453.9724461461
5082,18.1900000000,2150.2473234603,1433.8309687981,931.8958594654,207.9907550614,-423.4702598646
5083,61.1400000000,5319.8284395469,3546.5902801352,755.3660261078,699.2060847208,318.6660485831
5084,53.0100000000,6266.3337337346,4177.8867883945,931.8958594654,606.1346853109,550.4164005638
5085,175.0500000000,25421.5963040760,16947.8248105756,1092.1959456200,2001.9589095719,5379.6166383085
5086,65.5500000000,9572.9276132654,6382.0360656303,1096.8788562489,749.7492634604,1344.2634279259
5087,25.4700000000,3719.6409810812,2479.8768712163,1096.8788562489,291.3213385253,-148.4360849094
5088,239.3600000000,34676.8391083474,23118.3363464310,1090.1749041379,2737.3091432097,7731.0187145688
5089,35.5600000000,5135.3413036227,3423.3164374297,1087.5315179624,406.6375021320,217.8558460986
5090,52.0000000000,6189.5328896064,4126.7083025711,936.4401288793,594.7133811553,531.6710770007
5091,85.3400000000,10053.3719829572,6702.0036551288,929.6388554362,975.7065222220,1446.0229501702
5092,238.5800000000,34362.3012289544,22908.3928934132,1085.3172731391,2728.0845262323,7640.5065361698
5093,40.8700000000,3559.5675928992,2373.1004771536,755.8173576902,467.4218439965,-36.7720859411
5094,17.3300000000,2505.5851627777,1670.4269066363,1088.4939688877,198.1772773060,-451.5129900523
5095,151.6200000000,17940.0412523327,11959.7465316278,932.5173167244,1733.7252739850,3314.0521299955
5096,5.5000000000,479.7440317687,319.6025878245,756.5205193927,62.9080236313,-659.2870990798
5097,58.3500000000,8516.9230467641,5677.9692259719,1096.4346045105,667.3893502545,1075.1298660272
5098,103.2100000000,12200.4962206894,8133.2825643893,931.8958594654,1180.1388581577,1955.1789386771
5099,59.6600000000,8716.7164023578,5810.8054177873,1097.2602780930,682.3872000304,1126.2635064471
5100,14.4800000000,1259.9135722054,840.2146548949,755.3660261078,165.5954220929,-501.2625308901
5101,83.4500000000,9802.0127158820,6534.9563729287,927.7291392802,954.0156352113,1385.3115684618
5102,6.2600000000,747.8822423030,498.6580560784,938.8824522502,71.6030625542,-761.2613285797
5103,318.2300000000,45834.1651441452,30556.2177797288,1085.3172731391,3638.8563114381,10553.7737798392
5104,9.3000000000,1360.3536834970,906.5843899299,1098.2245360874,106.3754583200,-750.8307008402
5105,79.2600000000,6900.0754247899,4599.8614382297,755.6102914559,906.4568019004,638.1468932039
5106,8.9000000000,1063.4563760085,708.9910648027,938.9903837852,101.8004372326,-686.3255098120
5107,88.5800000000,12792.1409638612,8528.2620020178,1087.5315179624,1012.9344752209,2163.4129686601
5108,162.2300000000,14096.5593252490,9397.4691686066,754.7330514445,1855.1406628481,2089.2164423499
5109,26.1800000000,3118.3466861060,2078.9445387946,936.8966040123,299.4219905639,-196.9164472648
5110,77.5000000000,9236.5897958944,6157.4317737834,937.2848285391,886.3883929975,1255.4848005743
5111,74.8500000000,10870.0741694378,7246.6561259013,1092.1959456200,856.0218473662,1675.2002505503
5112,12.5600000000,1096.1939723845,730.9275582447,756.7903865069,143.6640598386,-535.1880322057
5113,268.0900000000,23203.2218654980,15468.5274283653,752.8992265782,3064.9919704531,3916.8032401013
5114,90.1000000000,10715.8067758161,7143.6340456131,935.9015508839,1030.4284361749,1605.8427431442
5115,49.8500000000,4349.8206797654,2899.6039093764,756.6918581469,570.1880800146,123.3368322276
5116,129.3900000000,18776.7773593130,12517.4713992428,1091.5804976578,1479.7467148828,3687.9787475297
5117,43.5700000000,6365.8621128181,4244.1260683411,1097.2602780930,498.3508264385,526.1249399455
5118,191.0300000000,22558.2492630694,15038.7203583257,931.2135751301,2184.2347065821,4404.0806230315
5119,34.6300000000,5038.5267466900,3359.5027663364,1093.7544670621,396.0608248856,189.2086884059
5120,102.4700000000,14891.2466690362,9927.6959194184,1092.7603591096,1171.9137904324,2698.8766000759
5121,386.8700000000,55322.6224747294,36881.8859761908,1079.4039103234,4423.1495459576,12938.1830422577
5122,333.3400000000,39154.0193973889,26102.9048342406,927.7291392802,3810.8037368645,8312.5816870037
5123,109.1800000000,15885.2541208089,10590.4325300700,1093.7544670621,1248.6838250363,2952.3832986405
5124,30.5200000000,3634.0870838316,2423.0538104927,936.6776962357,349.0550498270,-74.6994727237
5125,317.7500000000,45617.3551612315,30411.1817194953,1082.6437912211,3633.1496519733,10490.3799985418
5126,85.7900000000,12505.3134132568,8336.8608386592,1095.3085042616,981.2117294418,2091.9323408942
5127,99.1100000000,8633.6682896457,5755.6951943092,755.9089524359,1133.5139576786,988.5501852220
5128,115.2800000000,13651.9768719440,9101.1120335902,933.0839460749,1318.2238696958,2299.5570225831
5129,29.0200000000,3467.5847226704,2311.9273852261,938.9903837852,331.9380548865,-115.2711012275
5130,14.5700000000,1271.0926953049,847.2038272782,756.5966414806,166.6507124446,-499.3584858985
5131,29.0600000000,4248.2606879788,2832.5483628628,1097.7350963539,332.3904835551,-14.4132547931
5132,53.4200000000,4660.7224216969,3107.0526178744,756.6307199789,611.0171786140,186.0219052296
5133,78.0600000000,6805.2609931270,4537.1156307213,756.2725330342,892.8079491115,619.0648802601
5134,103.5100000000,12292.0250881402,8194.9276052249,934.9012987172,1183.7352498899,1978.4609343082
5135,104.2800000000,15194.3232811117,10129.2706428826,1094.9662915433,1192.6784725391,2777.4078741467
5136,251.0000000000,36151.1342462384,24101.1729215542,1085.3172731391,2870.1031774847,8094.5408740604
5137,34.9100000000,3045.5625252638,2030.3034451073,756.5966414806,399.2983096390,-140.6358709631
5138,39.4800000000,4690.9108595970,3127.1039949243,935.2637903541,451.4991204576,177.0439538610
5139,5.1400000000,613.8953760714,409.2351731054,938.6878670654,58.7917097548,-792.8193738542
5140,62.1500000000,9084.0758767429,6055.9703932320,1097.5884505866,710.8737041586,1219.6433287657
5141,354.7000000000,41837.7048674802,27891.5017425649,930.4637478382,4055.4965930410,8960.2427840361
5142,22.0000000000,2619.5909516479,1746.3450886434,936.6776962357,251.6124212383,-315.0442544694
5143,33.0200000000,3939.7961789170,2626.8904192412,938.0257820855,377.6726023206,-2.7926247304
5144,41.3900000000,6054.3052645097,4036.1633798249,1098.2245360874,473.4279806304,446.4893679670
5145,75.1100000000,10966.2757672398,7311.1605329391,1096.6652581846,859.0901384447,1699.3598376714
5146,183.8200000000,21729.4372181681,14486.6370295809,931.8958594654,2101.8614950736,4209.0428340483
5147,4.5600000000,397.9986570004,265.1758392274,756.8108245191,52.1584262675,-676.1464330136
5148,44.0000000000,6277.7025521507,4184.7732918789,1077.5309870471,503.0387060313,512.3595671933
5149,119.3800000000,10324.0063839415,6882.5481653572,752.5246171233,1364.7739548415,1324.1596466195
5150,20.2900000000,2424.7825700952,1616.1681148462,939.0835389281,232.0832068575,-362.5522905366
5151,237.2600000000,20587.5395861672,13725.1381299371,754.0882497416,2712.9129491957,3395.4002572928
5152,36.3400000000,3168.8663156663,2112.6713031506,756.3829978112,415.6431049902,-115.8310902857
5153,108.1100000000,9415.8270728733,6277.2335202128,755.8173576902,1236.4319930135,1146.3442019568
5154,230.1300000000,19968.8547794178,13312.6728389856,754.0882497416,2631.3860616977,3270.7076289928
5155,8.7700000000,765.5090881434,510.4237587078,756.8474066171,100.3139341617,-602.0760113432
5156,211.4500000000,25019.2700356533,16679.4932471744,932.5173167244,2417.8618202356,4989.3976515188
5157,103.2400000000,14909.2417375144,9939.6293051687,1087.5315179624,1180.5752452224,2701.5056691609
5158,7.5800000000,661.0496026488,440.9349592754,756.4322921394,86.6977082250,-623.0153569910
5159,21.8200000000,1903.9736656466,1269.4118497270,756.6918581469,249.5788145620,-371.7088567894
5160,4.8800000000,425.7642347039,283.7654992047,756.6307199789,55.8173686192,-670.4493530989
5161,59.3500000000,8674.8174301640,5783.1106508586,1097.5884505866,678.8472138667,1115.2711148521
5162,25.7700000000,2244.4349613167,1496.2363712259,755.8173576902,294.7262275456,-302.3449951450
5163,14.1800000000,1237.3211081058,825.1177023225,756.6918581469,162.1919152378,-506.6803676015
5164,61.1800000000,5334.9268352357,3556.4837876181,756.3829978112,699.7535818190,322.3064679873
5165,39.8600000000,3478.8448836979,2319.0071125033,756.7903865069,455.9275020036,-52.8801173159
5166,20.6500000000,2467.8048335370,1645.1762604972,939.0835389281,236.2009966293,-352.6559625176
5167,19.6700000000,1706.8064724771,1137.8352853834,754.0882497416,224.9135872489,-410.0306498969
5168,43.8000000000,5218.6910815671,3479.2043570405,937.0984891794,500.9477990191,301.4404363281
5169,231.1300000000,27392.9976587807,18261.7571147760,933.6011095794,2643.0294113547,5554.6100230706
5170,26.8400000000,3917.6386388200,2612.0675480048,1096.4346045105,306.9876634247,-97.8511771200
5171,127.9200000000,15236.7802936090,10158.0111870807,936.8966040123,1463.0275413651,2678.8449611509
5172,67.9900000000,9924.0033924506,6615.8930945605,1096.4346045105,777.6487047782,1434.0269886015
5173,53.2600000000,4646.4239500301,3097.7056239689,756.5966414806,609.1844162524,182.9372683282
5174,11.7300000000,1715.0787462825,1142.9821433355,1097.8712831691,134.1691045949,-659.9437848169
5175,62.0700000000,7410.6095651550,4940.1330408447,938.4454697809,709.9526232968,822.0784312327
5176,98.3100000000,11701.7880457155,7801.3333922201,936.4401288793,1124.3513942573,1839.6631303589
5177,112.2200000000,13201.5716772460,8801.0558595911,928.7304688664,1282.9773543371,2188.8079944513
5178,61.0300000000,5324.2818939229,3549.2988534872,756.5966414806,698.0571709328,320.3292280223
5179,41.5800000000,3629.4034076400,2419.7867079482,756.8474066171,475.6047186366,-22.8354255619
5180,408.9500000000,58200.0671821035,38800.4937625636,1075.4639149027,4675.1910607509,13648.9184438863
5181,43.6700000000,6365.6257927139,4243.7634991970,1095.3085042616,499.4698242770,527.0839649783
5182,76.4600000000,11103.8860520403,7402.4981931250,1092.1959456200,874.4346085454,1734.7573047499
5183,70.9500000000,10296.0998040286,6863.7468172515,1091.5804976578,811.4076004400,1529.3648886793
5184,115.9600000000,10076.0464732532,6717.4075819660,754.7330514445,1326.0316295621,1277.8742102806
5185,63.9300000000,7587.2603178264,5058.2849574443,934.5057179604,731.0866285314,863.3830138903
5186,88.3800000000,12747.0371276546,8497.9514192929,1086.4759890134,1010.6230534673,2151.9866658810
5187,74.2700000000,6437.0886666410,4291.2003439966,753.5492527343,849.1731941504,543.1658757596
5188,7.1200000000,621.2782996977,414.2291299109,756.6918581469,81.4390998938,-631.0817882539
5189,89.0900000000,7764.7139191957,5176.6087628844,756.1438402539,1018.9463475116,813.0149685458
5190,9.4100000000,1112.3599402838,741.6367079990,931.8958594654,107.5971965436,-668.7698237242
5191,80.2400000000,9573.8717563991,6382.6337483726,938.0257820855,917.7604364083,1335.4517895326
5192,46.2000000000,4012.7403050092,2675.1737792367,754.5370947577,528.2958256414,54.7336053734
5193,193.3100000000,16764.6323781651,11176.4971239850,753.8312137160,2210.3041989707,2623.9998414934
5194,77.9500000000,11334.9554738543,7556.8768872295,1093.2784533794,891.4982319434,1793.3019013019
5195,59.5400000000,7108.5499195961,4738.7367298270,938.4454697809,681.0146478345,750.3530721536
5196,88.7600000000,7701.8882814979,5134.4817252925,754.0882497416,1014.9125574079,798.4057490558
5197,45.5600000000,5442.0265277285,3627.6311958325,938.7575205857,521.1205801655,354.5172311448
5198,114.2200000000,16661.5385256015,11108.1038798417,1095.9158827522,1306.3960210073,3151.1227420003
5199,104.5200000000,15235.5211324584,10157.4102687880,1095.3085042616,1195.4336165201,2787.3687428886
5200,7.0600000000,843.0121933602,562.4026007572,938.5322790142,80.7521767318,-738.6748631430
5201,47.8400000000,4172.5212814882,2781.4194937013,756.4780410728,547.1824287471,87.4413179670
5202,52.7300000000,4599.4368718479,3066.5666021644,756.5205193927,603.1163792871,173.2333710038
5203,89.0800000000,10622.0370430201,7081.5587572170,937.6160751321,1018.8487331136,1584.0134775574
5204,214.2800000000,30944.9081704241,20629.9858992474,1087.5315179624,2450.3454431060,6777.0453101084
5205,15.2700000000,1819.9061443007,1213.1059614021,937.2848285391,174.6471065945,-505.1317522349
5206,120.2800000000,10473.5413937836,6982.3833194069,755.7180513530,1375.6005729795,1359.8394500443
5207,1.3400000000,195.7399239783,130.3083005461,1097.0767788299,15.3267602221,-1046.9719156198
5208,54.2500000000,4727.4727500816,3151.6568341066,756.0716187804,620.4661665933,199.2781306013
5209,8.2100000000,716.4707711672,477.8603769755,756.7447129152,93.9072440564,-612.0415627799
5210,49.8400000000,4326.9019250394,2884.5779152536,754.3228133681,569.9041528519,118.0970435658
5211,64.4600000000,5621.5379138182,3747.9471538410,756.4322921394,737.2736506839,379.8848171539
5212,17.6500000000,2581.4105476653,1720.6061868995,1098.1153248667,201.8840341983,-439.1949982991
5213,27.8100000000,2426.9247437467,1617.8540867537,756.7447129152,318.0950617794,-265.7691177016
5214,17.5200000000,2093.6083745155,1395.9890415731,939.0386843848,200.3986515288,-441.8180029712
5215,109.5400000000,15589.2782959472,10392.9894006867,1075.4639149027,1252.2812783828,2868.5437019751
5216,164.7000000000,23949.5467164054,15966.6744163586,1093.2784533794,1883.6402668515,5005.9535798159
5217,6.2400000000,911.5053176301,608.1054025486,1097.0767788299,71.3723759596,-865.0492397080
5218,142.4100000000,12391.1803741556,8260.6367123348,755.3660261078,1628.6218273649,1746.5558083481
5219,5.2400000000,765.2500487187,510.5628852504,1096.8788562489,59.9341897869,-902.1258825675
5220,48.9400000000,5785.2173727404,3856.5108815949,931.8958594654,559.5968967952,437.2137348849
5221,161.8500000000,19112.4569084844,12741.5090780130,931.2135751301,1850.5909399587,3589.1433153826
5222,98.0100000000,11684.0512204885,7789.2681087585,937.4569555241,1120.9763562489,1836.3497999569
5223,40.1100000000,3500.6640312374,2333.6843727090,756.7903865069,458.7870573348,-48.5977853133
5224,19.9100000000,1732.8541163195,1155.3654160826,755.4932545847,227.6973266351,-405.7018809829
5225,79.7100000000,9475.7125698194,6317.1460970053,935.5962830805,911.5898496275,1311.3803401060
5226,16.9600000000,2023.5900422299,1348.9437287996,938.0257820855,193.9832627304,-457.3627313855
5227,60.1800000000,8800.4265133752,5866.6017581740,1097.9977895315,688.3481056414,1147.4788600283
5228,3.1600000000,462.1028212407,308.0635626438,1097.9977895315,36.1445665309,-980.1030974655
5229,34.8500000000,4123.5354019509,2749.3670187650,932.5173167244,398.4983893838,43.1526770776
5230,129.8300000000,15361.7963051732,10241.3921448997,932.5173167244,1484.5637272225,2703.3231163266
5231,44.2500000000,3862.1580202341,2574.7718583044,756.8108245191,506.1426233193,24.4327140911
5232,94.7300000000,8204.9115869182,5470.0904787071,753.2396180813,1083.0639659021,898.5175242277
5233,54.6400000000,4743.6180012872,3162.4500997505,754.3228133681,624.7905881186,202.0545000500
5234,34.0900000000,2974.9681594507,1983.2767279702,756.7447129152,389.9266686825,-154.9799501172
5235,122.5600000000,14588.2529028877,9725.5850164527,936.4401288793,1401.6936921999,2524.5340653559
5236,130.2500000000,15497.5294839546,10331.6006921671,936.1820858981,1489.6239992566,2740.1227066328
5237,67.4700000000,5872.2082987484,3914.9432444238,755.4932545847,771.6091726806,430.1626270592
5238,109.0500000000,9493.4800034486,6328.7209243670,755.6102914559,1247.1500662029,1161.9987214228
5239,63.7400000000,9262.8873102798,6175.2090214364,1092.7603591096,728.9722357974,1265.9456939364
5240,66.6800000000,7922.7440759353,5281.6636852071,935.2637903541,762.5623442784,943.2542560957
5241,9.0500000000,1078.2911937941,719.1651464274,937.0984891794,103.5063374686,-681.4787792812
5242,74.6500000000,8901.3815139363,5934.3132242879,937.6160751321,853.8062183086,1175.6459962077
5243,33.0200000000,2875.2605322808,1917.0218194781,755.7180513530,377.6382683720,-175.1176069223
5244,31.9400000000,2785.7510395220,1857.0934404076,756.4780410728,365.3220479553,-193.1424899137
5245,9.8800000000,861.8675422619,574.6978872227,756.5599770292,113.0062619361,-582.3965839261
5246,4.6000000000,401.1223184388,267.5435274732,756.3829978112,52.6130512646,-675.4172581103
5247,36.4400000000,3170.6664759092,2113.8031844197,755.3660261078,416.7332307364,-115.2359653548
5248,73.9900000000,8832.5044705410,5888.0267058391,938.3519954833,846.2887976369,1159.8369715817
5249,19.2900000000,1681.9062780194,1121.1084664417,756.3298557505,220.6301807497,-416.1622249224
5250,95.7200000000,13918.9472476887,9279.7765838665,1093.2784533794,1094.7300931574,2451.1621172853
5251,77.6200000000,9262.9036453596,6175.3103321939,938.1427889439,887.7989155382,1261.6516086836
5252,3.9800000000,475.4474071660,316.6791061082,938.8222665727,45.5238527825,-825.5778182975
5253,17.6600000000,2109.8403193403,1406.5920638437,938.8824522502,201.9984160873,-437.6326128408
5254,29.8900000000,2605.0881024218,1736.7410351668,756.1438402539,341.8599879574,-229.6567609563
5255,148.8200000000,12898.4453395652,8598.9053047008,753.5492527343,1701.5477952533,1844.4429868767
5256,97.4100000000,8485.5779244716,5657.0261338354,755.9089524359,1114.0711796738,958.5716585266
5257,0.8900000000,77.6548910131,51.9250822735,756.6624014288,10.1798486999,-741.1124413892
5258,245.7400000000,21311.5760209523,14207.9305904905,753.8312137160,2809.7881840312,3540.0260327146
5259,20.0000000000,1745.7447848196,1163.9822222385,756.8474066171,228.7660984303,-403.8509424663
5260,28.5100000000,3395.8771589337,2264.1970224496,936.8966040123,326.0703189831,-131.2867865113
5261,23.1900000000,2023.7463073530,1349.2528291073,756.7447129152,265.2507904590,-347.5020251285
5262,28.1700000000,3361.7108437230,2241.2584648642,938.1427889439,322.2016935160,-139.8921036011
5263,85.7800000000,12498.7442563652,8332.3566654987,1094.9662915433,981.0889851784,2090.3323141448
5264,122.5900000000,17815.1452050078,11876.8031916711,1092.7603591096,1402.0192404519,3443.5624137752
5265,268.9900000000,38281.5407050104,25520.5628616862,1075.4639149027,3075.1427886817,8610.3711397399
5266,11.6600000000,1017.6895483826,678.6220401733,756.8108245191,133.3700110261,-551.1133273359
5267,97.4500000000,11572.3876421531,7714.7560658563,934.9012987172,1114.4333890616,1808.2968885180
5268,48.1400000000,4199.0686707900,2799.5568452477,756.5205193927,550.6167741111,92.3745320385
5269,40.1700000000,4781.4141572209,3187.7662449636,936.4401288793,459.4160869425,197.7916964356
5270,75.0000000000,8936.1148656971,5957.4085778375,937.0984891794,857.7873270875,1183.8204715927
5271,83.1900000000,12027.6762660981,8018.0491518544,1088.4939688877,951.3195440904,1969.8136012656
5272,109.2400000000,15875.0833036549,10583.4703287744,1092.7603591096,1249.3399284360,2949.5126873349
5273,80.2300000000,11713.8104753781,7809.4309755510,1096.6652581846,917.6514686116,1890.0627730309
5274,41.0600000000,3582.5953089853,2388.5537845824,756.6624014288,469.6456040668,-32.2664810928
5275,43.8200000000,6236.2805817821,4157.1957602747,1075.4639149027,500.9582400834,502.6626665213
5276,137.2100000000,11922.5106639796,7948.1654779769,754.7330514445,1569.0306993120,1650.5814352462
5277,198.0000000000,17197.4584500395,11465.0304824430,754.5370947577,2264.1249670347,2713.7659058041
5278,48.8900000000,7141.5857338038,4760.5965799522,1097.0767788299,559.1979904915,724.7143845303
5279,22.4200000000,1956.0725700944,1303.8845090039,756.6307199789,256.4396320578,-360.8822909462
5280,586.0500000000,83404.2043576764,55602.4932936737,1075.4639149027,6699.8305933564,20026.4165557436
5281,27.5200000000,2397.3216762289,1598.4387796767,755.9089524359,314.7442651126,-271.7703209964
5282,246.1000000000,28951.2278539497,19301.1572519218,928.7304688664,2813.5869444161,5907.7531887454
5283,53.0500000000,7756.6008090612,5171.2972582620,1097.8712831691,606.7920715053,880.6401961249
5284,26.6400000000,3888.4461005278,2591.8971422287,1096.4346045105,304.7001249491,-104.5857711606
5285,43.9900000000,3831.3036068421,2554.0406894879,755.8173576902,503.1046468658,18.3409127981
5286,45.9800000000,5494.5270011543,3662.8703292652,939.0386843848,525.9320774711,366.6859100331
5287,179.9000000000,15631.9486076083,10421.1836802418,754.7330514445,2057.2015363765,2398.8303395454
5288,64.4900000000,9371.8795519288,6248.0728446982,1092.7603591096,737.5497252365,1293.4966228845
5289,35.7900000000,3111.0787192611,2074.3047317722,754.9124345824,409.2766736746,-127.4151207681
5290,270.2900000000,38869.6159156510,25913.3596127691,1084.0440787886,3090.5893999752,8781.6228241182
5291,12.3300000000,1462.3733212490,974.9658185298,934.0736028865,140.9997593297,-587.6658594970
5292,19.6100000000,1708.8615784166,1139.0819643868,756.0716187804,224.2827931225,-410.5747978732
5293,220.8400000000,26105.5865262770,17403.7414143770,931.8958594654,2525.1609866829,5244.7882657518
5294,35.4800000000,3076.9704452811,2051.5761844027,753.8312137160,405.6778903289,-134.1148431665
5295,91.9000000000,10899.6032621886,7266.2546852694,934.0736028865,1050.9227804051,1648.3521936275
5296,81.4000000000,9706.2619589339,6470.7949483195,937.6160751321,931.0090578744,1366.8418776080
5297,12.5000000000,1090.6585816443,726.9511518294,756.6624014288,142.9754030890,-535.9303747030
5298,40.9500000000,3567.8821049217,2378.4777353705,755.9935047728,468.3472312297,-34.9363664513
5299,44.5500000000,6510.3678968741,4340.6202650924,1097.4304909789,509.5622483574,562.7548924454
5300,8.3800000000,999.4666670728,666.2629616736,937.7632772109,95.8466000354,-700.4061718471
5301,3.5600000000,425.1401010851,283.6950522322,938.6129255746,40.7193947998,-837.8872715215
5302,35.1100000000,3064.2810804474,2043.0746206358,756.7903865069,401.5959507111,-137.1798774065
5303,400.4100000000,57484.3278681628,38323.0338741607,1082.6437912211,4578.2830909414,13500.3671118396
5304,14.8700000000,1775.7958716673,1183.8812756615,938.6129255746,170.0835395147,-516.7818690835
5305,113.1200000000,13453.6299942322,8968.9375977091,935.9015508839,1293.6966115439,2255.0942340952
5306,198.6600000000,17238.1379675798,11492.1363823722,754.0882497416,2271.5471907916,2720.3661446743
5307,83.1900000000,12135.1198559341,8089.8413104706,1095.9158827522,951.4890998739,1997.8735628374
5308,1.8300000000,159.4951899442,106.4454182844,756.1438402539,20.9302033443,-724.0242719385
5309,53.0400000000,6335.4935695944,4223.8157099109,938.7575205857,606.6776903420,566.2426487559
5310,111.7200000000,16185.2292161789,10790.1590639787,1090.1749041379,1277.6244045763,3027.2708434859
5311,230.1200000000,19956.9458531030,13304.6246585520,753.8312137160,2631.1892931931,3267.3006876420
5312,60.0700000000,5226.7270913245,3484.6797266166,755.3660261078,686.9694064308,299.7119321693
5313,4.1900000000,365.6118083895,243.8606974476,756.6918581469,47.9255377184,-682.8662849233
5314,40.4300000000,3527.8485473002,2351.7524794942,756.6918581469,462.4414057169,-43.0371960578
5315,210.6100000000,24841.9481875952,16561.4823818546,930.4637478382,2408.0297080924,4941.9723498100
5316,23.1500000000,2766.3832117599,1844.2424035461,939.0386843848,264.7961634071,-281.6940395781
5317,3.6200000000,315.3453658412,210.4939956776,755.9089524359,41.4016802219,-692.4592624943
5318,4.7200000000,411.9052423763,274.8477985219,756.7447129152,53.9880867170,-673.6753557777
5319,54.6600000000,4763.2011155661,3175.2647504669,756.0716187804,625.1554039814,206.7093423374
5320,27.2900000000,2382.0687588864,1587.9850270910,756.8474066171,312.1513413081,-274.9150161299
5321,14.1700000000,1234.9982740487,823.5513940952,756.1438402539,162.0661100487,-506.7630703491
5322,27.5500000000,3289.6580633247,2192.8020595179,938.5322790142,315.1164970201,-156.7927722274
5323,40.0100000000,4764.0833625197,3176.1651299701,936.6776962357,457.5914988066,193.6490375073
5324,62.0100000000,9022.2074375468,6015.1097149642,1093.7544670621,709.2039200449,1204.1393354756
5325,115.3900000000,16565.8115249552,11043.6269658872,1082.6437912211,1319.3678626001,3120.1729052467
5326,54.0900000000,6452.5410305610,4301.3309066431,937.8995482845,618.6608571525,594.6497184809
5327,25.0300000000,2182.8590441028,1455.0853656088,756.4322921394,286.2854402206,-314.9440538660
5328,27.1400000000,3241.0961638904,2160.4469362301,938.6129255746,310.4281951869,-168.3918931012
5329,334.2900000000,39265.6061209370,26176.7461491889,927.7291392802,3821.6643103030,8339.4665221648
5330,181.6900000000,15787.4860617918,10524.7053724297,754.7330514445,2077.6706344872,2430.3770034305
5331,320.1500000000,37762.4505591310,25174.6093448435,930.4637478382,3660.4658422951,7996.9116241542
5332,46.8700000000,4088.6368123297,2725.9318704754,756.5599770292,536.0934713507,70.0514934743
5333,82.1600000000,11692.6703012144,7794.7420505150,1075.4639149027,939.2681197000,1883.1962160968
5334,99.7700000000,14296.6154073130,9531.5264245281,1081.1023166841,1140.7298987530,2543.2567673478
5335,8.2800000000,722.6817719218,481.8786755852,756.8108245191,94.7087213804,-610.7164495630
5336,14.6600000000,2143.4829002985,1428.7276791694,1097.8712831691,167.6827854527,-550.7988474927
5337,19.5300000000,1704.2523203222,1136.2416557615,756.7192474217,223.3864119981,-412.0949948590
5338,41.8500000000,6116.9521390457,4077.7372610248,1097.5884505866,478.6816495420,462.9447778923
5339,40.6400000000,3538.7821935764,2359.4114701269,755.7180513530,464.7855610732,-41.1328889767
5340,27.4100000000,3273.3399356019,2182.2696325557,938.6129255746,313.5164638936,-161.0590864220
5341,75.2300000000,8980.5286027679,5986.9851378700,938.3519954833,860.4717697827,1194.7196996319
5342,30.4900000000,2660.5021569919,1773.8360321185,756.6918581469,348.7469319889,-218.7726652623
5343,12.4300000000,1483.3534180858,988.5913470398,938.1427889439,142.1713542919,-585.5520721898
5344,52.1200000000,6226.2107692185,4150.9322831414,938.8222665727,596.1565846798,540.2996348247
5345,310.0400000000,44773.9375077389,29848.9170070625,1087.5315179624,3545.3850157765,10292.1039669376
5346,81.5500000000,11605.8576322302,7737.0032205112,1075.4639149027,932.2944883341,1861.0960084822
5347,25.2000000000,3679.2723916182,2453.0237174737,1096.6652581846,288.2315469153,-158.6481309554
5348,0.8800000000,76.7997834471,51.4409261515,756.7683859227,10.0656062376,-741.4751348648
5349,44.7400000000,3905.2310836415,2603.4312348907,756.8474066171,511.7497621886,33.2026799451
5350,166.3200000000,14405.5831852237,9603.8396352545,753.2396180813,1901.5644337469,2146.9394981410
5351,13.6300000000,1189.5239186179,792.7954500999,756.7683859227,155.9025147945,-515.9424321992
5352,61.2400000000,8943.4948441857,5962.6451241746,1096.8788562489,700.4522485784,1183.5186151838
5353,64.1400000000,9359.2624560072,6239.7877338664,1096.1853728800,733.6089365458,1289.6804127150
5354,12.2700000000,1070.8333441997,714.1210924564,756.7683859227,140.3465778818,-540.4027120612
5355,28.4500000000,2483.3219564059,1655.5013972905,756.8474066171,325.4197750171,-254.4466225188
5356,94.6200000000,13810.9898660638,9207.7902367892,1096.4346045105,1082.2344528035,2424.5305719606
5357,95.4100000000,13912.8343369646,9274.9586095944,1095.6242774865,1091.2478404397,2451.0036094440
5358,93.9100000000,8184.8050752236,5456.7282846855,756.1438402539,1074.0739869212,897.8589633629
5359,67.0600000000,9684.3641119500,6456.2546846262,1087.5315179624,766.8478878789,1373.7300214825
5360,38.8200000000,5633.4685608512,3755.2414197729,1091.5804976578,443.9583234543,342.6883199663
5361,82.9200000000,12050.1822367179,8033.2365146119,1092.7603591096,948.3272323866,1975.8581306098
5362,76.8500000000,9026.7786364953,6018.0671682903,927.7291392802,878.5632302695,1202.4190986553
5363,47.1100000000,4108.8519559136,2739.2128246012,756.4780410728,538.8328640944,74.3282261453
5364,22.9400000000,2732.4244835475,1821.6494226072,936.8966040123,262.3659458952,-288.4874889672
5365,53.8300000000,7867.9936354798,5244.9706033999,1097.5884505866,615.7092758626,909.7253056308
5366,112.8400000000,13426.0362915120,8950.7662321161,936.1820858981,1290.5118777436,2248.5760957541
5367,17.2300000000,2516.2706754624,1677.5637658228,1096.8788562489,197.0736813032,-455.2456279124
5368,60.4400000000,7181.3235145401,4787.9104228506,935.2637903541,691.2007811666,766.9485201687
5369,36.6100000000,5355.1127261101,3570.4522206143,1098.2245360874,418.7532826982,267.6826867102
5370,63.1300000000,7539.9251150553,5026.2473824995,938.6878670654,722.0857270074,852.9041384831
5371,57.3300000000,6847.2027062589,4564.5461615600,938.6878670654,655.7448872063,688.2237904271
5372,32.4500000000,4731.9093830259,3154.9091945679,1095.6242774865,371.1455028013,110.2304081702
5373,53.8300000000,6341.3758359806,4227.8995020672,929.6388554362,615.4474114273,568.3900670498
5374,119.8100000000,10414.5946173422,6943.0096203358,754.9124345824,1370.0876857491,1346.5848766748
5375,5.2100000000,761.5130380986,507.8222983061,1097.5884505866,59.5921480075,-903.4898588016
5376,72.7300000000,10632.3468629283,7088.6338516772,1097.7350963539,831.8912549541,1614.0866599431
5377,26.4800000000,3164.0814423264,2109.3585095682,938.9903837852,302.8848963954,-187.1523474224
5378,1.9000000000,226.9501844312,151.5723340877,938.7575205857,21.7324210341,-885.1120912764
5379,26.1300000000,3817.7639891654,2544.8177792592,1097.2602780930,298.8732406435,-123.1873088303
5380,109.4500000000,9525.9107499334,6350.3537977491,755.4932545847,1251.7062983532,1168.3573992464
5381,36.2400000000,5278.0787857177,3518.7019845030,1094.5951237908,414.4828364487,250.2988409753
5382,39.3200000000,4681.9234644907,3121.5918459500,936.6776962357,449.7000183223,173.9539039828
5383,89.8300000000,12845.7393359654,8563.6041316749,1079.4039103234,1027.0414447059,2175.6898492613
5384,67.2800000000,9833.8958163679,6556.2132542499,1097.5884505866,769.5508095863,1410.5433019450
5385,97.1900000000,13998.1224597287,9331.7496319264,1085.3172731391,1111.3359674093,2469.7195872540
5386,32.7800000000,4785.9741665573,3190.8472574951,1096.6652581846,374.9297661858,123.5318846918
5387,153.4500000000,22101.1615541246,14734.3415240943,1085.3172731391,1754.6507274304,4526.8520294609
5388,62.8200000000,9183.6110261124,6122.6622304958,1097.7350963539,718.5399235008,1244.6737757619
5389,72.2300000000,10536.3590238504,7023.9121502838,1095.9158827522,826.1336420710,1590.3973487434
5390,50.9400000000,4445.1926880294,2963.2665908781,756.7192474217,582.6576460411,142.5492036886
5391,189.0900000000,16388.7046718075,10926.0562604836,753.5492527343,2161.9787166003,2547.1204419892
5392,136.1600000000,16200.7187296373,10800.0980982558,936.1820858981,1557.2146160366,2907.2239294467
5393,95.1900000000,11341.7169875427,7560.9524854120,937.0984891794,1088.7036755395,1754.9623374118
5394,16.9100000000,1475.9116863765,983.7168229402,756.8108245191,193.4208307419,-458.0367918249
5395,109.2500000000,9447.9619487821,6298.5743816299,752.5246171233,1248.9659454384,1147.8970045905
5396,11.7600000000,1025.7799661091,683.7068018018,756.5205193927,134.5087923462,-548.9561474317
5397,21.8100000000,1903.2126526486,1268.5879849837,756.7192474217,249.4653172390,-371.5598969958
5398,252.6900000000,29898.8855299561,19932.9108860464,932.5173167244,2889.4277765682,6144.0295506172
5399,267.7500000000,23173.7948244510,15449.2640069103,752.8992265782,3061.1048531792,3910.5267377833
5400,29.3500000000,4233.1470886701,2821.8388300705,1086.4759890134,335.6165039519,-10.7842343657
5401,46.3100000000,5532.6560129474,3688.1878864663,938.8824522502,529.7025282562,375.8831459747
5402,46.3600000000,6776.1505654996,4517.3446237375,1097.5884505866,530.2671749766,630.9503161990
5403,11.7800000000,1716.4281573791,1144.7007559631,1094.9662915433,134.7310357356,-657.9699258628
5404,5.6200000000,821.1187760853,547.0943759971,1097.2602780930,64.2811945050,-887.5170725098
5405,25.3700000000,2210.0309202735,1473.4579697432,755.9089524359,290.1548694007,-309.4908713062
5406,2.3100000000,275.7935894234,183.6260482808,938.4454697809,26.4216297699,-872.6995584082
5407,47.3100000000,5638.4911386292,3758.7904410111,937.2848285391,541.0972241640,401.3186449150
5408,93.7500000000,11181.3842527533,7454.3067829598,937.7632772109,1072.2695409686,1717.0446516140
5409,152.1600000000,22022.6600303218,14681.4631823076,1089.3723944003,1740.0616517650,4511.7628018489
5410,59.3400000000,7086.4644939298,4724.6137544831,938.6129255746,678.7328335442,744.5049803279
5411,23.8500000000,2077.2127988903,1384.8885482509,755.8173576902,272.7675796260,-336.2606866769
5412,5.8700000000,511.8669585295,341.3486385003,756.3829978112,67.1388284615,-653.0035062436
5413,100.2100000000,11912.6979879764,7941.9552926874,935.5962830805,1146.0346108540,1889.1118013545
5414,11.3700000000,992.0630458637,661.1793809496,756.6624014288,130.0504266498,-555.8291631645
5415,5.1800000000,610.2234224481,407.1310631620,929.6388554362,59.2238081217,-785.7703042719
5416,105.2200000000,9165.9224844770,6110.9038120152,755.9089524359,1203.3935892134,1095.7161308125
5417,26.4700000000,2309.7242405896,1539.9970071688,756.6918581469,302.7658671612,-289.7304918873
5418,25.0400000000,2986.4731913487,1990.9504972364,937.7632772109,286.3960459291,-228.6366290277
5419,42.6700000000,5026.6859914786,3351.0018275644,929.6388554362,487.8532611110,258.1920473670
5420,85.6800000000,12512.7145370645,8342.2328572167,1096.8788562489,979.9926299510,2093.6101936479
5421,222.0900000000,26253.3495364104,17502.6263087769,931.8958594654,2539.4539192737,5279.3734488944
5422,57.2300000000,6837.2684867411,4558.4873239616,938.8824522502,654.6075511143,685.2911594150
5423,4.9000000000,716.7454891543,478.1301234562,1098.2245360874,56.0472844912,-915.6564548804
5424,44.5500000000,3888.1720915389,2592.0041523297,756.7903865069,509.5727600166,29.8047926858
5425,82.5500000000,7197.5823354331,4798.5375309335,756.3298557505,944.1690731409,698.5458756083
5426,126.8600000000,11027.4223617063,7351.4219509438,754.9124345824,1450.7079860957,1470.3799900843
5427,152.9500000000,17993.0528251183,11995.2614611415,928.7304688664,1748.6311383520,3320.4297567583
5428,34.4600000000,4114.2195201424,2742.5438823874,938.4454697809,394.1512389046,39.0789290696
5429,225.2100000000,19541.9362311419,13028.2140176398,754.0882497416,2575.1290790203,3184.5048847401
5430,1.0600000000,155.0308884150,103.1074868554,1098.1153248667,12.1244802408,-1058.3164035478
5431,16.0600000000,1401.8330622102,934.4265635604,756.8474066171,183.6991770395,-473.1400850068
5432,73.8100000000,8806.6734090206,5871.4550721960,938.0257820855,844.2160744179,1152.9764803212
5433,77.0500000000,6718.7988338494,4479.0476754568,756.3829978112,881.2686086818,602.0995518996
5434,31.4100000000,3738.7159242796,2492.2536096988,936.4401288793,359.2297558094,-49.2075701079
5435,9.8300000000,1174.7468045360,783.2199325793,939.0835389281,112.4385373785,-659.9952043498
5436,51.7300000000,7361.9989615606,4907.8005503243,1075.4639149027,591.3868041879,787.3476921458
5437,14.3700000000,1252.4294423487,834.7561749673,756.1438402539,164.3535639661,-502.8241368386
5438,70.8100000000,10347.9046190271,6899.0515527289,1097.4304909789,809.9237442467,1541.4988310725
5439,62.3400000000,7429.7936500136,4953.5160090586,937.2848285391,712.9993860576,825.9934263583
5440,315.2400000000,44863.6488042213,29908.7139419761,1075.4639149027,3603.8812324028,10275.5897149397
5441,19.2600000000,2298.7991524117,1532.6536903351,938.2513041608,220.2924609344,-392.3983030187
5442,3.8100000000,332.2339202721,221.4153330813,756.3829978112,43.5773315909,-689.1417422113
5443,84.9000000000,12388.5466559871,8259.4805267704,1096.1853728800,971.0539244268,2061.8268319099
5444,41.0600000000,4905.8529192715,3270.3687419452,938.9383947274,469.6533675933,226.8924150057
5445,51.7300000000,7561.0498005456,5040.3257966198,1097.5884505866,591.6894081436,831.4461451956
5446,237.6700000000,27998.4171454117,18665.3933572746,929.6388554362,2717.3209413698,5686.0639913311
5447,91.3000000000,10871.3024493389,7247.3321178699,936.6776962357,1044.1915481390,1643.1010870943
5448,56.3600000000,6733.8984542168,4489.3657139081,938.9383947274,644.6581538616,660.9361917198
5449,27.7600000000,4053.0397456873,2702.1589387796,1096.6652581846,317.5122119987,-63.2966632756
5450,2.1500000000,314.5283938461,209.7019743141,1098.3260134850,24.5922404551,-1018.0918344081
5451,211.7900000000,30709.7235601903,20473.0683428924,1090.9087661794,2422.0617710667,6723.6846800519
5452,54.7000000000,7997.8522951112,5331.5935344615,1097.8712831691,625.6649634560,942.7225140247
5453,74.4300000000,6474.2756247807,4316.3883375149,755.2275891446,851.1778055193,551.4818926019
5454,155.9800000000,18349.5023188097,12233.1278357251,928.7304688664,1783.2722128810,3404.3718013372
5455,40.6200000000,4854.0166765308,3235.9623654814,939.0386843848,464.6229009760,214.3927256886
5456,45.9700000000,5492.5002118585,3661.5394120527,938.9383947274,525.8150342977,366.2073707808
5457,87.6100000000,7618.2685449995,5078.8136812250,755.0768121019,1001.8848666609,782.4931850117
5458,32.1200000000,4695.5999070158,3130.3290881894,1097.7350963539,367.3909955881,100.1447268843
5459,186.1400000000,27050.4211474032,18033.7962572921,1092.7603591096,2128.8185122581,5795.0460187434
5460,39.2100000000,3419.4927334907,2279.6337394539,756.4322921394,448.4719181402,-65.0452162427
5461,57.6900000000,5032.5038980862,3354.9930713544,756.5599770292,659.8513412038,261.0995084988
5462,232.8100000000,33360.6798935206,22240.2283238988,1081.1023166841,2661.8555450405,7377.4937078971
5463,51.0800000000,4455.8900869170,2970.5667819283,756.5599770292,584.2469493620,144.5163785975
5464,64.1800000000,5558.8644109407,3706.1199334563,753.2396180813,733.7806959949,365.7241634082
5465,54.0600000000,4708.3490108180,3138.6167601064,755.8173576902,618.2731804857,195.6417125357
5466,238.8700000000,34536.0143007916,23024.0508631376,1088.4939688877,2731.5987438017,7691.8707249647
5467,103.1200000000,8984.6154495611,5989.7790089696,755.9935047728,1179.3886809378,1059.4542548808
5468,21.7500000000,3173.7442846610,2115.3624515152,1096.1853728800,248.7682315228,-286.5717712570
5469,32.3900000000,4737.2174299648,3157.6667849466,1098.1153248667,370.4829386789,110.9523814727
5470,52.2400000000,7560.8817033649,5040.2910573063,1089.3723944003,597.4028699277,833.8153817306
5471,221.3700000000,19186.4591104660,12791.0779484514,753.5492527343,2531.0552038384,3110.7767054419
5472,356.5300000000,42053.5577005997,28036.0172956351,930.4637478382,4076.4200741948,9010.6565829315
5473,173.9900000000,25020.9940181439,16680.3003959027,1084.0440787886,1989.4618731795,5267.1876702732
5474,76.5500000000,11108.7588442338,7406.1705778854,1091.5804976578,875.4510474092,1735.5567212815
5475,171.9300000000,24908.0420617404,16605.7904525819,1090.1749041379,1966.1829921125,5245.8937129080
5476,154.9900000000,13461.7883089476,8974.7765496973,754.5370947577,1772.3067103066,1960.1679541860
5477,152.1700000000,17948.8118119100,11965.8877942195,930.4637478382,1739.8503427207,3312.6099271315
5478,45.8700000000,5473.9679233786,3649.6625757155,938.1427889439,524.6500419446,361.5125167746
5479,112.6400000000,16412.4335863485,10941.2095511820,1094.9662915433,1288.2940462869,3087.9636973363
5480,40.1300000000,3502.7049616463,2335.0483427469,756.8298005211,459.0181441695,-48.1913257912
5481,37.4300000000,3265.8680568758,2177.3917833367,756.6624014288,428.1255470098,-96.3116748995
5482,2.0800000000,248.0224186067,165.0712997020,937.6160751321,23.7899120440,-878.4548682714
5483,85.0000000000,7405.8602910463,4937.5205344209,755.9935047728,972.1493200128,740.1969318397
5484,235.9000000000,27885.8352723635,18590.3601471754,931.8958594654,2697.3622385369,5666.2170271858
5485,82.9400000000,7218.6298547234,4812.6372367758,755.4932545847,948.5291949330,701.9701684299
5486,61.0800000000,7295.0835740152,4863.6026342140,938.6878670654,698.6376715605,794.1554011753
5487,191.8100000000,16666.8374787401,11111.3282948274,754.7330514445,2193.3953679399,2607.3807645284
5488,47.3300000000,6921.3058637097,4614.2564056871,1097.9977895315,541.3678271852,667.6838413058
5489,45.7900000000,5452.3213489072,3634.5807157390,936.6776962357,523.6969440228,357.3659929097
5490,64.1600000000,7650.5376816364,5100.7031607927,937.6160751321,733.8272868946,878.3911588171
5491,2.1100000000,251.8414440077,168.1392234123,938.2513041608,24.1338054295,-878.6828889949
5492,54.3700000000,6489.3930382463,4326.3515562625,938.2513041608,621.8744081517,602.9157696713
5493,7.0100000000,611.8356547309,407.7434947260,756.8108245191,80.1821421349,-632.9008066491
5494,24.2400000000,2896.8324050817,1931.1136962008,939.0835389281,277.2645112975,-250.6293413447
5495,62.8400000000,9050.7461196559,6034.0636717719,1085.3172731391,718.5549150324,1212.8102597124
5496,39.7700000000,4713.4492142505,3142.4452178024,933.6011095794,454.7799060683,182.6229808003
5497,162.1000000000,23311.1278253987,15540.4165419686,1084.0440787886,1853.5074983757,4833.1597062659
5498,88.3300000000,12796.6460496337,8531.1948055956,1090.1749041379,1010.1375193003,2165.1388205999
5499,177.5300000000,20940.0838599486,13960.2024265895,930.4637478382,2029.8063438471,4019.6113416738
5500,314.4900000000,27219.1474671956,18146.1430106104,752.8992265782,3595.4691513588,4724.6360786481
5501,36.4600000000,4332.0823186653,2887.7084737818,935.2637903541,416.9619536951,92.1481008343
5502,12.1700000000,1780.7627443065,1187.3958344939,1098.5078760990,139.2041708948,-644.3451371813
5503,14.8300000000,1292.3211222804,861.6889471527,756.0716187804,169.6131474761,-495.0525911289
5504,10.9700000000,1604.4234395404,1069.7401761248,1098.1153248667,125.4769323034,-688.9089937544
5505,16.6800000000,2436.5238298189,1624.5101468085,1097.0767788299,190.7838511229,-475.8469469423
5506,27.6500000000,2410.5235262614,1607.0007317750,756.2725330342,316.2457057767,-268.9954443246
5507,30.2600000000,2639.4644366038,1759.8370342236,756.5205193927,346.1085081970,-223.0016252095
5508,25.1800000000,3644.3912957643,2429.6787660861,1089.3723944003,287.9518427408,-162.6117074629
5509,9.9500000000,1442.7581539444,962.1223374255,1090.9087661794,113.7896719492,-724.0626216096
5510,23.2200000000,2772.2628339439,1848.1073246325,938.4454697809,265.5888498945,-279.8788103640
5511,110.9300000000,9657.1456834714,6438.2414348011,755.6102914559,1268.6506817413,1194.6432754731
5512,47.3900000000,6931.0507565925,4620.5042547075,1098.1153248667,542.0557722752,670.3754047432
5513,75.4800000000,9000.3519982842,6000.3417441688,937.6160751321,863.2993082108,1199.0948707726
5514,1.0600000000,126.6382071631,84.6777831076,938.8824522502,12.1244802408,-909.0465084355
5515,49.1800000000,4271.5707402674,2847.7656359616,754.5370947577,562.3720498928,106.8959596552
5516,87.5300000000,12772.3143556955,8514.5996164003,1096.1853728800,1001.1348646063,2160.3945018088
5517,63.9400000000,9233.7942337919,6155.9637690622,1087.5315179624,731.1699068144,1259.1290399529
5518,22.5200000000,1963.9626717218,1309.5768290480,756.4322921394,257.5768323519,-359.6232818174
5519,33.3600000000,4880.8585186343,3253.4201662729,1098.4202960231,381.5809940069,147.4370623315
5520,250.1400000000,35843.9949682799,23895.9394868450,1081.1023166841,2859.9997682077,8006.9533965431
5521,82.5800000000,7180.8767999778,4787.1590341843,755.0768121019,944.3631125312,694.2778411604
5522,31.0700000000,2708.3197091848,1805.3451824277,756.2106627622,355.3589979457,-208.5951339508
5523,11.7900000000,1029.1165506512,685.9663212264,756.8474066171,134.8576150247,-548.5547922170
5524,52.9700000000,4617.3059219672,3078.1401635493,756.2106627622,605.8373389502,177.1177567054
5525,11.8000000000,1406.3452850523,937.4000610834,937.2848285391,134.9597811274,-603.2993856976
5526,19.9000000000,2845.7109293745,1897.6168246325,1079.4039103234,227.5200350623,-358.8298406437
5527,21.4400000000,3065.9317751653,2043.5873496042,1079.4039103234,245.1271131526,-302.1865979149
5528,42.0200000000,3661.1088168207,2440.7415504325,755.9935047728,480.5848756110,-16.2111139956
5529,114.0200000000,16445.0913475354,10963.0060294694,1086.4759890134,1303.8158017237,3091.7935273288
5530,44.0000000000,5257.5371398173,3505.3222831238,938.9903837852,503.2830604757,309.9414124325
5531,20.5900000000,1789.8047172279,1192.9939130918,754.9124345824,235.4570190266,-393.5586494729
5532,55.3100000000,8092.3346722322,5395.3515924668,1098.4202960231,632.6512223777,965.9115613646
5533,35.2400000000,4203.8740232385,2802.9470032891,937.8995482845,403.0617231661,59.9657484988
5534,71.5200000000,6235.1046147636,4156.9104102698,756.2725330342,818.0069756655,503.9146957941
5535,43.2900000000,5165.1658566116,3443.3563603568,938.0257820855,495.1377030423,288.6460111270
5536,34.0300000000,2969.0075629043,1979.1745577443,756.6307199789,389.2346422358,-156.0323570547
5537,53.7000000000,7851.6392732628,5234.0218880792,1097.8712831691,614.2268471222,905.5192548922
5538,200.0000000000,29044.9543605552,19363.3768525427,1092.1959456200,2287.2995253606,6302.0820370320
5539,4.5900000000,671.6270333909,448.0738998090,1098.5078760990,52.5018195898,-927.4565621069
5540,56.5100000000,6731.0073045016,4487.2268263092,936.8966040123,646.3077420461,660.5761321340
5541,175.8600000000,25539.2283692362,17025.7458441874,1092.1959456200,2011.2224726496,5410.0641067792
5542,40.5000000000,5916.0200903877,3943.9978965297,1097.0767788299,463.2341708919,411.7112441362
5543,239.2200000000,34623.1646454625,23081.9482778181,1089.3723944003,2735.6568634018,7716.1871098423
5544,32.5800000000,4766.7377259325,3178.1631161634,1098.4202960231,372.6591362333,117.4951775127
5545,56.7300000000,4946.8845923981,3298.1658990233,756.3829978112,648.8561735304,243.4795220332
5546,37.8300000000,5524.6964395092,3683.3465293066,1096.8788562489,432.6928243586,311.7782295951
5547,43.3300000000,5178.2074303708,3451.9693324791,939.0835389281,495.6217522492,291.5328067144
5548,140.1600000000,16653.4464559553,11101.9672929849,935.2637903541,1602.8904945120,3013.3248781042
5549,49.7100000000,4338.0952539248,2892.1484253550,756.7447129152,568.5906336230,120.6114820316
5550,112.4700000000,9797.4843359545,6531.8918033704,755.9089524359,1286.3113189397,1223.3722612085
5551,49.6100000000,5926.3683089204,3951.1808469808,938.8222665727,567.4468182265,468.9183771404
5552,26.2400000000,3134.6080311645,2090.0821003142,938.8222665727,300.1371600537,-194.4334957760
5553,23.6100000000,2813.0889597214,1875.6604494660,937.0984891794,270.0314505672,-269.7014294910
5554,4.8500000000,709.5175396062,473.3273134519,1098.3260134850,55.4755191661,-917.6113064967
5555,118.2500000000,17204.9029106581,11470.3023022058,1093.7544670621,1352.4167641559,3288.4293772344
5556,168.4100000000,24457.3038193055,16304.9762832779,1092.1959456200,1926.0205653299,5134.1110250778
5557,84.3800000000,7350.5088314025,4900.5633368690,755.9089524359,965.0480047313,728.9885373663
5558,88.6300000000,7664.7402061378,5109.7706076137,752.5246171233,1013.2343409081,789.2106404928
5559,24.2500000000,2114.1119534119,1409.2940171403,756.2725330342,277.3583495510,-328.8129463136
5560,394.8800000000,56584.6195453520,37723.3651449632,1081.1023166841,4514.8984907246,13265.2535929801
5561,16.2900000000,1420.3345396027,947.1433595800,756.3298557505,186.3175554387,-469.4562311665
5562,80.0100000000,11567.9093406721,7711.8042189711,1088.4939688877,914.9546426574,1852.6565101559
5563,31.3300000000,4582.7828928990,3055.0652044213,1098.2245360874,358.3594741037,71.1336782866
5564,34.4600000000,4117.9077959934,2745.0182071300,939.0386843848,394.1631011234,39.6878033552
5565,20.5000000000,2999.6414345344,1999.5297778978,1098.5078760990,234.4852508910,-332.8814703535
5566,195.8200000000,28341.7277020085,18894.6295532867,1089.3723944003,2239.3459033163,6118.3798510051
5567,8.6300000000,1259.2833644425,839.7670033653,1096.1853728800,98.7066592203,-775.3756710231
5568,66.9000000000,7987.2688884948,5325.1554001431,938.4454697809,765.1978491792,958.4701693915
5569,5.6500000000,492.9776789032,328.8588543990,756.6624014288,64.6248821962,-657.1684591209
5570,394.4100000000,56517.2705502489,37678.6161946133,1081.1023166841,4509.5247004829,13248.0273384686
5571,128.5800000000,15269.1390767372,10179.6366346153,934.9012987172,1470.4345322272,2684.1666111774
5572,5.6600000000,493.6553188383,329.2120189813,756.4780410728,64.7377204580,-656.7724616738
5573,75.0400000000,8893.5687462247,5929.1419203818,933.6011095794,858.1011856014,1172.7245306620
5574,71.5100000000,10437.7920663942,6958.7899927542,1096.4346045105,817.9093819486,1564.6580871809
5575,98.3900000000,11706.7326366702,7804.1804751095,936.1820858981,1125.2522478837,1841.1178277789
5576,170.1900000000,20221.5329076700,13480.9602843388,935.2637903541,1946.3180169878,3858.9908159893
5577,40.5200000000,4832.7433591633,3221.5773793864,937.7632772109,463.4491925338,209.9535100322
5578,40.4300000000,3528.7468645890,2352.3663157267,756.8108245191,462.4485030690,-42.8787787257
5579,144.8900000000,12540.2469920251,8360.3249114702,752.8992265782,1656.4835935654,1770.5392604113
5580,12.9100000000,1539.7511541658,1026.8287997558,937.7632772109,147.6586642550,-572.4995870559
5581,36.4400000000,4353.4870462493,2902.5662320787,938.8824522502,416.8076037499,95.2307581705
5582,54.0500000000,7902.8138309097,5268.8689046443,1097.8712831691,618.2301878390,917.8434552573
5583,2.1100000000,184.1616592699,122.6081837288,756.8108245191,24.1347104001,-719.3920593781
5584,170.0200000000,24691.1157019080,16460.8183505016,1092.1959456200,1944.4333265090,5193.6680792774
5585,12.9400000000,1874.6586650318,1249.6398025098,1090.1749041379,147.9812011745,-613.1372427904
5586,52.8800000000,4613.2725962747,3075.3125712655,756.5966414806,604.8380009656,176.5253825630
5587,43.2100000000,5154.6366783239,3436.5919375433,937.8995482845,494.2195532919,285.9256392042
5588,39.9900000000,5835.3119054526,3890.5661168571,1096.1853728800,457.3904174067,391.1699983088
5589,38.9100000000,3396.0806455889,2263.9743693175,756.8108245191,445.0623609798,-69.7669092276
5590,82.1900000000,9715.7134422872,6476.9605831914,931.8958594654,939.7889037107,1367.0680959197
5591,40.0800000000,4789.4876512889,3193.2715691030,939.0386843848,458.4462302097,198.7311675914
5592,48.0800000000,5726.8949071038,3818.2595242218,936.8966040123,549.8934036025,421.8453752672
5593,9.7100000000,1159.4402829359,772.5934717472,938.5322790142,111.0628379697,-662.7483057952
5594,109.6200000000,12981.6941768086,8654.5621440916,933.0839460749,1253.5019135674,2140.5461730747
5595,46.2300000000,5513.7642027177,3676.2038708813,937.7632772109,528.7575560424,371.0394985830
5596,22.5300000000,3257.4052924052,2171.5549786272,1088.4939688877,257.6418960014,-260.2855511111
5597,6.9300000000,1012.0577934390,674.6723840809,1096.8788562489,79.2641097754,-838.7575566662
5598,64.6400000000,9446.2442391457,6297.0677203439,1097.4304909789,739.3513744966,1312.3946533263
5599,191.0000000000,27644.1118940027,18429.3719172276,1089.3723944003,2184.2256538322,5941.1419285426
5600,82.0600000000,7135.6593631168,4756.9878638008,755.0768121019,938.4165295993,685.1781576147
5601,21.4900000000,1875.5739224954,1250.5025695271,756.7903865069,245.8073762684,-377.5264098069
5602,303.6400000000,26299.3703605178,17532.7981467355,753.2396180813,3471.5670073527,4541.7655883483
5603,69.6100000000,9931.6107876184,6621.4767276565,1077.5309870471,795.8300983373,1436.7729745775
5604,283.3500000000,40966.9680249898,27311.4799235042,1088.4939688877,3240.2499437192,9326.7441888787
5605,90.6600000000,10801.9756496546,7201.3699121984,937.0984891794,1036.8933209834,1626.6139272935
5606,49.8300000000,7212.0737993621,4807.6622392768,1089.3723944003,569.8427451856,745.1964204994
5607,119.3800000000,14184.4209325909,9456.1230851300,935.2637903541,1365.2473404313,2427.7867166755
5608,20.3600000000,1776.6808623533,1184.6610445014,756.7192474217,232.8800485551,-397.5794781248
5609,109.3200000000,15941.2121341261,10627.0625501235,1095.6242774865,1250.3428772337,2968.1824292824
5610,82.5900000000,9840.4496901056,6559.9523491685,937.0984891794,944.5954045888,1398.8034471689
5611,51.0600000000,4446.1175886813,2964.0106593469,755.7180513530,583.9554810137,142.4333969677
5612,44.4000000000,3875.0806030152,2583.1977962062,756.7903865069,507.8570268179,27.2353934842
5613,11.1300000000,1329.5803119993,886.7014971030,938.8222665727,127.3066536356,-623.2501053120
5614,98.9700000000,14414.2234388103,9609.3066243454,1094.5951237908,1131.9361568247,2578.3855338493
5615,44.6900000000,6524.8683802150,4350.2842489572,1096.6652581846,511.1534853827,566.7653876904
5616,33.4500000000,2919.4019407851,1946.2047032781,756.7903865069,382.6085033121,-166.2016523120
5617,44.1000000000,6445.8205336181,4297.5409423811,1097.5884505866,504.4172220981,546.2739185522
5618,215.2000000000,30994.9166923924,20663.1598992655,1085.3172731391,2460.7418477877,6785.6976722001
5619,239.7200000000,20800.9988603052,13867.3675406100,754.0882497416,2741.0414405344,3438.5016294191
5620,64.3300000000,5607.5380396479,3738.5024131689,756.2106627622,735.7658299918,377.0591337250
5621,14.5600000000,1267.5384580487,844.8725090626,755.6102914559,166.5154054463,-499.4597479161
5622,57.7000000000,5030.8964355481,3353.6606711660,756.3298557505,659.9461601481,260.9597484834
5623,14.0100000000,2048.7533308805,1366.1949299857,1097.9977895315,160.2485370561,-575.6879256929
5624,197.6500000000,23457.2501457591,15637.8165464040,934.5057179604,2260.2733009421,4624.6545804526
5625,71.6700000000,6250.3199237255,4166.8353651526,756.4322921394,819.7394127291,507.3128537045
5626,48.2500000000,4203.1530115569,2802.2013174580,755.9089524359,551.8317874886,93.2109541745
5627,66.4300000000,5789.7625508157,3860.0470104192,756.1438402539,759.7778186687,413.7938814739
5628,3.8700000000,462.0438056573,308.0178874388,938.4454697809,44.2648083157,-828.6843598781
5629,37.4700000000,4433.5400720545,2955.5695451724,932.5173167244,428.4572353002,116.9959748575
5630,106.4400000000,15457.7247106875,10305.0566951661,1092.1959456200,1217.3008073969,2843.1712625045
5631,36.1800000000,3157.0012476211,2104.5512245474,756.6918581469,413.8295834489,-118.0714185220
5632,9.3500000000,814.7810177560,542.9820762880,756.0716187804,106.9374867769,-591.2101640894
5633,26.3200000000,3841.7380392602,2561.6415335646,1096.4346045105,301.0400633882,-117.3781622031
5634,45.5700000000,6649.5414736552,4432.6941823208,1096.1853728800,521.2123361146,599.4495823399
5635,4.7500000000,684.1350106360,456.0629519363,1085.3172731391,54.3147015659,-911.5599160053
5636,186.0800000000,16162.1367090068,10774.6630555432,754.5370947577,2127.8200700294,2505.1164886765
5637,18.7800000000,1639.1926035315,1092.6473242782,756.8298005211,214.8108833168,-425.0954045847
5638,48.2900000000,7012.9042303561,4675.2620167105,1092.1959456200,552.2684703983,693.1777976272
5639,55.1200000000,8061.6061975813,5374.4777523376,1098.1153248667,630.4729725218,958.5401478553
5640,134.4200000000,19585.9314868339,13057.5749023231,1094.9662915433,1537.3977778932,3895.9925150743
5641,12.3500000000,1465.7072567676,977.3635341503,934.5057179604,141.2313446326,-587.3933399756
5642,259.7900000000,30514.8578005870,20343.2822682695,927.7291392802,2969.9667090659,6273.8796839714
5643,92.5100000000,11031.0355506263,7353.9264017254,937.6160751321,1058.0792130707,1681.4138606981
5644,94.1200000000,8195.6245093358,5463.5121855126,755.7180513530,1076.4177413438,899.9765311265
5645,23.0200000000,3354.1745486305,2236.1596163000,1094.9662915433,263.2859458942,-240.2373051069
5646,3.2600000000,387.8844231685,258.9064612596,936.1820858981,37.2834874286,-844.4876114179
5647,80.0500000000,6975.7455049592,4650.7595229888,756.0716187804,915.5450071114,653.3693560786
5648,15.4000000000,1342.3921313629,894.6843381943,756.2106627622,176.1354544050,-484.6383239986
5649,46.2100000000,4033.0512312012,2688.8740696874,756.7903865069,528.5602074156,58.8265675913
5650,105.7800000000,15435.3411692616,10289.8032817422,1096.1853728800,1209.8714266886,2839.4810879507
5651,61.4900000000,5355.4639414576,3570.0895741343,755.8173576902,703.2485732161,326.3084364169
5652,103.5100000000,12342.6925721038,8228.8042901461,937.6160751321,1183.8912479186,1992.3809589070
5653,69.5900000000,6064.2364733305,4042.8556767098,756.0716187804,795.9122678936,469.3969099467
5654,47.6300000000,5686.6011533484,3790.9893838616,938.4454697809,544.7888423977,412.3774573081
5655,44.3500000000,6367.0486275393,4244.3790204716,1082.6437912211,507.0973629111,532.9284529355
5656,401.2700000000,57607.7926217070,38405.4490007718,1082.6437912211,4588.1163205266,13531.5835091874
5657,42.7800000000,5102.2892622164,3401.8602984275,937.7632772109,489.2980369348,273.3676496432
5658,37.3500000000,4462.5817470723,2974.7164912826,938.9383947274,427.2175664785,121.7092945839
5659,46.3500000000,6781.4086432465,4521.2120104255,1098.4202960231,530.1642407740,631.6120960239
5660,157.2800000000,18502.4344448160,12335.0705676895,928.7304688664,1798.1347201047,3440.4986881554
5661,140.0500000000,20225.0998192454,13483.0621088240,1087.5315179624,1601.5068102809,4052.9993821781
5662,15.2800000000,2215.6125218363,1476.7459132578,1090.9087661794,174.7443404405,-526.7864980414
5663,58.5100000000,5089.4782588462,3392.7943264309,755.2275891446,669.1174714622,272.3388718084
5664,31.5000000000,3762.1992891532,2507.8770864663,938.6878670654,360.2993885749,-44.6650529534
5665,111.0600000000,16116.7701794985,10744.1629510168,1091.5804976578,1270.1187893568,3010.9079414671
5666,11.0800000000,966.9790915837,644.5245453102,756.7683859227,126.7351330831,-561.0489727323
5667,36.6000000000,5322.1214925345,3548.1498703019,1093.2784533794,418.5867259670,262.1064428862
5668,76.8900000000,11226.1608806160,7483.6387630740,1096.6652581846,879.4493508855,1766.4075084719
5669,0.6600000000,96.5286663716,64.4421792846,1098.1153248667,7.5492046782,-1073.5780424579
5670,34.8000000000,4150.5298346220,2766.9508878915,937.7632772109,398.0264536075,47.7892159121
5671,10.8600000000,1588.9125753108,1059.3877053878,1098.4202960231,124.2197120778,-693.1151381778
5672,134.7800000000,15877.5893586005,10585.4076422128,929.6388554362,1540.9623279245,2821.5805330270
5673,66.1200000000,9548.6154948126,6366.1674099570,1087.5315179624,756.0987525582,1338.8178143350
5674,54.5600000000,6498.7393122210,4332.8497565967,936.8966040123,624.0054929400,604.9874586720
5675,22.5500000000,3294.7025624064,2196.6668127156,1097.2602780930,257.9254334677,-257.1499618699
5676,6.4000000000,557.7110709774,371.8246826755,756.0716187804,73.1978519115,-643.3830823900
5677,113.7600000000,9903.5147656333,6602.5222004521,755.6102914559,1301.0159700251,1244.3663037001
5678,536.8600000000,76596.5316397187,51064.8285236872,1077.5309870471,6137.7581754539,18316.4139535305
5679,75.9200000000,11074.6279536304,7382.9619726625,1095.9158827522,868.3381712036,1727.4119270122
5680,36.5900000000,3183.7180667815,2122.6475492081,755.3660261078,418.4486529266,-112.7441614610
5681,74.4100000000,10857.8534354770,7239.0041682505,1096.1853728800,851.0732923039,1671.5906020426
5682,232.1900000000,27538.3991452401,18358.7903187312,934.0736028865,2655.2095797853,5590.3256438370
5683,182.7100000000,26274.9917642110,17516.2152221211,1084.0440787886,2089.1693709329,5585.5630923685
5684,39.8400000000,5822.0663751171,3881.2115509038,1097.4304909789,455.6893372516,387.7349959827
5685,30.9400000000,3684.0974565448,2455.7977809047,936.6776962357,353.8585596870,-62.2365802825
5686,67.7900000000,9863.1743620593,6575.0268426870,1093.7544670621,775.3093652611,1419.0836870491
5687,48.2200000000,5757.0419402574,3838.3767511599,938.4454697809,551.5372240272,428.6824952893
5688,55.0200000000,8045.8535521087,5364.3242103852,1097.9977895315,629.3272311796,954.2043210125
5689,128.7800000000,11136.9202724408,7424.8095359611,752.5246171233,1472.2364709708,1487.3496483857
5690,23.4400000000,2799.2370700660,1865.8405358351,938.6129255746,268.1074758725,-273.3238672163
5691,29.3900000000,4273.6926411363,2848.7549439443,1093.2784533794,336.1274283107,-4.4681844981
5692,167.6100000000,24341.1240018633,16227.0552496660,1092.1959456200,1916.8713672284,5105.0014393488
5693,11.1300000000,1328.9979762179,886.2101587689,938.5322790142,127.3047771991,-623.0492387642
5694,20.9600000000,1828.9316238292,1219.3034872378,756.6918581469,239.7420693502,-386.8057909057
5695,36.5800000000,3185.2522795527,2123.4703231142,755.7180513530,418.3527515762,-112.2888464907
5696,103.0100000000,8975.0313950668,5983.5526274634,755.9935047728,1178.1306053472,1057.3546574833
5697,3.7300000000,440.4662605415,293.8293498074,931.2135751301,42.6487748288,-827.2254392248
5698,20.4400000000,2438.8078103290,1625.8321783953,938.0257820855,233.7864322057,-358.8365823575
5699,63.5800000000,5532.1343177362,3688.1001167491,755.3660261078,727.1102856812,361.5578891982
5700,36.5200000000,3186.6690315955,2124.5945695431,756.6918581469,417.7185292303,-112.3359253248
5701,46.8400000000,6711.9721928289,4474.8950349897,1081.1023166841,535.5496487681,620.4251923871
5702,48.0600000000,7032.3301143280,4687.9731767520,1098.5078760990,549.7249345280,696.1241269489
5703,48.5700000000,5798.0097598889,3865.5637512074,938.3519954833,555.5378686474,438.5561445507
5704,47.3000000000,5645.5451666185,3763.7318471521,938.2513041608,541.0090032292,402.5530120763
5705,44.1600000000,5277.3976488617,3518.2736653959,939.0835389281,505.1155453341,314.9248992036
5706,1.8300000000,266.8534413232,177.9084132275,1095.6242774865,20.9305476156,-1027.6097970064
5707,240.0200000000,28310.9273253245,18873.7312309791,930.4637478382,2744.2917740674,5762.4405724398
5708,33.0100000000,2878.4886373182,1918.9328867045,756.3829978112,377.5558309226,-174.3830781201
5709,100.0800000000,8696.1946450775,5797.2147625186,754.7330514445,1144.4398541443,999.8069769701
5710,173.7300000000,25246.9628555837,16831.5431734726,1092.7603591096,1986.8896536725,5335.7696693290
5711,160.3000000000,23309.7288320570,15540.2140954088,1093.2784533794,1833.3183653691,4842.9179178996
5712,86.8200000000,7508.2110425013,5005.4895748052,752.5246171233,992.5420904619,757.6547601108
5713,0.9400000000,81.9851589590,54.8686698302,756.4780410728,10.7514942103,-740.1130461543
5714,111.0500000000,13127.2658202457,8751.3131543884,931.8958594654,1269.7841313672,2174.2726750247
5715,33.4300000000,2910.2891931709,1940.0776134030,755.6102914559,382.3221156640,-167.7208273520
5716,17.0500000000,2033.5210827674,1356.0410867004,937.7632772109,195.0100871842,-455.2933683280
5717,15.0000000000,2188.0850804064,1458.6399034136,1095.9158827522,171.5631265550,-538.0338323143
5718,28.7100000000,3409.3714644045,2272.8119530116,934.9012987172,328.3261426368,-126.6679299612
5719,128.3700000000,18696.1085464289,12463.8359451068,1094.5951237908,1468.1887890430,3669.4886884882
5720,2.0600000000,246.0080360212,163.6702224417,938.6129255746,23.5623464291,-879.8374584242
5721,2.9500000000,257.4407764852,171.7798740762,756.7447129152,33.7425541981,-704.8263647043
5722,356.9300000000,51242.1796308367,34161.0699803002,1082.6437912211,4081.1332974943,11917.3325618210
5723,121.7500000000,17653.8497731393,11769.2174299032,1090.9087661794,1392.3510110363,3401.3725660205
5724,62.9400000000,7518.0234779463,5011.9918471670,938.7575205857,719.9150420461,847.3590681476
5725,30.4900000000,2661.3879244575,1774.3302088415,756.8474066171,348.7539170570,-218.5436080581
5726,89.6200000000,13088.1124744599,8725.1550211546,1096.8788562489,1025.0576505159,2241.0209465405
5727,51.2000000000,7479.0179908111,4986.4643008988,1097.0767788299,585.6194950535,809.8574160290
5728,173.0900000000,15033.8792076633,10022.6556798130,754.5370947577,1979.2797502224,2277.4066828701
5729,77.0500000000,9196.3901709927,6130.6147613406,938.2513041608,881.2842219622,1246.2398835291
5730,192.6300000000,16672.1497554958,11114.9941795352,752.8992265782,2202.2805896094,2601.9757597730
5731,15.7800000000,1883.9925719050,1255.7652334042,938.4454697809,180.4906137526,-490.7087450326
5732,29.7500000000,2596.7953674192,1731.1197319139,756.8474066171,340.2895714151,-231.4613425268
5733,83.0200000000,12047.6702710423,8032.0441478475,1091.5804976578,949.4441013182,1974.6015242188
5734,334.8100000000,47878.0138826070,31918.8881271519,1079.4039103234,3827.9388411664,11051.7830039653
5735,62.7800000000,9117.2111737783,6077.8406217236,1092.1959456200,717.9833210107,1229.1912854240
5736,54.7300000000,6539.6592650500,4359.6344978550,938.9903837852,626.0154977236,615.0188856862
5737,105.5000000000,12566.2939413364,8377.5289830635,936.8966040123,1206.6088618982,2045.2594923624
5738,231.2600000000,27428.0984811070,18285.2079928044,934.0736028865,2644.5745614417,5564.2423239743
5739,6.6700000000,973.2815806294,648.4276861428,1096.1853728800,76.2889243336,-847.6204027271
5740,12.0200000000,1754.4715513643,1169.8835350137,1096.4346045105,137.4810623832,-649.3276505432
5741,32.9600000000,3938.6605036548,2625.4839772705,939.0386843848,377.0056823281,-2.8678403287
5742,8.0500000000,1176.3964437674,784.1631500806,1097.4304909789,92.0757822509,-797.2729795430
5743,290.9900000000,25203.7076182554,16802.2648906215,753.2396180813,3326.9374373257,4321.2656722270
5744,78.1000000000,9299.5478783501,6199.5250646839,936.6776962357,893.2240953960,1270.1210220345
5745,46.0800000000,4021.5159332290,2680.9800335440,756.7683859227,527.0717448078,56.6957689545
5746,263.3300000000,38112.6910211924,25408.2364581133,1089.3723944003,3011.3724681866,8603.7097004922
5747,18.4900000000,1613.8802576835,1076.0080249237,756.8298005211,211.4937823497,-430.4513501111
5748,51.2700000000,4471.2418374412,2980.7203247018,756.4322921394,586.4104882185,147.6787323815
5749,94.9200000000,11265.1767459421,7510.2671571546,934.5057179604,1085.4800997997,1734.9237710274
5750,14.2000000000,1695.5769328207,1130.4860358654,938.5322790142,162.4193922935,-535.8607743524
5751,0.8200000000,119.8752155589,79.8923897218,1097.7350963539,9.3792221788,-1067.1314926955
5752,48.2900000000,7061.6915309221,4708.0148812744,1097.9977895315,552.3484549920,703.3304051241
5753,140.3400000000,20023.0176402006,13348.8970829556,1077.5309870471,1604.4648182826,3992.1247519154
5754,149.9100000000,21674.1068523953,14449.1927424044,1088.4939688877,1714.2963439666,4422.1237971366
5755,70.0300000000,10208.0323852474,6805.0882146886,1095.3085042616,800.9588228560,1506.6768434412
5756,273.2300000000,39407.9311426687,26272.2925558291,1086.4759890134,3124.3781047621,8924.7844930642
5757,25.3100000000,2207.8813253694,1471.6925625501,756.5599770292,289.4927621055,-309.8639763154
5758,42.5800000000,6209.0817112247,4139.3357477601,1095.6242774865,487.0069494385,487.1147365396
5759,19.1000000000,1660.2850946602,1107.0123698059,754.9124345824,218.4181186696,-420.0578283978
5760,33.8300000000,2948.0258642445,1965.3590369991,756.0716187804,386.9192703383,-160.3240618733
5761,1.5100000000,220.0175312090,146.4152129720,1094.9662915433,17.2702770765,-1038.6342503827
5762,32.3800000000,4708.4779761822,3138.7479621901,1093.2784533794,370.3234477271,106.1281128855
5763,9.6000000000,1397.4931909279,931.5271242290,1094.1922130533,109.7956879073,-738.0218342617
5764,40.2400000000,5886.0894864428,3924.3927016143,1098.2245360874,460.2740261070,403.1982226341
5765,12.6200000000,1100.8874881929,733.9047343588,756.5599770292,144.3460552261,-533.9232784211
5766,45.9400000000,4007.5096044042,2671.5685568192,756.5599770292,525.4562422414,53.9248283145
5767,140.5900000000,20475.8580707521,13650.8679398789,1094.5951237908,1607.9509375365,4122.4440695459
5768,22.6100000000,1968.7959005109,1312.4226302581,755.7180513530,258.5827149573,-357.9274960575
5769,379.8200000000,54190.8405308609,36126.7770260940,1077.5309870471,4342.3673028367,12644.1652148830
5770,32.2300000000,2810.7689569091,1873.9735769205,756.4322921394,368.6368253420,-188.2737374927
5771,109.6200000000,12895.7074252335,8597.1703956624,928.7304688664,1253.2523398898,2116.5542208149
5772,29.0700000000,2537.0110281894,1691.4986893353,756.7683859227,332.5081515096,-243.7641985782
5773,26.9300000000,3189.1719045927,2126.4280452314,933.0839460749,307.9438654659,-178.2839521794
5774,23.1600000000,2021.5724608211,1347.6267491810,756.8474066171,264.9111419823,-347.8128369593
5775,71.6800000000,10459.4938080230,6973.2551165526,1096.1853728800,819.8485901403,1570.2047284501
5776,136.4800000000,19886.0878539138,13257.2320109213,1094.9662915433,1560.9585532425,3972.9309982067
5777,30.3100000000,2645.5765608647,1763.7657315760,756.8298005211,346.6942424565,-221.7132136890
5778,77.8000000000,6781.6953129894,4521.3512090889,756.2106627622,889.8271657603,614.3062753779
5779,98.3300000000,14269.4220398891,9513.2782634246,1091.5804976578,1124.5343108001,2540.0289680067
5780,42.7700000000,6250.2454534075,4166.3617872967,1097.4304909789,489.2026343939,497.2505407380
5781,53.3200000000,6371.6437516648,4247.7342396491,939.0386843848,609.8890467760,574.9817808549
5782,4.8600000000,424.2000028308,282.8680890263,756.8298005211,55.5900368967,-671.0879236133
5783,2.3700000000,343.9289152297,229.4869756528,1091.5804976578,27.1041016637,-1004.2426597446
5784,25.0700000000,2977.1139885970,1984.7090293904,934.9012987172,286.6992823373,-229.1956218480
5785,12.5400000000,1094.0744883579,729.1695739058,756.6307199789,143.4323365747,-535.1581421015
5786,136.3500000000,19753.4550986931,13169.2809956800,1090.1749041379,1559.2918686357,3934.7073302394
5787,54.5400000000,4758.0916679429,3172.3491329801,756.5966414806,623.8249730080,205.3209204742
5788,38.6000000000,3369.1605163107,2246.3054128562,756.8298005211,441.5175769984,-75.4922740651
5789,2.0200000000,176.0547998291,117.6501991565,756.1438402539,23.1032845659,-720.8425241471
5790,36.7500000000,5370.5055041554,3580.2196347112,1097.4304909789,420.3459624497,272.5094160155
5791,7.2300000000,863.9719490723,576.3257511082,939.0386843848,82.6987585932,-734.0912450139
5792,46.3100000000,5532.1531220742,3688.0935895986,938.8222665727,529.7009101404,375.5363557625
5793,195.5400000000,23064.4060044744,15376.4548466782,930.4637478382,2235.7254124704,4521.7619974876
5794,101.0700000000,14743.3172717785,9828.9888876175,1095.9158827522,1155.9923467274,2662.4201546814
5795,153.9100000000,13355.0881636475,8903.5611081250,754.0882497416,1759.8602040408,1937.5786017401
5796,55.5100000000,6607.3263596548,4404.9133566770,936.4401288793,634.8565343833,631.1163397153
5797,112.5400000000,9801.6573747217,6534.7253608424,755.8173576902,1287.0969983696,1224.0176578195
5798,21.7000000000,1889.1198172841,1259.4858699915,755.6102914559,248.1719985016,-374.1483426649
5799,98.1900000000,14259.6203433146,9506.3661006447,1092.1959456200,1122.9497019758,2538.1085950741
5800,24.4300000000,2897.4679836264,1931.5360555779,934.0736028865,279.3693528324,-247.5110276705
5801,47.4500000000,6935.4690322036,4623.4567457716,1097.5884505866,542.7346301259,671.6892057194
5802,41.3400000000,6017.9550534333,4011.5764865990,1094.1922130533,472.8076810509,439.3786727301
5803,14.4800000000,1730.2076769217,1153.7618570081,938.9903837852,165.6258799020,-528.1704437736
5804,11.6000000000,1009.5985810802,673.2704942640,755.4932545847,132.6614258647,-551.8265936332
5805,33.2700000000,4856.1787449159,3237.3501270639,1096.4346045105,380.5320254151,141.8619879264
5806,11.7900000000,1717.1233135655,1144.6379949588,1094.5951237908,134.8441678182,-656.9539730023
5807,25.4500000000,2221.3765580339,1480.8976425497,756.8298005211,291.1042055598,-307.4550905968
5808,12.4800000000,1799.9889494584,1200.0923760070,1086.4759890134,142.7084827707,-629.2878983327
5809,34.7400000000,3027.3254071491,2018.4768488098,756.0716187804,397.3270899069,-144.5501503482
5810,123.3900000000,14697.2038807725,9797.7980244183,936.8966040123,1411.2177011338,2551.2915512081
5811,171.2100000000,20319.3311280315,13545.9156487491,934.5057179604,1957.9124303278,3880.9973309941
5812,144.4700000000,17196.1887800276,11464.3666046147,936.4401288793,1652.2738879905,3143.1081585432
5813,101.8500000000,8862.0302022874,5908.0356786292,755.3660261078,1164.7716671379,1033.8568304125
5814,12.3400000000,1076.2732569725,717.5133747029,756.4780410728,141.1419559101,-538.8601147133
5815,210.3300000000,18259.9775660822,12173.4480827217,754.3228133681,2405.0549853401,2927.1516846524
5816,95.4000000000,8268.4564265188,5512.5419803648,753.5492527343,1090.7650831015,911.6001103181
5817,168.2700000000,14608.5029479611,9738.7584661774,754.3228133681,1924.1125963161,2191.3090720995
5818,372.5800000000,53279.1446264500,35519.4944097879,1079.4039103234,4259.7695810812,12420.4767252575
5819,1.3600000000,118.4722921392,78.9352483791,755.9089524359,15.5542224038,-731.9261310796
5820,105.8800000000,15365.0605673086,10243.4640950471,1091.5804976578,1210.8786009103,2819.1373736935
5821,98.7500000000,8605.3075404712,5736.7236755648,756.0716187804,1129.4199806653,983.0922654607
5822,107.1000000000,12731.7628431521,8488.2273498563,935.5962830805,1224.8309232857,2083.1082869295
5823,19.4900000000,1701.1642088833,1134.2455726644,756.8298005211,222.9320615466,-412.8432258489
5824,16.6100000000,2422.9395457034,1615.7242007043,1095.9158827522,189.9775688052,-478.6781065583
5825,96.1700000000,13919.0274389856,9279.3050747331,1089.3723944003,1099.7747703091,2450.5751995430
5826,66.5100000000,9719.5189409898,6479.2470380394,1097.4304909789,760.7404071437,1382.1010048279
5827,83.9300000000,9986.2391523095,6657.5947181029,936.1820858981,959.8782514979,1432.5840968105
5828,21.6600000000,3162.4222223194,2108.0672572039,1096.6652581846,247.7418772295,-290.0521702987
5829,30.6900000000,4489.1671555400,2992.9703831932,1098.2245360874,351.0390124559,46.9332238036
5830,45.6100000000,3975.1779307949,2649.9306762384,756.1438402539,521.6538658660,47.4495484365
5831,10.5700000000,922.3190488490,614.6625798678,756.6918581469,120.9004614996,-569.9358506653
5832,116.6400000000,10102.6167792478,6735.1602636850,753.2396180813,1333.5646678225,1280.6522296591
5833,79.2900000000,6907.1088556755,4604.5561554474,755.9089524359,906.8340399993,639.8097077929
5834,77.7800000000,11368.6149910388,7579.4372881501,1097.5884505866,889.6501481811,1801.9391041210
5835,33.2800000000,3976.6099093891,2651.0100683926,938.9903837852,380.6650057416,5.9444514696
5836,2.4000000000,209.3605365818,139.7913779731,756.5599770292,27.4509138306,-714.4417322511
5837,38.7600000000,3380.5795332458,2253.8361299492,756.4780410728,443.3275697792,-73.0622075553
5838,172.0000000000,24596.0944649455,16397.3556384911,1079.4039103234,1966.5048256642,5152.8300904668
5839,23.9100000000,3492.6429718807,2328.1749697576,1097.0767788299,273.4797290377,-206.0885057444
5840,65.7100000000,5727.8303215492,3818.3849433648,756.2106627622,751.5493966852,401.6853187370
5841,71.4000000000,10432.0072264221,6954.7300221449,1097.2602780930,816.6685565231,1563.3483696612
5842,75.7900000000,10945.0932902578,7297.0692482054,1087.5315179624,866.6776233573,1693.8149007327
5843,33.2700000000,2900.0900136652,1933.1572307412,756.2106627622,380.5212057178,-169.7990855560
5844,81.3600000000,11786.8801380980,7858.3118350134,1090.1749041379,930.4289433972,1907.9644555495
5845,6.0800000000,889.2337750598,592.8680494185,1098.1153248667,69.5441885510,-871.2937877765
5846,68.6400000000,8189.8125294022,5459.6722497203,938.0257820855,785.0832048238,1007.0312927725
5847,28.0900000000,4091.0936283336,2727.3473213216,1094.5951237908,321.2699469052,-52.1187636839
5848,3.5000000000,511.8944428798,341.5435502085,1098.1153248667,40.0336611725,-967.7980933678
5849,45.0000000000,5371.8435082355,3581.0582591185,938.3519954833,514.7046343244,337.7286193093
5850,26.4800000000,3164.0814423264,2109.3585095682,938.9903837852,302.8848963954,-187.1523474224
5851,49.6700000000,4334.1142058967,2889.5822368785,756.6918581469,568.1292263656,119.7108845057
5852,227.0500000000,26888.2837333005,17925.7884213003,933.0839460749,2596.3109786123,5433.1003873130
5853,133.6000000000,19402.0295128509,12934.8915795657,1092.1959456200,1527.9160829409,3847.0259047243
5854,445.0000000000,63766.6017465601,42511.5028324022,1081.1023166841,5087.9503352220,15086.0462622518
5855,122.4400000000,14531.2709731685,9687.9016981560,934.5057179604,1400.1915657341,2508.6719913179
5856,7.4600000000,890.5322793653,593.7505921855,938.3519954833,85.3265904902,-726.8968987937
5857,15.1400000000,1321.3675749921,880.6356123430,756.7903865069,173.1746708564,-489.2330947142
5858,55.9800000000,8109.9993870542,5407.0952993212,1090.1749041379,640.1845163640,972.5446672311
5859,7.0100000000,610.2640515743,406.7904673264,755.6102914559,80.1698483639,-632.3065555720
5860,37.8400000000,5511.1065466766,3674.1466504850,1094.5951237908,432.7822994266,309.5824729742
5861,188.6100000000,27324.5263378401,18215.9032750464,1090.1749041379,2156.9346486497,5861.5135100061
5862,167.9200000000,19951.8174149829,13301.4136434819,935.2637903541,1920.3579611762,3794.7820199707
5863,88.4600000000,10456.8927011160,6971.3850551908,931.8958594654,1011.4822535862,1542.1295328737
5864,78.6500000000,6857.5390754914,4571.4164191975,756.3298557505,899.5626602366,630.2301403069
5865,12.8400000000,1532.5327682745,1021.7691268901,938.2513041608,146.8616406229,-574.3493033994
5866,226.1400000000,26820.8518140514,17880.5052002072,934.0736028865,2586.0247830339,5420.2482279238
5867,10.5600000000,1260.9360852526,840.7634839602,938.5322790142,120.7851255366,-639.1448032584
5868,403.5900000000,47405.5639544975,31604.0827978924,927.7291392802,4613.9145621921,10259.8374551328
5869,6.3200000000,551.2193666180,367.1980211715,756.4780410728,72.2866419248,-644.7433375511
5870,56.4000000000,6719.9583790042,4480.2044932840,937.0984891794,645.0560699698,657.5993265710
5871,8.1000000000,1174.5066378844,783.1228327882,1090.9087661794,92.6327982702,-792.1577593533
5872,179.9200000000,21306.9368390021,14204.5393421454,933.0839460749,2057.3806266105,4111.9329241712
5873,7.8500000000,938.1243556061,625.7471419020,939.0835389281,89.7906936339,-716.4970188579
5874,4.1400000000,361.2016253430,240.6618790724,756.6307199789,47.3532594433,-683.4442331515
5875,152.6000000000,13273.8742488451,8849.5385347739,755.2275891446,1745.1260664012,1923.9820585253
5876,103.4400000000,9012.4963353626,6008.4581534882,755.9935047728,1183.0485372014,1064.9961399001
5877,46.6200000000,4068.8346331660,2712.3576860166,756.7903865069,533.2498781587,66.4366824838
5878,376.1500000000,53900.6904426260,35933.4071309673,1081.1023166841,4300.7472327950,12585.4337621796
5879,83.3100000000,7260.9531553282,4840.4653367231,756.1438402539,952.8389292983,711.5050490529
5880,13.8600000000,1209.1520080251,806.1498973220,756.5966414806,158.5297786192,-512.1243093967
5881,53.4300000000,4660.4952031639,3107.0226259397,756.5205193927,611.1228550219,185.8292028096
5882,11.5000000000,1681.9388837479,1121.2939195525,1098.1153248667,131.5391724238,-669.0095330950
5883,55.9600000000,8137.3201836676,5424.5752824808,1093.2784533794,640.0030924894,979.4633553179
5884,23.9700000000,2090.9883591112,1394.0306858984,756.5599770292,274.1660018834,-333.7683056998
5885,0.9600000000,83.7855265517,55.7735887817,756.7903865069,10.9806924717,-739.7591412087
5886,56.8400000000,4957.4855693936,3304.7821905435,756.4780410728,650.1222669311,246.1030708462
5887,30.8000000000,4504.6710973423,3003.0055546635,1098.1153248667,352.2962183177,51.2539994944
5888,194.9700000000,28188.9174372058,18792.3026996589,1088.4939688877,2229.5801359694,6078.5406326898
5889,31.9300000000,2784.6060438755,1856.3361785495,756.4322921394,365.2055176286,-193.3679444419
5890,28.1400000000,2455.4454148164,1636.8731746480,756.6918581469,321.8674537936,-259.9870717720
5891,9.1000000000,794.2839559178,529.6843627846,756.8298005211,104.0883406913,-596.3185480793
5892,4.6800000000,683.7786249251,455.9119799976,1097.2602780930,53.5295356376,-922.9231688031
5893,28.2700000000,2466.6334482468,1644.2942719952,756.6624014288,323.3531716261,-257.6763968033
5894,114.7700000000,9972.6444785726,6648.3931205075,754.7330514445,1312.4236816561,1257.0946249645
5895,137.8800000000,16373.5331770145,10915.8996616473,934.9012987172,1576.7888731023,2945.9433435478
5896,31.0100000000,2703.7798694341,1802.4718016498,756.3298557505,354.6781702980,-209.6999582641
5897,273.4800000000,23650.6053432762,15767.2921606364,752.5246171233,3126.4732884073,4004.3152771092
5898,497.8100000000,70846.2536836360,47230.3629431206,1075.4639149027,5691.0548036494,16849.3720219634
5899,63.1700000000,9204.3095672020,6136.1284709184,1094.9662915433,722.4923198149,1250.7224849255
5900,56.2600000000,8231.3279453947,5487.9756541401,1098.4202960231,643.5175876147,1001.4144076169
5901,56.2400000000,8182.6954731113,5455.1925872415,1093.7544670621,643.2128441110,990.5355746967
5902,15.7800000000,1885.0653480097,1256.9724519372,938.8222665727,180.4940695750,-491.2234400751
5903,42.1000000000,6157.3588700685,4104.9668204305,1098.1153248667,481.5477529602,472.7289718111
5904,20.8300000000,2487.5472768547,1658.5249207423,938.6129255746,238.2542117075,-347.8447811698
5905,76.6100000000,6677.9650119295,4452.1196829191,756.2106627622,876.2166988290,593.4179674192
5906,61.9500000000,7336.3980501122,4890.7845040321,933.0839460749,708.3966752919,804.1329247132
5907,45.0400000000,6525.0870381015,4349.7077741206,1090.1749041379,515.0752164529,570.1291433901
5908,97.7500000000,8515.1959975064,5676.7599459301,755.9089524359,1117.9597352748,964.5673638657
5909,30.1100000000,3589.4988495961,2393.3505362107,937.4569555241,344.3791254633,-85.6877676021
5910,97.3600000000,8448.1280203542,5632.2846626478,754.0882497416,1113.2479336327,948.5071743321
5911,188.2500000000,27071.6829927903,18048.1610206237,1084.0440787886,2152.5156481754,5786.9622452027
5912,10.9800000000,1310.3154087355,873.4813956722,938.1427889439,125.5866025845,-626.8953784651
5913,22.9400000000,3308.6335336999,2205.5751775264,1086.4759890134,262.3183168878,-245.7359497277
5914,240.5000000000,28456.5355572221,18970.6324294786,932.5173167244,2750.0391003389,5803.3467106802
5915,22.3000000000,1944.7765354971,1296.3487802697,756.4322921394,255.0605400287,-363.0650769407
5916,16.9300000000,2023.1044395290,1349.0291655569,939.0386843848,193.6500668027,-458.6134772154
5917,244.3800000000,21151.1185030788,14100.8245050603,752.8992265782,2793.9227040894,3503.4720673509
5918,21.7400000000,1894.4747942263,1263.0235252787,756.0716187804,248.6439532118,-373.2643030446
5919,13.4800000000,1174.2694838505,782.7745464261,755.9089524359,154.1697926497,-518.5838076611
5920,100.2600000000,8689.6796784358,5793.1204643954,753.5492527343,1146.3323609199,996.6776003861
5921,59.4300000000,5143.6736747605,3428.8890189901,752.8992265782,679.4452340782,282.4401951140
5922,20.7900000000,1813.7280120377,1209.2248459830,756.5966414806,237.7946679288,-389.8881433548
5923,56.6300000000,4933.1513998853,3288.9686824624,755.9089524359,647.6732461239,240.6005188631
5924,27.4800000000,4018.5397239540,2678.8135882073,1097.9977895315,314.3204709708,-72.5921247557
5925,27.3900000000,2390.5058044276,1593.9504583409,756.7903865069,313.2928820843,-273.5279225044
5926,24.0700000000,3515.1848611945,2343.1189555243,1096.8788562489,275.3083870556,-200.1213376342
5927,23.4200000000,3407.5165003604,2271.6637753322,1093.7544670621,267.8528593364,-225.7546013704
5928,244.4900000000,34882.6249312574,23254.6262675297,1077.5309870471,2795.1803008545,7755.2873758261
5929,98.5400000000,8568.7042851758,5712.4082592788,755.0768121019,1126.8774655949,974.3417482002
5930,417.6800000000,49135.9156848343,32757.5978712194,928.7304688664,4775.2092439809,10674.3781007675
5931,83.0800000000,12110.2860283643,8073.1950591232,1095.3085042616,950.2164644134,1991.5660005660
5932,84.9600000000,12329.1985813991,8219.8062188361,1091.5804976578,971.6305811611,2046.1812837441
5933,40.9400000000,5986.8637663274,3991.4322464289,1097.9977895315,468.2780233459,429.1557070210
5934,349.9200000000,49799.1625097485,33199.8272521936,1075.4639149027,4000.3493238244,11523.5220188279
5935,60.4200000000,8827.7573756362,5885.4091963324,1097.2602780930,691.0800306040,1154.0078706069
5936,2.7200000000,324.6980964978,216.4715700676,938.3519954833,31.1110356747,-861.2365047279
5937,184.0100000000,26681.6007947052,17788.0757733327,1090.9087661794,2104.3655814438,5698.2506737493
5938,153.8500000000,18270.0034760928,12180.3513819847,934.9012987172,1759.4210046909,3395.3297907000
5939,93.4000000000,8129.0092649044,5419.4118797545,755.4932545847,1068.1532048076,885.9509257576
5940,37.3100000000,5431.2990576584,3620.9360796643,1094.1922130533,426.7163662315,289.4543987093
5941,17.1300000000,2046.6941185368,1364.5488492122,938.9383947274,195.9367312926,-452.7298566953
5942,20.9000000000,2495.9067732243,1663.9805948237,938.6129255746,239.0548739648,-345.7416211388
5943,80.1700000000,9485.9062603846,6323.5441431595,932.5173167244,916.7178156930,1313.1269848076
5944,2.0400000000,178.0268420440,118.6842766344,756.7447129152,23.3338340895,-720.7359815952
5945,22.3100000000,1946.8443044746,1297.6396182277,756.7192474217,255.1843754059,-362.6989365806
5946,28.1600000000,3349.1356138400,2232.3856392541,935.9015508839,322.0517731708,-141.2033494688
5947,66.3000000000,7877.5934648247,5251.7392450643,935.2637903541,758.2166080633,932.3738213431
5948,42.3400000000,3690.7066780459,2460.3819300342,756.2106627622,484.2581259420,-10.1440406926
5949,9.8200000000,1419.7833986427,946.5752470939,1088.4939688877,112.2966453055,-727.5824626445
5950,25.8500000000,3082.3940004723,2055.1376812903,937.6160751321,295.6582818925,-206.0180378426
5951,38.7900000000,5663.4514313837,3775.3568151743,1096.6652581846,443.6707025731,347.7586554516
5952,15.1300000000,2208.4155218088,1472.4396216552,1096.4346045105,173.0522856787,-533.5109900357
5953,12.0900000000,1436.5023377033,957.5820845701,935.2637903541,138.2630285292,-594.6065657501
5954,31.3600000000,2736.2442496293,1824.3012238767,756.6624014288,358.6966912697,-203.4160669460
5955,16.3500000000,1926.0913044452,1284.0287376649,929.6388554362,186.9322901140,-474.5085787699
5956,129.2000000000,15220.2444363495,10146.9588049614,929.6388554362,1477.1652527663,2666.4815231856
5957,88.9000000000,10497.9760220220,6998.4808772315,931.2135751301,1016.4815234002,1551.8000462602
5958,35.1200000000,3058.7720543827,2039.0570082288,755.8173576902,401.6602681957,-137.7625797320
5959,20.1700000000,1759.0198529586,1172.8869916726,756.4322921394,230.6982552636,-400.9976861170
5960,4.8300000000,576.9876825657,384.8869135777,938.8222665727,55.2462836532,-801.9677812378
5961,109.7900000000,12978.3207060313,8652.4282599886,931.8958594654,1255.3768553157,2138.6197312617
5962,29.3200000000,4272.1284867875,2848.4414160012,1094.9662915433,335.3407442927,-6.6199650497
5963,74.5700000000,6498.2054004348,4332.0526521241,756.0716187804,852.8693464122,557.2117831181
5964,4.8700000000,711.2152170344,474.0941077325,1096.8788562489,55.7021954699,-915.4599424170
5965,92.2700000000,13431.9475757207,8954.6800974271,1094.1922130533,1055.2966795009,2327.7785857394
5966,70.5900000000,10300.4417955963,6866.9554958734,1096.1853728800,807.3815845146,1529.9193423283
5967,0.8600000000,75.0420418174,50.1083624892,756.6918581469,9.8367452119,-741.5949240306
5968,138.6000000000,12038.2209150277,8025.5213377101,754.5370947577,1584.8874769243,1673.2750056355
5969,30.4800000000,3615.0153148151,2409.8211741020,934.0736028865,348.5541495838,-77.4336117572
5970,330.8500000000,28635.1074422769,19090.0506619054,752.8992265782,3782.5080884196,5009.6494653737
5971,42.2100000000,3683.1681222247,2455.3097619719,756.6918581469,482.8011806904,-11.6346785846
5972,98.8200000000,14392.3770862204,9595.1752910743,1094.5951237908,1130.2205821705,2572.3860891847
5973,72.0300000000,10528.1735382428,7018.5589288270,1097.5884505866,823.8814627602,1588.1446960690
5974,1.2200000000,106.4612304554,71.0151034851,756.7192474217,13.9545019272,-735.2276223786
5975,458.9000000000,65473.5841177717,43648.7745887118,1077.5309870471,5246.4650499494,15500.8134920634
5976,209.1200000000,30234.7356745575,20156.4846734119,1088.4939688877,2391.3925118425,6598.3645204155
5977,9.9300000000,866.7622856629,577.9401289073,756.8474066171,113.5823678706,-581.6076177321
5978,15.9200000000,1902.5400944266,1268.0703670331,939.0835389281,182.0978143505,-486.7116258851
5979,121.7300000000,17678.2114715519,11785.5563337911,1092.1959456200,1392.1648561107,3408.2943360302
5980,52.8400000000,4600.0502831932,3066.5742921531,755.6102914559,604.3045346003,173.5611649839
5981,108.6100000000,12904.7575597981,8603.2765410597,935.2637903541,1242.0800271757,2124.1372012085
5982,46.6600000000,4067.8129379876,2712.1305725541,756.2725330342,533.6717769093,65.7380554900
5983,36.2500000000,3164.1624224856,2109.2114050308,756.8474066171,414.6385534049,-116.5349425672
5984,81.0200000000,11829.1527447979,7886.0879667220,1096.6652581846,926.6872988522,1919.7122210390
5985,16.0100000000,1396.9155113701,931.1898087720,756.6624014288,183.1228962764,-474.0595951072
5986,44.9900000000,6582.4287995611,4388.0649217702,1098.4202960231,514.6081810662,581.3354007016
5987,14.4200000000,1721.8464345968,1147.5285389187,938.5322790142,164.9357490755,-529.1501324115
5988,52.7200000000,7701.0513374133,5134.1470415177,1097.0767788299,603.0050738129,866.8224432528
5989,146.4200000000,12732.1867407696,8488.1559345621,755.0768121019,1674.4205247859,1814.5334693197
5990,12.9900000000,1900.1069192071,1266.7343530527,1098.2245360874,148.5824950082,-613.4344649412
5991,333.5200000000,28866.1962646159,19244.1580335454,752.8992265782,3813.0333917174,5056.1056127749
5992,86.9700000000,7557.0348549399,5038.0556864745,754.7330514445,994.5237221716,769.7223948494
5993,167.9800000000,19922.9092054672,13281.6098297835,934.0736028865,1920.9358939331,3786.2898788641
5994,59.4100000000,7090.9479566344,4727.2989351687,938.2513041608,679.5210334429,745.8766838619
5995,26.3900000000,3146.0270554912,2097.4453790065,937.4569555241,301.8321195940,-190.7073986334
5996,95.3400000000,11258.4593244047,7506.0042996261,931.2135751301,1090.1164054103,1731.1250442381
5997,6.2400000000,544.0692159068,362.4273059617,756.3298557505,71.3702606469,-646.0582064523
5998,196.6300000000,28458.9618938103,18972.1724926299,1089.3723944003,2248.6088498064,6148.8081569737
5999,141.2500000000,16616.6636910622,11077.7768734622,928.7304688664,1614.8685733392,2995.2877753944
6000,108.5400000000,15674.6328766933,10450.1238616275,1087.5315179624,1241.1820720306,2895.7954250727
6001,58.9900000000,6985.8615169672,4656.8774190567,933.0839460749,674.5491505322,721.3510013034
6002,360.8800000000,51358.9442344480,34239.1261922622,1075.4639149027,4125.6460447580,11918.7080825251
6003,28.8400000000,4206.9582479281,2805.0767373338,1095.9158827522,329.8587046564,-23.8930768142
6004,58.4200000000,8314.0920033708,5542.9276803662,1075.4639149027,667.8681055608,1027.8323025411
6005,143.0200000000,12444.2568437030,8296.0141714883,755.3660261078,1635.5978776050,1757.2787685019
6006,23.5400000000,3418.5911282374,2279.1902331464,1092.1959456200,269.2151541349,-222.0102046640
6007,36.1100000000,4294.6479764120,2862.7062903376,935.9015508839,412.9719293039,83.0682058866
6008,41.6500000000,3629.4790790949,2419.8114269358,756.0716187804,476.3578956426,-22.7618622639
6009,90.1800000000,7860.8391172928,5240.2939808522,756.2106627622,1031.4217713144,832.9127023640
6010,39.7900000000,4742.2439739179,3161.4276569873,937.2848285391,455.0889568693,188.4425315222
6011,185.6600000000,22019.8078526434,14679.6740223923,934.0736028865,2123.1155974975,4282.9446298671
6012,17.4900000000,2541.6990752556,1694.0838908365,1092.7603591096,200.0270537197,-445.1722284103
6013,115.2200000000,13719.5122476761,9146.4824017696,936.6776962357,1317.7628715945,2318.5892780763
6014,109.6900000000,15989.1342615706,10659.6308012374,1095.3085042616,1254.5648047847,2979.6301512869
6015,42.8800000000,5114.2160720860,3409.6986862119,937.7632772109,490.4417911118,276.3123175514
6016,47.8500000000,5712.8672094839,3808.7596465985,938.4454697809,547.3051880901,418.3569050145
6017,56.7800000000,6711.9869722967,4474.5414715941,931.8958594654,649.2421700048,656.3074712325
6018,30.5000000000,4447.5573553864,2965.1402204586,1095.6242774865,348.8424602600,37.9503971813
6019,22.2500000000,3252.1430129932,2167.7190644109,1097.5884505866,254.4962174985,-267.6607195028
6020,39.6300000000,5699.0746188806,3799.6128464471,1084.0440787886,453.1431348589,362.2745587861
6021,79.4400000000,11598.4682059583,7732.7739843799,1096.6652581846,908.6156383710,1860.4133250228
6022,28.0300000000,4098.3510024126,2732.0060987045,1097.8712831691,320.6104008349,-52.1367802959
6023,45.6300000000,3978.9589979046,2652.3711775362,756.3829978112,521.8985933050,48.3062292521
6024,24.0600000000,2099.9665981205,1400.0143769961,756.8108245191,275.2043280692,-332.0629314640
6025,154.8700000000,22532.9667126733,15021.7766551900,1093.7544670621,1771.2370762353,4646.1985141860
6026,102.0100000000,8821.8452942358,5881.4502503961,752.5246171233,1166.1969436538,1021.6734830626
6027,50.3800000000,4396.3252379843,2930.9869983848,756.7192474217,576.2523008942,132.3666912836
6028,23.4100000000,2778.3163466341,1851.8466962847,934.5057179604,267.7105892995,-275.7466569106
6029,83.3100000000,9908.2559655187,6605.2351561459,935.9015508839,952.7746172890,1414.3446412000
6030,105.8600000000,15383.8916012899,10255.5831240964,1092.7603591096,1210.6840426971,2824.8640753868
6031,90.4100000000,13183.7265737865,8788.6756134392,1095.6242774865,1034.0605518725,2265.3661309883
6032,8.3500000000,728.2724226678,485.3766946520,756.4780410728,95.5052943152,-609.0876073722
6033,14.8300000000,1771.7402002162,1180.7846422233,938.8824522502,169.6283414822,-517.5552357395
6034,59.2300000000,5165.9371969595,3444.0641985740,756.4780410728,677.4585128489,287.9364444638
6035,29.8500000000,3567.0211175393,2377.8773582759,939.0386843848,341.4326340259,-91.3275591474
6036,0.7600000000,66.2793796851,44.0934959275,756.4322921394,8.6926462073,-742.9390545891
6037,18.0200000000,2630.9717657524,1753.5286730378,1096.6652581846,206.1084315640,-425.3305970341
6038,4.3700000000,522.2424756686,348.0977478130,939.0835389281,49.9853925070,-814.9242035795
6039,77.0700000000,11242.3811431282,7495.1650421558,1095.9158827522,881.4913442395,1769.8088739808
6040,51.1500000000,7416.7919170109,4944.8613156057,1090.9087661794,584.9589668542,796.0628683716
6041,69.2500000000,8266.6702876735,5510.7476837212,938.3519954833,792.0732428214,1025.4973656476
6042,58.7800000000,8589.8860825648,5726.7672475580,1097.4304909789,672.3247802121,1093.3635638157
6043,58.4200000000,8495.0365462805,5663.3930622127,1093.2784533794,668.1376101364,1070.2274205520
6044,179.2400000000,15553.0245107671,10368.5240380561,754.0882497416,2049.4921900608,2380.9200329086
6045,49.0800000000,5841.9668119593,3894.8707574829,936.4401288793,561.3179374443,449.3379881529
6046,498.9900000000,71193.4271931290,47462.7451838420,1077.5309870471,5704.8019073311,16948.3491149088
6047,5.5700000000,812.7703754281,542.1280654637,1096.1853728800,63.7075425095,-889.2506054251
6048,144.4800000000,21021.2631926587,14013.9258252890,1093.7544670621,1652.4073918414,4261.1755084661
6049,21.1300000000,1843.6492664116,1228.8936138069,756.6624014288,241.6856213817,-383.5923702058
6050,1.8000000000,157.0204024364,104.8435334798,756.5599770292,20.5881853730,-724.9712934456
6051,91.8500000000,13356.1983357731,8904.4915014307,1093.2784533794,1050.4696934445,2307.9586875185
6052,12.0900000000,1436.5023377033,957.5820845701,935.2637903541,138.2630285292,-594.6065657501
6053,111.8100000000,16291.4967976707,10861.3467077428,1094.9662915433,1278.8011125297,3056.3826858550
6054,29.0200000000,2532.3810719791,1688.2226873957,756.7192474217,331.9341360053,-244.4949988436
6055,73.2900000000,8708.1270744646,5805.3413877064,935.2637903541,838.1552821261,1129.3666142781
6056,207.3900000000,29984.6109006622,19989.4419827482,1088.4939688877,2371.6090906226,6535.0658584036
6057,25.8800000000,2253.0147866965,1501.9955716668,755.6102914559,295.9765585817,-300.5676350080
6058,44.1400000000,3836.9101611675,2557.9509127553,754.9124345824,504.7631286951,19.2836851347
6059,83.2100000000,7253.2759253708,4835.5558278595,756.2106627622,951.7033221454,709.8061126036
6060,204.8100000000,17771.7861529247,11847.7099090545,754.0882497416,2341.8684191384,2828.1195749902
6061,89.1500000000,10557.5445709039,7038.4768297158,933.0839460749,1019.4279838947,1566.5558112186
6062,41.6500000000,3635.2289614181,2423.6501434759,756.8108245191,476.4031697458,-21.6351763228
6063,348.3700000000,50098.0727978665,33398.5969202699,1084.0440787886,3983.3831413273,11632.0486574808
6064,120.9900000000,17629.0868218422,11753.1484594814,1094.9662915433,1383.7952473389,3397.1768234786
6065,10.4700000000,1529.7355134543,1019.5849734491,1097.2602780930,119.7551790868,-706.8649171746
6066,36.5400000000,3168.8979726768,2112.8172645341,753.8312137160,417.7979174921,-115.5484230654
6067,64.4700000000,9410.2147185070,6272.9961963668,1096.4346045105,737.3880276077,1303.3958900220
6068,4.0300000000,351.2883304800,234.3220885747,756.2106627622,46.0925896917,-685.3370105486
6069,7.3300000000,875.3586912792,583.7571267086,938.6129255746,83.8407763714,-730.8521373755
6070,87.2600000000,7605.2187292515,5070.1633446000,756.1438402539,998.0161441672,780.8954002304
6071,20.3800000000,1774.9935782551,1183.0706191088,755.8173576902,233.0818982297,-396.9762967737
6072,13.3900000000,1597.6338835766,1064.9555753681,938.0257820855,153.1507009410,-558.4981748180
6073,26.5000000000,2313.1118398860,1542.0738953554,756.8474066171,303.1150804201,-288.9245425066
6074,191.1600000000,27443.6305668640,18296.1581076638,1082.6437912211,2185.7211250078,5879.1075429712
6075,12.8100000000,1529.7878356461,1020.2110532198,938.6129255746,146.5211930856,-575.5573362339
6076,120.4000000000,10469.5757655284,6979.5974153864,755.0768121019,1376.8626634628,1358.0388745772
6077,60.6800000000,8861.7123962311,5907.9419578978,1096.8788562489,694.0470679905,1162.8445140939
6078,95.1300000000,11331.1046695671,7554.1846112637,936.8966040123,1088.0066448566,1752.0168094345
6079,305.4400000000,43992.0416102432,29328.3559860543,1085.3172731391,3492.6068308005,10085.7615202493
6080,64.8700000000,7745.9208191606,5163.8784251340,938.5322790142,741.9821111323,901.5280038801
6081,97.8500000000,11661.9395035905,7774.9063889862,937.2848285391,1119.1368290942,1830.6114569709
6082,48.8900000000,7104.8409256288,4736.1485120161,1092.7603591096,559.1379449033,716.7941095998
6083,517.8900000000,73703.9559675745,49135.7443332465,1075.4639149027,5920.6130295936,17572.1346898318
6084,49.9800000000,5965.4196073487,3977.1393230216,938.2513041608,571.6623674714,478.3666126949
6085,28.5900000000,2492.1422750433,1661.5566280751,756.2106627622,326.9943273662,-252.6193431602
6086,36.2300000000,3161.5494913095,2107.8573898076,756.7192474217,414.4029547717,-117.4301006914
6087,59.8900000000,5224.4177232862,3483.1351678297,756.5599770292,685.0146788819,299.7078995454
6088,16.7700000000,2003.5120133260,1336.0272445873,938.8824522502,191.8184279606,-463.2161114721
6089,57.1100000000,4979.4539936594,3319.8341226096,756.3298557505,653.1980105036,250.0920047957
6090,100.7700000000,11899.6742827802,7933.3924448006,931.2135751301,1152.2029596518,1882.8653031977
6091,11.5600000000,1380.3429115076,920.2951648754,938.5322790142,132.2231109094,-610.7076432913
6092,108.8700000000,12967.7006767137,8645.1159038985,936.8966040123,1245.1517231740,2140.5364456289
6093,58.3500000000,8514.3898395388,5676.3997442669,1096.1853728800,667.3851176714,1074.4196047205
6094,46.5400000000,5548.1659402259,3698.8144650529,937.4569555241,532.2950680525,379.5994515963
6095,25.6500000000,3051.9127160341,2034.2650527537,936.1820858981,293.3501388171,-211.8845614349
6096,90.0300000000,10642.4830418435,7094.9911731906,931.8958594654,1029.4341769202,1586.1618322673
6097,14.8600000000,1293.9543158599,862.6598187652,755.7180513530,169.9486574200,-494.3722116782
6098,174.7300000000,20654.9046084785,13769.7215451818,931.8958594654,1997.9232892732,3955.3639145580
6099,112.0700000000,9751.2785937197,6500.6081194498,755.3660261078,1281.6490990294,1213.6553491327
6100,207.8500000000,30138.4203313922,20092.6943955381,1090.9087661794,2377.0033482044,6577.8138214703
6101,14.6000000000,2128.1918152879,1418.7730041694,1095.3085042616,166.9855606697,-552.8752538128
6102,14.3600000000,2100.9930553834,1400.9389328079,1098.4202960231,164.2536892668,-562.6198627144
6103,0.9100000000,79.4139344412,53.0955974417,756.7447129152,10.4087201086,-740.8350960243
6104,117.8300000000,10249.4141726174,6832.7107962844,755.2275891446,1347.4980629362,1313.9777242522
6105,19.8700000000,2365.1157407015,1576.4953066002,936.4401288793,227.2491323761,-375.0688271540
6106,338.9600000000,29313.3288984822,19542.2655483020,752.5246171233,3875.0526028907,5143.4861301662
6107,38.7600000000,3382.1273730734,2254.8763120151,756.6918581469,443.3398190846,-72.7806161731
6108,30.2200000000,4412.2068124882,2941.7120361891,1096.6652581846,345.6491011024,28.1804170121
6109,19.1700000000,2804.4229348972,1869.3433138861,1098.3260134850,219.2712788482,-382.5176713221
6110,19.6400000000,2346.1776574722,1563.9075855498,938.8222665727,224.6453438816,-381.1975385319
6111,94.8000000000,13733.9753821496,9156.0147068505,1090.1749041379,1084.1281198875,2403.6576512736
6112,243.6900000000,28743.8125152417,19162.7623371197,930.4637478382,2786.2530723376,5864.3333579462
6113,241.9400000000,20969.2908577772,13979.4103514043,753.5492527343,2766.2442788845,3470.0869747541
6114,23.9200000000,3492.3887145836,2328.4561068207,1096.6652581846,273.5912143735,-206.3238647953
6115,20.1300000000,1756.7060442870,1171.2264141556,756.7447129152,230.2500393247,-401.5151221085
6116,145.1000000000,21132.7050719548,14088.9392712829,1094.5951237908,1659.5325488054,4289.6381280757
6117,40.3300000000,4816.8094390968,3210.9221274422,938.6878670654,461.2975981342,205.9018464550
6118,48.7400000000,4253.8610043009,2835.6466717446,756.7903865069,557.4989073672,103.9250386823
6119,41.6400000000,4975.9048353211,3317.0748786003,939.0386843848,476.2899457568,243.5013265792
6120,71.0900000000,6177.1830267642,4117.8628670271,754.7330514445,812.9319467538,491.6551615388
6121,27.8600000000,2426.9397492637,1618.1725917715,755.9089524359,318.6328207136,-265.7746156573
6122,16.4300000000,1432.7042808585,954.8536239130,756.3829978112,187.9200939733,-466.4524348391
6123,66.6400000000,5804.0025542158,3869.3368483795,755.8173576902,762.1480715421,416.7002766040
6124,37.0400000000,5403.1114252170,3601.7185307366,1095.9158827522,423.6465471731,281.8304645551
6125,48.3800000000,4220.6907754873,2814.0602897259,756.5966414806,553.3672936217,96.6665506591
6126,68.2700000000,9970.1566461881,6646.4347026350,1096.8788562489,780.8601406017,1445.9829467025
6127,29.9700000000,4384.8719965069,2923.4469465619,1098.4202960231,342.8052275296,20.1995263923
6128,18.7400000000,2685.3620600686,1789.9580139959,1081.1023166841,214.2655938923,-399.9638645036
6129,23.3000000000,2033.7926743149,1355.7287136049,756.8474066171,266.5125046713,-345.2959505785
6130,163.7200000000,14220.0398860630,9480.2241301061,754.5370947577,1872.1340383986,2113.1446228006
6131,15.4400000000,1345.2527399265,896.5989368936,755.9935047728,176.5880647176,-483.9277664575
6132,24.7200000000,3610.1109168562,2406.9393161806,1096.8788562489,282.7429716665,-176.4502272398
6133,46.7100000000,5575.9735615485,3717.1261031610,938.3519954833,534.2634104287,386.2320524754
6134,23.3300000000,3406.2470197005,2270.9633634424,1096.6652581846,266.8429360926,-228.2245380191
6135,67.3900000000,8040.6682161482,5360.2763960193,938.0257820855,770.7860893514,971.5799486920
6136,35.9100000000,3122.6118416954,2081.8107564625,755.0768121019,410.6572943933,-124.9330212623
6137,44.8900000000,3913.9851125087,2609.4766029246,756.3298557505,513.4312500702,34.7474037635
6138,233.2300000000,27596.3317588811,18397.8476339026,932.5173167244,2666.9090202580,5599.0577879962
6139,33.1900000000,3960.7803657496,2640.7577078461,938.1427889439,379.6192477031,2.2606212566
6140,18.6300000000,1625.8039545488,1083.7748418987,756.7447129152,213.0928083765,-427.8084086416
6141,214.7700000000,18602.0147949164,12401.2474696422,753.2396180813,2455.5014035343,2992.0263036587
6142,12.0700000000,1442.4408881739,961.4128272931,939.0835389281,138.0603404027,-596.1158184499
6143,129.4700000000,15404.7227814787,10269.9562966291,936.1820858981,1480.7034102399,2717.8809887116
6144,103.9200000000,9050.8995413282,6033.6601574551,755.8173576902,1188.5118186473,1072.9102075356
6145,23.4900000000,2049.6948398734,1366.2880172062,756.6918581469,268.6804011944,-341.9654366741
6146,198.2200000000,17208.6376320488,11472.1516170867,754.3228133681,2266.5810830320,2715.5821185621
6147,33.9400000000,4019.3276807233,2679.2993369915,933.0839460749,388.1030372786,18.8413603783
6148,156.6400000000,13546.2586696314,9030.7374412111,752.5246171233,1790.7370772858,1972.2595340112
6149,9.1900000000,1342.4252995225,894.7836637501,1097.0767788299,105.1141242098,-754.5492672672
6150,67.6300000000,9874.1742795690,6582.9191168141,1096.6652581846,773.5356951539,1421.0542094163
6151,101.7400000000,8859.1461706314,5905.9018361614,755.7180513530,1163.5650340450,1033.9612490720
6152,40.9000000000,3566.0947004145,2377.5231271091,756.3298557505,467.7954584066,-35.5537408516
6153,69.4600000000,6051.8947743067,4034.6952160211,755.9935047728,794.4175502128,466.7885033000
6154,111.5800000000,13294.5559561931,8863.2245073211,937.0984891794,1276.1587994190,2218.0741602736
6155,77.5000000000,9231.1637957684,6154.4991792039,936.8966040123,886.3714388352,1253.3965737171
6156,79.1600000000,11343.2903241746,7562.5726091326,1081.1023166841,905.0834798566,1794.5319185013
6157,19.0600000000,1663.6321098674,1109.2866236327,756.8298005211,218.0136014919,-420.4979157784
6158,55.7300000000,4853.7974541784,3236.0461052095,755.8173576902,637.3726294574,224.5613618213
6159,127.5800000000,11097.5155744931,7398.1765173562,755.2275891446,1458.9985815955,1485.1128863968
6160,24.9600000000,3647.5596566998,2431.6978492397,1097.4304909789,285.4921149046,-167.0607984234
6161,62.6400000000,5438.1447950335,3625.5704072454,754.3228133681,716.2679802297,341.9835941904
6162,24.7400000000,2954.4848597880,1969.4983433815,938.6129255746,282.9769177938,-236.6033269618
6163,6.1000000000,890.6175233679,594.0916815757,1096.6652581846,69.7703347692,-869.9097511615
6164,66.1000000000,9659.6030972700,6439.6428385403,1097.4304909789,756.0508331409,1366.4789346099
6165,25.8000000000,2251.6300146985,1500.8646688915,756.7683859227,295.1052737856,-301.1083139012
6166,89.9100000000,7827.2240908763,5217.8700328218,755.6102914559,1028.2555016259,825.4882649728
6167,183.2200000000,21769.7235991732,14513.3534692659,935.2637903541,2095.3310245755,4225.7753149777
6168,18.6600000000,2703.3331290181,1802.3650997737,1090.1749041379,213.3948387880,-402.6017136816
6169,8.5600000000,746.9300906478,497.7430673930,756.6918581469,97.9099290858,-605.4147639778
6170,132.7200000000,11540.8811926987,7693.6484477962,755.0768121019,1517.7509360032,1574.4049967974
6171,81.4600000000,7050.3728343596,4700.2748350201,752.8992265782,931.3075680298,665.8912047315
6172,58.6700000000,5110.8598380941,3407.3715550311,755.9089524359,671.0045797296,276.5747508976
6173,14.5400000000,1268.8084350991,845.7253233225,756.7192474217,166.3102114927,-499.9463471378
6174,27.4700000000,3280.1055172243,2187.1212251668,938.5322790142,314.2014581903,-159.7494451469
6175,96.3100000000,11486.7105854152,7658.1048653540,937.7632772109,1101.5496479006,1789.2927949495
6176,243.9300000000,34802.7268987755,23201.6544537085,1077.5309870471,2788.7779900504,7734.7634679694
6177,26.8700000000,3208.0405834657,2138.3549493344,938.4454697809,307.3373125179,-176.0971481675
6178,61.7000000000,9014.7737516841,6009.7488272408,1097.2602780930,705.7205873596,1202.0440589907
6179,22.5100000000,1964.8357553145,1309.8175818693,756.8474066171,257.4762437833,-359.3054769552
6180,1.2200000000,145.6144842130,97.0033981225,938.2513041608,13.9541434237,-903.5943614940
6181,109.4800000000,15874.6897179736,10583.3457116810,1090.9087661794,1252.0294758788,2948.4057642344
6182,56.2000000000,4885.2367706755,3256.5509519532,754.9124345824,642.6753020541,231.0980820858
6183,6.6100000000,576.8711006650,384.2939777202,756.7683859227,75.6064286714,-639.7976916493
6184,12.6600000000,1104.9216314003,736.7984623270,756.7903865069,144.8078819710,-533.4750994046
6185,38.4100000000,4561.2663861991,3041.0864160014,934.9012987172,439.2548637646,146.0238077159
6186,57.1800000000,4983.5710169448,3322.2175285611,756.1438402539,653.9830749883,251.2265731414
6187,26.6800000000,3188.4277461873,2125.8826741438,939.0835389281,305.1739753060,-181.7124421906
6188,89.1000000000,7764.3838162631,5176.0356620065,756.0716187804,1019.0513445800,813.2251908962
6189,212.2400000000,30747.8790623148,20498.8990680932,1090.1749041379,2427.1661620773,6731.6389280063
6190,157.0500000000,22407.1178594379,14938.0514975931,1077.5309870471,1795.5051995959,4596.0301752018
6191,68.0100000000,9945.4471115761,6630.0636308131,1097.9977895315,777.9088511909,1439.4768400405
6192,28.9500000000,3458.9489043573,2306.0875551686,938.9383947274,331.1365073508,-117.2135528895
6193,160.3000000000,19012.0392048839,12674.5556408876,934.0736028865,1833.1112263215,3570.2987347883
6194,105.2200000000,9165.9224844770,6110.9038120152,755.9089524359,1203.3935892134,1095.7161308125
6195,112.4500000000,13247.0316321014,8831.6122932071,929.6388554362,1285.6596956159,2200.1207878422
6196,156.4000000000,22258.1990641423,14838.8793109804,1075.4639149027,1787.9933534697,4555.8624847895
6197,39.7300000000,4745.1485002558,3163.7026843916,938.6878670654,454.4347526375,188.3231961613
6198,52.0000000000,6205.5010249768,4137.1870756255,938.1427889439,594.7635095077,535.4076508997
6199,39.8800000000,5834.7912986552,3890.2105902765,1098.4202960231,456.1585743703,390.0018379853
6200,161.1300000000,19134.5184277077,12756.5572292271,934.9012987172,1842.6747252899,3600.3851744736
6201,89.3000000000,10636.6829285435,7091.0534021263,936.8966040123,1021.3286385546,1587.4042838504
6202,361.0300000000,31221.9469324376,20814.4941485650,752.5246171233,4127.3608721431,5527.5672946062
6203,69.2800000000,6039.0212247288,4026.0795218742,756.2106627622,792.3807974791,464.3502426133
6204,247.5200000000,35824.4532775055,23883.2253176975,1089.3723944003,2830.5734755840,8021.2820898237
6205,43.9800000000,6377.1360412539,4251.2382351361,1090.9087661794,502.9617861632,532.0272537752
6206,1.4400000000,125.6517909501,83.5139374820,756.6918581469,16.4708291920,-731.0248338708
6207,7.1500000000,1042.9872216604,695.6590308588,1095.9158827522,81.7784236579,-830.3661156084
6208,33.8400000000,2952.4306767170,1968.3986527112,756.6307199789,387.0614250149,-159.6601209880
6209,71.8600000000,6267.5037476534,4178.4602409170,756.4780410728,821.9174191004,510.6480465632
6210,158.3300000000,23036.3828993192,15357.7269318236,1093.7544670621,1810.8088479392,4774.0926524944
6211,12.1200000000,1057.0852410459,704.8513739729,756.4780410728,138.6256487545,-542.8698227542
6212,13.5200000000,1615.7250048145,1077.4454098974,939.0835389281,154.6458825389,-555.4498265499
6213,64.6400000000,9453.9590822144,6302.4451340362,1098.1153248667,739.3645309109,1314.0340924006
6214,43.7700000000,5168.6885318774,3445.8169204689,931.2135751301,500.4656499351,291.1923863433
6215,39.8800000000,5819.2607849324,3879.9361547892,1096.1853728800,456.1322792243,387.0069780390
6216,19.2800000000,2811.4395348148,1873.9686193298,1095.6242774865,220.5141847152,-378.6675467168
6217,12.7800000000,1115.2858045697,743.3383641841,756.7447129152,146.1796076786,-530.9768802082
6218,152.0300000000,13198.6135566561,8799.2858424021,754.3228133681,1738.4134903307,1906.5914105553
6219,155.3600000000,18468.7831495062,12312.1317500391,935.5962830805,1776.7482002024,3444.3069161842
6220,28.2100000000,3370.5336301181,2246.9571050361,938.9383947274,322.6722235705,-138.0340932159
6221,19.5000000000,2840.0258366859,1893.5986583269,1094.5951237908,223.0247050428,-371.1926504746
6222,282.0000000000,40672.8272233378,27115.6007119421,1086.4759890134,3224.6628318373,9246.0876905450
6223,36.2200000000,3161.1580955228,2107.6545655410,756.7903865069,414.2923763816,-117.5792329067
6224,104.6800000000,12475.9512236674,8317.1279929463,937.2848285391,1197.2533803739,2024.2850218081
6225,243.7000000000,35099.7267562083,23399.5376108830,1085.3172731391,2786.6300571834,7828.2418150029
6226,54.7300000000,4775.6406379852,3183.5512968153,756.6918581469,626.0058900541,209.3915929689
6227,129.8600000000,11283.8512850695,7522.5762989825,754.7330514445,1484.9816093044,1521.5603253382
6228,76.3100000000,9066.9556153963,6044.7369088489,935.2637903541,872.6924488885,1214.2624673048
6229,43.4200000000,5171.8339614486,3447.7545569119,936.8966040123,496.5967467642,290.5860537603
6230,13.0000000000,1132.8506129228,755.4533235312,756.0716187804,148.6831366952,-527.3574660840
6231,402.1800000000,47239.9457648103,31493.3208254699,927.7291392802,4597.7951847727,10221.1006152875
6232,23.5100000000,3411.7167920044,2274.0073041958,1091.5804976578,268.8681139724,-222.7391238216
6233,66.4100000000,9680.3574283062,6453.5338419741,1095.3085042616,759.5555537036,1371.9595283668
6234,41.1100000000,3585.1911827035,2389.8674792727,756.4322921394,470.2035336583,-31.3121223670
6235,37.4500000000,3268.9071095748,2179.4284300382,756.8474066171,428.3645193107,-95.7332463913
6236,94.5400000000,11275.6060507232,7517.0138852349,937.7632772109,1081.3051989671,1739.5236893102
6237,5.1700000000,742.2241579341,494.4907596666,1082.6437912211,59.1137173901,-894.0241103437
6238,133.4300000000,11606.3764156186,7737.4559499993,755.2275891446,1525.8988927911,1587.7939836835
6239,40.7100000000,4864.0348841584,3243.0777649609,938.9383947274,465.6499901296,216.3687343404
6240,102.4000000000,12188.6186133788,8125.9059553437,936.4401288793,1171.1278890443,1955.1446401115
6241,13.8600000000,1208.8450033743,806.1473798133,756.4780410728,158.5273508034,-512.3077683152
6242,5.8800000000,512.9333146255,341.7122572676,756.5599770292,67.2547388851,-652.5936585563
6243,138.7200000000,20193.7766089084,13462.0694082125,1094.1922130533,1586.5476902608,4050.9672973817
6244,31.9200000000,4632.1565291697,3087.6429451466,1091.5804976578,365.0476477244,87.8854386410
6245,16.5600000000,1445.3635438435,963.7573511704,756.8108245191,189.4174427609,-464.6220746069
6246,27.9000000000,2428.8683365082,1619.3389757033,755.6102914559,319.0782837878,-265.1592144389
6247,39.6800000000,3463.5576530821,2309.0598608211,756.8474066171,453.8719392857,-56.2215536418
6248,52.8800000000,4614.4834971142,3076.2451646044,756.7192474217,604.8475917286,176.6714933596
6249,110.8800000000,13174.4730524851,8782.8231819166,935.2637903541,1268.0400829873,2188.3459972272
6250,1.5600000000,135.8680069714,90.4701061671,755.8173576902,17.8414014347,-728.2608583206
6251,10.4900000000,1529.6680871477,1020.0082358377,1095.6242774865,119.9789314140,-705.9433575906
6252,12.2100000000,1065.7771911324,710.2722144982,756.8474066171,139.6617030917,-541.0041330746
6253,68.9400000000,6008.5237129796,4005.7091617558,756.1438402539,788.4853653322,458.1853456377
6254,205.5100000000,17799.9723448492,11866.7109407783,753.2396180813,2349.6302716410,2830.3915143487
6255,111.5300000000,13196.4965101746,8797.9744600481,932.5173167244,1275.3091927684,2190.6955406337
6256,26.0100000000,2260.0721694491,1506.8157418451,754.7330514445,297.4308613738,-298.9074852143
6257,85.6500000000,12489.6159832409,8326.1137390476,1095.6242774865,979.6182531565,2088.2597135503
6258,2.7900000000,242.9429704744,162.2095385712,755.7180513530,31.9082607134,-706.8928801633
6259,55.4200000000,4796.6076906483,3197.7279615301,752.8992265782,633.6001156422,212.3803868978
6260,248.4300000000,29265.9854901108,19510.9732576880,929.6388554362,2840.3418246497,5985.0315523368
6261,418.5200000000,59848.5898573778,39898.6101589399,1079.4039103234,4785.0093002150,14085.5664878996
6262,60.5300000000,7230.1550861152,4820.0002239892,938.7575205857,692.3491816817,779.0481598586
6263,121.7900000000,17451.9874757608,11634.7270909732,1081.1023166841,1392.4976883746,3343.6603797289
6264,104.4200000000,9076.8046902835,6050.9511087447,754.9124345824,1194.0952854179,1076.8458615385
6265,176.8600000000,25684.4531410390,17123.1471362022,1092.1959456200,2022.6589702764,5446.4510889404
6266,46.5300000000,4058.2653684708,2705.4474893210,756.4780410728,532.1989634114,64.1408746656
6267,190.9500000000,22428.9314331656,14952.8662770402,927.7291392802,2182.9752611576,4365.3607556876
6268,89.3600000000,13014.6004495512,8676.6386284531,1094.5951237908,1022.0250073139,2221.3416899934
6269,150.6400000000,21928.9973209773,14618.9659979808,1094.1922130533,1722.8773360791,4492.9617738640
6270,212.7400000000,25121.9282218781,16748.2729390234,931.2135751301,2432.4665836689,5009.9751240557
6271,82.8800000000,12051.8423306356,8034.5124466933,1093.2784533794,947.8816351952,1976.1697953677
6272,10.3500000000,903.0653056015,602.3309543730,756.6624014288,118.3836337577,-574.3116839580
6273,193.6800000000,22999.8977786783,15333.4778238388,934.9012987172,2214.9149183525,4516.6037377698
6274,46.8100000000,4083.4027989151,2722.0487766428,756.5599770292,535.4071985050,69.3868467382
6275,136.8000000000,16262.4197660431,10841.3992884304,935.5962830805,1564.4899188188,2920.9342757134
6276,78.4600000000,11452.2327720500,7634.4985862535,1096.4346045105,897.4013439755,1823.8982373104
6277,55.1400000000,4808.7434155745,3205.5971539322,756.4322921394,630.6743577212,216.0396117817
6278,158.7100000000,18867.0222300343,12578.2642907112,935.5962830805,1815.0599050857,3538.1017511569
6279,30.2900000000,3617.2735005246,2411.4079439740,938.6129255746,346.4579967653,-79.2053657893
6280,16.4200000000,1956.9652186914,1305.0079281750,937.2848285391,187.7999666196,-473.1275046423
6281,12.0600000000,1764.6671073407,1176.1939869987,1098.5078760990,137.9459573535,-647.9807131105
6282,19.3400000000,1683.2445308699,1122.1174904400,755.4932545847,221.1786186400,-415.5448327948
6283,310.8200000000,26901.5085241302,17934.2453746054,752.8992265782,3553.5111501967,4660.8527727500
6284,5.0600000000,603.6209579338,402.5508994085,937.8995482845,57.8743563910,-794.7038461503
6285,140.3800000000,16709.3582123644,11139.7940414911,936.4401288793,1605.4973932035,3027.6266487905
6286,416.2600000000,59240.3960514058,39493.3597226094,1075.4639149027,4758.7603153153,13912.8120985785
6287,102.6300000000,14953.9067734992,9969.5449560041,1094.9662915433,1173.8069777204,2715.5885482314
6288,15.3000000000,1827.8911033923,1218.4192124933,938.8824522502,175.0042902682,-504.4148516195
6289,63.3200000000,7562.6177456883,5041.9871968497,938.6878670654,724.2589614147,857.6837203586
6290,111.5400000000,16252.1559146068,10834.7257599297,1094.9662915433,1275.7130497412,3046.7508133928
6291,166.7900000000,19817.5537556277,13211.6403230534,935.2637903541,1907.4351140102,3763.2145282100
6292,31.0200000000,4537.9864079557,3025.6999151041,1098.3260134850,354.8145576354,59.1459217312
6293,206.4400000000,17880.5230444780,11920.1645936646,753.2396180813,2360.2631175007,2846.8557152314
6294,7.1700000000,854.5335333750,569.7921939919,937.2848285391,82.0052229393,-734.5487120953
6295,44.5400000000,5316.1222351203,3543.8574780745,938.2513041608,509.4406131888,324.5728396961
6296,46.3700000000,4036.7965865191,2691.0753992364,755.6102914559,530.3103949549,59.8005008719
6297,81.2900000000,7078.4351504878,4718.8229402538,755.7180513530,929.6854886723,674.2086702087
6298,48.9600000000,5844.5657369602,3896.4882612170,938.3519954833,559.9986421449,449.7268381149
6299,75.9900000000,9069.8726683159,6046.5451496344,938.2513041608,869.1601301351,1215.9160843855
6300,47.1500000000,6888.9235395771,4592.2770348847,1097.2602780930,539.2986336143,660.0875929851
6301,3.7000000000,442.1110776665,295.0459710670,938.9903837852,42.3215300855,-834.2468072712
6302,1.0500000000,125.4639544729,83.6697529891,938.9903837852,12.0101639432,-909.2063462446
6303,3.4300000000,499.7749218854,332.7618476637,1094.9662915433,39.2298346836,-967.1830520051
6304,85.8200000000,10185.1819251659,6790.1045530439,934.5057179604,981.4148984915,1479.1567556701
6305,113.8200000000,13530.6185509578,9020.4924312005,935.5962830805,1301.6830596488,2272.8467770280
6306,33.5600000000,2921.6065008320,1947.9005070054,755.6102914559,383.8088603555,-165.7131579848
6307,249.2100000000,29394.9095856350,19596.3089963305,930.4637478382,2849.3665236869,6018.7703177794
6308,36.6600000000,3197.4211994013,2131.4367895587,756.4780410728,419.3082742029,-109.8019054331
6309,124.4100000000,10830.6634317197,7220.5307950442,755.6102914559,1422.8146697506,1431.7076754691
6310,6.8600000000,598.7174084839,399.2214775955,756.7903865069,78.4661982876,-635.7606539061
6311,115.2400000000,16791.2717195561,11194.1085554064,1094.9662915433,1318.0309472133,3184.1659253931
6312,352.7200000000,50543.2713888689,33695.9596134725,1081.1023166841,4032.8580724483,11733.3513862641
6313,11.6300000000,1695.2651240958,1129.9961980110,1095.3085042616,133.0165801773,-663.0561583542
6314,15.8100000000,1377.9338541080,918.7920315076,756.1438402539,180.8232321715,-477.8252498250
6315,48.0000000000,4187.5394217320,2791.6672370225,756.5966414806,549.0208783349,90.2546648939
6316,320.0600000000,46097.7371587691,30731.6266073966,1085.3172731391,3659.7817648835,10621.0115133499
6317,163.6800000000,23574.5723243996,15716.6309590339,1085.3172731391,1871.6274425924,4900.9966496342
6318,136.6900000000,11881.9041669685,7921.0496752129,754.9124345824,1563.1189864372,1642.8230707360
6319,31.4000000000,2737.4480551395,1824.9850581672,756.2725330342,359.1361722021,-202.9457082641
6320,134.2600000000,19364.3041950544,12909.1017743456,1086.4759890134,1535.2596872428,3833.4667444525
6321,59.4500000000,5177.7903938795,3451.7825122235,755.8173576902,679.9175098016,290.2730141643
6322,61.3600000000,8965.0975267964,5976.5915923319,1097.2602780930,701.8316894714,1189.4139669001
6323,52.2300000000,4558.0107646850,3038.9421359292,756.7447129152,597.4147816160,164.9091342247
6324,143.7400000000,17078.8127395763,11386.2494743416,935.2637903541,1643.8319041179,3113.4675707627
6325,5.9900000000,522.6081487451,348.4209294033,756.6307199789,68.5135323830,-650.9570330200
6326,88.1600000000,7660.4368496206,5107.0701479331,754.7330514445,1008.1316700776,790.5019801655
6327,62.3000000000,9087.8467006214,6058.9657526410,1095.9158827522,712.5588522917,1220.4062129366
6328,1.7800000000,259.3584142729,173.0361607851,1094.9662915433,20.3583398650,-1029.0023779204
6329,13.8700000000,1655.1980618544,1103.7012984075,938.1427889439,158.6417284014,-545.2877538983
6330,105.5400000000,12557.4607426992,8371.3089140590,936.1820858981,1207.0243138698,2042.9454288723
6331,20.5400000000,1792.5767636398,1195.2450488148,756.7683859227,234.9404001378,-394.3770712355
6332,25.1600000000,2995.8594701573,1997.3821951358,936.6776962357,287.7531144707,-225.9535356849
6333,48.4300000000,5757.2294537242,3837.9113760076,935.5962830805,553.8614529853,429.8603416506
6334,73.5400000000,8776.0104880153,5850.2939989205,938.1427889439,841.1328555615,1146.4408445894
6335,34.7100000000,3029.7400740545,2020.0897963675,756.8474066171,397.0235638258,-144.2206927559
6336,33.8100000000,4017.2162148676,2678.2373927821,935.2637903541,386.6561616685,17.0588700630
6337,59.6400000000,7113.1494062315,4742.2246095591,937.7632772109,682.1349911826,751.0265282790
6338,6.6600000000,581.2620904523,387.4796694309,756.7903865069,76.1785540227,-639.1865195082
6339,12.0100000000,1753.4945009260,1169.0191153586,1096.6652581846,137.3674951767,-649.5573677939
6340,117.9400000000,10267.4097350456,6845.0319021275,755.6102914559,1348.8205301051,1317.9470113571
6341,49.4800000000,7237.6666945624,4824.7676094214,1098.2245360874,565.9631911475,748.7113579062
6342,43.2300000000,3770.0757681409,2513.3292678698,756.4322921394,494.4514414996,5.8627666320
6343,35.4800000000,3096.7088487662,2064.3796516195,756.8108245191,405.8291587654,-130.3107861379
6344,91.0900000000,10864.1311102218,7242.6703127811,937.7632772109,1041.8456798595,1641.8518403703
6345,17.6800000000,2112.7280856983,1408.7962804866,939.0386843848,202.2287762003,-437.3356553734
6346,53.7900000000,6407.0232332179,4271.0989287118,936.8966040123,615.1989638057,583.8287366881
6347,269.0700000000,31864.4814099060,21243.0161718612,933.0839460749,3076.8086105052,6611.5726814647
6348,18.7300000000,2738.5698992218,1825.9836680117,1097.8712831691,214.2359189311,-399.5209708900
6349,18.8600000000,1638.7912770400,1092.7289730938,754.7330514445,215.6688214345,-424.3395689327
6350,6.7400000000,805.3590982356,537.2478876145,938.9903837852,77.0938142638,-747.9729874278
6351,231.9000000000,27462.6425798387,18308.5454694419,933.0839460749,2651.7706053300,5569.2425589918
6352,73.1000000000,10666.6991820101,7111.4446234355,1096.1853728800,836.0900103133,1622.9791753813
6353,280.3600000000,24245.5891254970,16163.5600853085,752.5246171233,3205.1267044679,4124.3777185974
6354,10.8900000000,1584.4515238653,1055.8437265629,1093.7544670621,124.5481485130,-689.6948182727
6355,65.1300000000,7774.8481709195,5182.9478776189,938.3519954833,744.9491740788,908.5991237385
6356,8.8900000000,774.1086048448,516.1212590903,755.7180513530,101.6718414848,-599.4025470832
6357,200.4600000000,23790.7430519548,15860.7240191050,934.5057179604,2292.4077202471,4703.1055946423
6358,12.8600000000,1520.1858482518,1013.5701675987,931.8958594654,147.0456904942,-572.3258693065
6359,160.6600000000,22864.4645885237,15243.0511210071,1075.4639149027,1836.6944512049,4709.2551014090
6360,47.3200000000,4129.9282462766,2753.4540145926,756.7903865069,541.2566330861,78.4272120911
6361,115.9600000000,16862.1095156914,11241.4940602353,1093.2784533794,1326.2108399763,3201.1261621003
6362,19.2600000000,2300.0557154211,1533.0444168704,938.6129255746,220.2965010796,-391.8981281034
6363,35.5200000000,4239.5299010209,2826.0323319682,938.2513041608,406.2714544335,68.9748104584
6364,16.0600000000,1401.1831166689,933.9117695345,756.6307199789,183.6940450869,-473.0534179314
6365,242.7900000000,21042.9615911372,14028.9242015273,753.5492527343,2775.9628357046,3484.5253011710
6366,148.2500000000,12849.0426124885,8565.8960712855,753.5492527343,1695.0306453858,1834.5666430830
6367,13.7000000000,1997.0019088660,1330.8844109908,1095.3085042616,156.6919302174,-585.8829366038
6368,19.5700000000,1707.2947184020,1138.3135124223,756.5966414806,223.8403872711,-411.4558227721
6369,21.7200000000,2586.2507031724,1724.5157750353,936.6776962357,248.4100813316,-323.3528494302
6370,122.9200000000,17893.7357321729,11929.5570425455,1094.1922130533,1405.8422872467,3464.1441893274
6371,53.0600000000,7756.8035823866,5171.2164983547,1097.7350963539,606.9043034217,880.9476842562
6372,50.0800000000,5968.6247352050,3979.3551612660,937.2848285391,572.7784609202,479.2062844797
6373,71.9200000000,8460.6757710527,5640.8311686955,928.7304688664,822.2396304039,1068.8745030869
6374,65.0700000000,5674.1367958284,3782.5119401386,756.3829978112,744.2459229971,390.9959348815
6375,15.1400000000,1321.3675749921,880.6356123430,756.7903865069,173.1746708564,-489.2330947142
6376,62.8600000000,5475.8590322584,3650.7552375333,755.9089524359,718.9253090473,350.2695332419
6377,90.1300000000,10728.1269103889,7152.1882659730,936.4401288793,1030.7984046832,1608.7001108535
6378,53.5000000000,4644.6479331783,3096.2900558227,754.3228133681,611.7550597428,182.2800042448
6379,28.8800000000,2520.3015677600,1680.3194955086,756.7447129152,330.3338865225,-247.0965271863
6380,13.2900000000,1159.3339713220,772.7356726846,756.5599770292,152.0094353371,-521.9711137289
6381,159.0800000000,13833.0574151184,9222.3210805610,755.0768121019,1819.1969477048,2036.4625747506
6382,17.1200000000,2043.9767320034,1362.3868098253,938.4454697809,195.8174466061,-452.6729942088
6383,89.1900000000,13005.8242795710,8670.0700046208,1095.6242774865,1020.1068534621,2220.0231440016
6384,151.0800000000,17905.6551996218,11937.3390663687,933.6011095794,1727.6376215440,3307.0774021296
6385,84.4700000000,12332.8626555551,8221.4623030954,1096.6652581846,966.1475701560,2048.5875241191
6386,3.8300000000,334.0762984862,222.5081307639,756.5205193927,43.8068600923,-688.7592117627
6387,31.8100000000,4649.4682805984,3099.9898508534,1097.5884505866,363.8438057809,88.0461733775
6388,63.1800000000,9209.5314308144,6139.6460091933,1095.3085042616,722.6128577472,1251.9640596123
6389,34.6100000000,4132.6702566849,2755.2046602750,938.5322790142,395.8686737520,43.0646436437
6390,66.1600000000,7896.6018651899,5264.0510714465,938.2513041608,756.7263351722,937.5731544103
6391,135.0200000000,11732.2162367942,7821.6389653029,754.7330514445,1543.9875010648,1611.8567189820
6392,80.6100000000,9616.1828891389,6410.9958053953,937.8995482845,921.9865353126,1345.3010001464
6393,60.7300000000,7250.6254050566,4833.5114644236,938.4454697809,694.6257904432,784.0426804089
6394,43.4400000000,3771.2804900424,2514.0816692577,754.3228133681,496.7222391631,6.1537682535
6395,14.2800000000,1703.8246346134,1135.9526137259,938.0257820855,163.3302471574,-533.4840083555
6396,121.7900000000,10590.4454525224,7060.0538697424,755.0768121019,1392.7583370692,1382.5564336088
6397,230.0700000000,33360.3385405023,22240.6884511859,1090.9087661794,2631.1145553110,7397.6267678262
6398,37.6900000000,3286.9339741205,2191.4467475988,756.4322921394,431.0866257257,-92.0316913433
6399,14.8500000000,1287.0710475241,858.2400687993,753.5492527343,169.7889044450,-494.5071784545
6400,10.7600000000,938.9531472948,626.2240943686,756.7192474217,123.0741317511,-567.0643262466
6401,330.1800000000,28577.1188613903,19051.5238189954,752.8992265782,3774.8481808505,4997.8476349662
6402,314.4000000000,44959.3726731329,29972.6144608621,1079.4039103234,3594.5878906327,10312.7664113147
6403,66.8400000000,5793.1197856238,3862.0803095969,753.5492527343,764.2215739466,413.2686493460
6404,51.8200000000,6190.3730249598,4126.5723519023,938.8222665727,592.7251384901,532.2532679947
6405,73.4000000000,10633.6898001032,7089.3027257766,1090.1749041379,839.3987763686,1614.8133938200
6406,68.4800000000,5960.1130027907,3973.1271142985,755.4932545847,783.1598657947,448.3327681128
6407,60.7700000000,8885.3653377314,5923.9928160684,1097.8712831691,695.0943296018,1168.4069088922
6408,40.8200000000,5887.4638555200,3924.6264188337,1086.4759890134,466.7756623957,409.5857852772
6409,53.4400000000,7786.5807071597,5191.0848235535,1094.9662915433,611.2076867327,889.3219053302
6410,42.4300000000,6194.9018879508,4129.8953993405,1096.6652581846,485.3041482387,483.0370821870
6411,92.3600000000,13468.0786014260,8978.4445875485,1095.6242774865,1056.3635944137,2337.6461419772
6412,63.6900000000,7580.9874949814,5054.0584829242,936.4401288793,728.4095239573,862.0793592206
6413,17.0400000000,2463.6567324716,1642.5864581924,1088.4939688877,194.8609812634,-462.2846758719
6414,208.5600000000,24569.1499972528,16379.1958487493,929.6388554362,2384.5014327937,4875.8138602735
6415,9.5400000000,1394.6458005271,929.6568985806,1097.7350963539,109.1192433970,-741.8654378044
6416,124.5700000000,14763.7507824788,9842.3755878338,933.6011095794,1424.4891349996,2563.2849500659
6417,253.3400000000,21942.7034881227,14628.4830065750,753.2396180813,2896.4786775219,3664.5021859446
6418,78.2600000000,11426.1848161921,7617.7884976234,1096.6652581846,895.1190818091,1816.6119785750
6419,17.4200000000,2546.1721926446,1697.7939525456,1097.5884505866,199.2505217449,-448.4607322325
6420,44.1900000000,5198.5158832427,3466.0528867888,928.7304688664,505.2109186255,298.5216089620
6421,84.2900000000,10036.6055142911,6690.6846208649,936.6776962357,964.0186811899,1445.2245160006
6422,9.1100000000,1087.1560449527,724.5155762552,938.1427889439,104.1979917618,-679.7003120083
6423,218.7700000000,25696.6605374896,17131.1850680164,927.7291392802,2501.0185801699,5136.7277500230
6424,9.3400000000,1366.3698597778,910.7057170214,1098.3260134850,106.8332678373,-749.4951385660
6425,39.5400000000,4721.3459101220,3147.1822304997,938.5322790142,452.2579416398,183.3734589683
6426,39.5500000000,3445.9032295398,2297.5347757898,755.9935047728,452.3353600765,-59.9604110994
6427,144.9200000000,20974.7889826119,13983.5767282190,1089.3723944003,1657.2669201747,4244.5729398179
6428,150.2800000000,21750.5609184855,14500.5296571735,1089.3723944003,1718.5624673189,4442.0963995929
6429,33.4400000000,2912.4526622596,1941.6276631257,755.8173576902,382.4464512660,-167.4388098223
6430,22.6500000000,3311.1873565974,2207.9351341290,1097.7350963539,259.0724174991,-253.5552913846
6431,43.4800000000,3788.9495884525,2526.0470505573,756.0716187804,497.2879064235,9.5430126912
6432,9.1000000000,1087.5072147790,725.2036412771,939.0835389281,104.0885747858,-680.8685402120
6433,7.9700000000,951.8961376048,634.8391787917,938.6878670654,91.1614643474,-712.7923725997
6434,141.6800000000,12279.6111793415,8186.2898870089,753.5492527343,1619.9119179646,1719.8601216337
6435,54.2300000000,7910.6569273627,5273.5442661875,1095.9158827522,620.2578902051,920.9388882180
6436,198.8500000000,17271.2859231836,11514.3424415072,754.5370947577,2273.8446954285,2728.5616914901
6437,2.2000000000,320.6864379201,213.4437262910,1095.3085042616,25.1622077721,-1013.2280004046
6438,286.8200000000,41468.6633807220,27645.5653048315,1088.4939688877,3279.9311411948,9454.6729658080
6439,42.2000000000,6174.2275025890,4115.9817406050,1098.4202960231,482.6953821070,477.1300838539
6440,196.6200000000,23284.6260631647,15522.9247301889,933.0839460749,2248.3447021130,4580.2726847880
6441,19.6300000000,1713.4485063005,1142.3769837747,756.8474066171,224.5339256093,-410.3098097007
6442,34.0100000000,2967.0461611063,1978.0529887994,756.5966414806,389.0041681702,-156.6076373439
6443,62.1100000000,9013.2594619904,6008.3862716366,1091.5804976578,710.3104448672,1202.9822478288
6444,27.2200000000,3228.3699760258,2152.2830333583,934.0736028865,311.2744078632,-169.2610680822
6445,50.3100000000,4363.0885879959,2908.9513062427,753.8312137160,575.2439307341,125.0621373031
6446,27.8200000000,3322.3027000527,2215.0036770440,938.6129255746,318.2060571149,-149.5199596809
6447,210.7600000000,24755.8082684157,16503.5338909555,927.7291392802,2409.4467978087,4915.0984403713
6448,14.2800000000,2088.5293269496,1391.9510725479,1098.1153248667,163.3373375837,-564.8744080486
6449,54.1500000000,4718.7585145976,3145.7548550165,756.0716187804,619.3224501572,197.6095906435
6450,8.5000000000,1015.3034566658,677.0230922584,938.7575205857,97.2239888369,-697.7011450152
6451,53.7000000000,4683.1614330133,3121.8195116699,756.4322921394,614.2040806970,190.7055485070
6452,40.1100000000,5820.6703754699,3880.4161337653,1091.5804976578,458.7111889168,389.9625551300
6453,183.5000000000,26558.6101180602,17705.6378166914,1089.3723944003,2098.4576307760,5665.1422761926
6454,155.3900000000,13467.8767727123,8978.5114889775,753.5492527343,1776.6665226745,1959.1495083260
6455,72.4900000000,8652.1261972130,5768.4687416833,938.2513041608,829.1277514606,1116.2783999082
6456,380.6100000000,54641.7672633087,36427.4859621054,1082.6437912211,4351.8901307240,12779.7473792581
6457,45.4300000000,6640.2182957431,4426.3913762797,1097.5884505866,519.6298049867,596.6086638900
6458,45.7000000000,3984.1202585948,2656.3671402212,756.2725330342,522.6918175044,48.7887678350
6459,37.2900000000,3254.3908235701,2169.5967088613,756.7683859227,426.5300643203,-98.5043355342
6460,46.1800000000,4030.2431813480,2687.0319072089,756.7683859227,528.2155636984,58.2273245180
6461,81.9700000000,7125.3177596489,4750.4802665456,754.9124345824,937.3682297041,682.5568288168
6462,70.1300000000,6113.9245893928,4075.7999632402,756.2725330342,802.1089094438,479.7431836746
6463,4.6800000000,406.4853815464,271.2157748535,754.5370947577,53.5156810390,-672.7831691039
6464,42.6500000000,3720.1969008973,2479.9542574232,756.5205193927,487.8231287046,-4.1010046232
6465,39.1700000000,5702.0633634007,3801.2316520957,1094.1922130533,447.9892807635,358.6502174881
6466,43.3700000000,6340.2293887694,4227.0337107337,1097.7350963539,496.0693486506,519.3912330312
6467,60.8200000000,8783.2243556337,5855.6728534982,1087.5315179624,695.4919257500,1144.5280584232
6468,219.5300000000,25923.7421385207,17282.5081204915,931.2135751301,2510.1033614404,5199.9170814587
6469,247.0000000000,29134.2348527421,19422.8903326462,930.4637478382,2824.0982759547,5956.7824963030
6470,14.0700000000,2058.3323262391,1372.0500605126,1098.3260134850,160.9361968385,-572.9799445969
6471,114.1700000000,9939.2078128723,6625.9908812594,755.6102914559,1305.7049340521,1251.9017061049
6472,74.4900000000,10881.0947292094,7253.8287304016,1097.0767788299,852.0077380183,1678.1814819597
6473,51.4100000000,6134.0073155094,4089.4294094134,938.0257820855,588.0117651514,518.5403588591
6474,40.9300000000,4889.9073765912,3260.0946496444,938.8824522502,468.1650719397,222.7652027569
6475,45.7400000000,3958.8025220183,2639.0887393351,752.8992265782,522.9316003153,43.8829557897
6476,29.3600000000,2562.6568072249,1708.3014003944,756.8298005211,335.8278772195,-238.3022709101
6477,115.6300000000,13768.3318972295,9179.2263721817,936.6776962357,1322.4520121721,2329.9758166401
6478,24.3500000000,2125.3642117141,1417.1136616908,756.8298005211,278.5220984433,-327.1013489411
6479,77.7900000000,6775.1104245566,4516.5460694214,755.8173576902,889.6683446167,613.0786528282
6480,268.9700000000,38462.8577223046,25642.1555533675,1079.4039103234,3075.1790869703,8666.1191716434
6481,17.5700000000,1533.1263659675,1022.2105947802,756.6918581469,200.9669922940,-446.7430792536
6482,86.9700000000,7581.0288093918,5053.9014103950,756.2106627622,994.7078227015,776.2089135331
6483,56.6300000000,6671.2263346012,4447.1239206929,929.6388554362,647.4602806823,647.0032777897
6484,52.9200000000,6317.2879656850,4211.9182633156,938.3519954833,605.2926499655,561.7250569206
6485,47.9500000000,4184.0301222619,2789.3655119001,756.6918581469,548.4557359418,89.5170162731
6486,177.7600000000,21032.9886097788,14021.7717957016,932.5173167244,2032.6276527079,4046.0718446449
6487,61.0000000000,8895.1147107729,5930.2804409171,1095.6242774865,697.6849205201,1171.5250718492
6488,41.0900000000,4857.2656691031,3238.4802915957,931.8958594654,469.8372801250,217.0522379170
6489,12.3000000000,1072.4441275085,715.1898837645,756.3298557505,140.6817637751,-539.7573757815
6490,37.8100000000,4517.8972558293,3012.1111076089,938.9903837852,432.4802844679,134.3154799673
6491,99.3000000000,8611.7013871595,5741.3512623210,753.8312137160,1135.3949974538,981.1239136686
6492,67.1100000000,9813.8355485645,6543.0021891964,1097.9977895315,767.6145126220,1405.2210572146
6493,9.0900000000,1329.7967907259,886.7397770998,1098.3260134850,103.9737049937,-759.2427048526
6494,32.7700000000,3883.8252640429,2589.0586385667,933.6011095794,374.7331536802,-13.5676377834
6495,62.1800000000,9080.7725246811,6053.8170679693,1096.8788562489,711.2038017081,1218.8727987548
6496,48.0200000000,6956.8090490593,4638.0861900844,1090.1749041379,549.1543493354,679.3936055016
6497,20.8900000000,3052.7853056274,2035.6558542495,1097.4304909789,238.9395144374,-319.2405540385
6498,97.9000000000,14028.6523842432,9352.5306231285,1081.1023166841,1119.3490737488,2475.6703706818
6499,129.0800000000,11200.5378478566,7467.0440603285,754.0882497416,1475.9453910570,1503.4601467295
6500,118.9400000000,10334.9859221175,6889.9437356124,754.7330514445,1360.1086755788,1330.2004594818
6501,113.5800000000,13536.6692776475,9024.7731370975,937.2848285391,1299.0450796988,2275.5662323121
6502,60.8700000000,8826.1998824722,5884.6087149516,1090.9087661794,696.1183247785,1154.5640765628
6503,46.6500000000,4071.6309976027,2714.4881606931,756.8108245191,533.5944266180,66.7375857725
6504,73.8900000000,10800.0380777560,7200.4654237426,1097.5884505866,845.1562027398,1656.8280006869
6505,306.6300000000,44225.2092606102,29483.3505348748,1086.4759890134,3506.3062557669,10149.0764809550
6506,21.3700000000,1864.9184384706,1243.0616342239,756.7447129152,244.4333502419,-379.3212589103
6507,126.2800000000,10984.4353875764,7322.7810878800,755.2275891446,1444.1318457742,1462.2948647775
6508,21.2900000000,2541.4788508963,1694.6631485293,938.3519954833,243.5124814392,-335.0487745556
6509,36.9600000000,5403.1560573880,3602.4204819999,1097.7350963539,422.7512825946,280.2491964396
6510,57.3200000000,8385.4732722121,5590.0554867171,1098.3260134850,655.6405687834,1041.4512032267
6511,52.9300000000,4613.1586905716,3075.7123493761,756.1438402539,605.3746792433,175.9278216983
6512,39.9900000000,5840.1430244773,3893.0420000345,1096.8788562489,457.3985209120,392.8236472819
6513,49.3800000000,4305.4708143391,2870.4242632170,756.3298557505,564.7858126190,113.9308827526
6514,18.0500000000,2638.2553431249,1758.4294508508,1097.5884505866,206.4564820605,-424.2190403732
6515,284.2500000000,40940.0793206903,27293.6135851080,1085.3172731391,3250.3060884463,9310.8423739969
6516,72.4700000000,10363.2498015965,6909.2715153286,1079.4039103234,828.5616553249,1546.0127206196
6517,41.4200000000,3611.8448760291,2407.8917472590,756.3829978112,473.7462137781,-26.1760828192
6518,21.3900000000,3126.9888546409,2084.4650772862,1097.7350963539,244.6604419561,-299.8717609553
6519,60.9000000000,8899.6948354576,5932.7090849529,1097.4304909789,696.5733092024,1172.9819503233
6520,342.0300000000,49186.3359045104,32790.6588648383,1084.0440787886,3910.8893872267,11400.7435736568
6521,186.2300000000,21938.5922707536,14625.4004997437,929.6388554362,2129.1988004851,4254.3541150886
6522,50.8400000000,4409.0523516937,2939.5718463084,753.8312137160,581.3039443157,134.3453473536
6523,46.1000000000,4018.4595620670,2678.7275125697,756.2106627622,527.2626264981,56.2587602369
6524,155.0200000000,22386.9687538695,14924.4585035312,1087.5315179624,1772.6925078882,4602.2862244876
6525,39.9300000000,4762.3751809327,3174.5470526800,937.7632772109,456.7010428893,193.3638081524
6526,143.8300000000,17046.4018226212,11364.1886807318,933.6011095794,1644.7320565705,3103.8799757394
6527,32.5200000000,4756.2306521289,3170.5552208035,1098.1153248667,371.9699032367,115.5902032220
6528,105.9100000000,9227.7019226436,6151.6649281310,755.9935047728,1211.2980527359,1108.7454370039
6529,98.3100000000,14311.2037083462,9540.6407078292,1094.1922130533,1124.3764664759,2551.9943209877
6530,92.6900000000,13415.3546149482,8943.2856709127,1089.3723944003,1059.9784076110,2322.7181420242
6531,28.3100000000,2470.2793068036,1646.8948471458,756.6918581469,323.8119266843,-257.1193251734
6532,48.6600000000,5812.3136707478,3875.1993415091,938.7575205857,556.5787408001,441.7780678528
6533,94.6900000000,11290.9821239736,7527.2512664125,937.6160751321,1083.0128708860,1743.1019115430
6534,0.8000000000,117.0338209660,77.8893047453,1098.3260134850,9.1506010996,-1068.3320983638
6535,54.4800000000,7965.6854303046,5310.6853245225,1097.8712831691,623.1485778626,933.9802447505
6536,49.6100000000,7236.7267225975,4824.7319882141,1095.9158827522,567.4164472261,748.6624044051
6537,293.7400000000,25402.6942135950,16935.2397280910,752.5246171233,3358.0893072135,4356.8405611672
6538,203.9500000000,17676.6424338417,11784.2963292829,753.5492527343,2331.8819570079,2806.9148948166
6539,231.4100000000,33376.2374033780,22250.3613497515,1086.4759890134,2646.1674677854,7393.2325968277
6540,113.3500000000,13509.2574627694,9006.3927437429,937.2848285391,1296.4145076937,2269.1653827936
6541,203.6100000000,24091.6224732058,16060.8856679523,932.5173167244,2328.2139759668,4770.0055125623
6542,69.0800000000,6022.3857213069,4014.9671279679,756.2725330342,790.0995788447,461.0464814601
6543,15.3900000000,1837.1704798165,1224.6105963825,938.3519954833,176.0289849389,-501.8210969882
6544,26.3100000000,3818.0463121070,2545.2191845127,1091.5804976578,300.8898374570,-119.6432075205
6545,10.0800000000,1199.8171447545,799.8395305545,936.4401288793,115.2829015778,-651.7454162571
6546,68.7400000000,9938.4837904987,6626.0267296575,1088.4939688877,786.0765171387,1437.8865748148
6547,72.0300000000,6273.4439372774,4182.5026004966,755.8173576902,823.7924008580,511.3315782326
6548,13.5000000000,1177.5535325232,784.8468612400,756.5205193927,154.4106034587,-518.2244515681
6549,130.2200000000,11278.8302211389,7519.1471726853,753.2396180813,1488.8270837092,1517.6163466631
6550,81.6700000000,11920.7730116406,7947.1398757830,1096.4346045105,934.1163365088,1943.0821948382
6551,130.1300000000,18933.3954821475,12622.1318220925,1093.7544670621,1488.2874716246,3729.2217213683
6552,54.7100000000,6530.9679630125,4354.1710093600,938.3519954833,625.7664565308,612.6785016384
6553,240.3100000000,34744.2106443808,23163.2531053573,1088.4939688877,2748.0658689789,7744.3977011569
6554,296.8500000000,42689.1319862407,28459.1002198887,1084.0440787886,3394.2856316646,9751.7020558989
6555,199.2900000000,28897.2133165415,19264.8216865906,1090.9087661794,2279.1099218843,6262.3729418873
6556,25.7400000000,2243.3913601986,1495.8382464179,756.1438402539,294.3953191710,-302.9860456442
6557,23.6400000000,2063.3926063623,1375.5154133046,756.8298005211,270.4009202135,-339.3535276769
6558,40.4200000000,4830.4441342162,3219.9041672704,939.0835389281,462.3362849276,209.1201430901
6559,143.3200000000,20852.4878237254,13901.9423997445,1093.7544670621,1639.1405550852,4217.6504018336
6560,41.4700000000,3608.3298231601,2405.6672224358,755.3660261078,474.2570548474,-26.9604802309
6561,49.4100000000,4302.4416384008,2868.1595683730,755.7180513530,565.0850042477,113.4790144271
6562,28.4000000000,3387.9120959130,2258.7578244590,937.8995482845,324.8284034596,-133.5736802902
6563,488.6800000000,69546.9099658891,46364.2804930633,1075.4639149027,5586.6789768132,16520.4865811099
6564,16.0600000000,1917.6736296550,1278.1877289936,938.5322790142,183.6940450869,-482.7404234396
6565,81.7100000000,11848.0169606835,7898.3531421213,1090.9087661794,934.4476477353,1924.3074046475
6566,67.2600000000,5833.0617855020,3888.8085883455,753.8312137160,769.0500254657,421.3719579748
6567,22.5100000000,1964.1818154768,1309.4985397184,756.6918581469,257.4710868832,-359.4796692716
6568,51.1400000000,7473.4054825172,4982.2082969765,1097.4304909789,584.9385719640,808.8281225978
6569,189.9500000000,27431.3296013257,18287.7167578481,1087.5315179624,2172.1258023053,5883.9555232098
6570,453.9900000000,64609.9731018540,43073.1671828459,1075.4639149027,5190.0965635660,15271.2454405394
6571,96.4400000000,13958.1055029195,9305.1527211809,1089.3723944003,1102.8624191391,2460.7179681992
6572,180.9200000000,26254.6917060585,17503.5975066079,1091.5804976578,2069.0607902975,5590.4529114954
6573,29.1800000000,3486.1347971886,2323.9347141765,938.8824522502,333.7663522893,-110.4487215273
6574,118.9000000000,10311.4934031547,6874.3112447524,753.8312137160,1359.5011600932,1323.8497845930
6575,285.7100000000,41207.9200921271,27472.3849318361,1086.4759890134,3267.0865875328,9381.9725837448
6576,288.5100000000,41664.7165216029,27776.9096896708,1087.5315179624,3299.1840759311,9501.0912380386
6577,14.6500000000,2137.0297618636,1424.9789825656,1095.9158827522,167.5599869354,-551.4250903895
6578,56.9800000000,8336.6702155811,5557.4437003950,1098.4202960231,651.7531486365,1029.0530705266
6579,3.1200000000,456.3767196248,304.2646240176,1098.2245360874,35.6872505331,-981.7996910133
6580,35.7200000000,3091.5703123413,2061.1860956850,752.8992265782,408.3759677145,-130.8909776364
6581,32.5100000000,4732.5524621944,3155.1725175498,1094.1922130533,371.8185222778,111.3692093135
6582,127.7100000000,18608.2376892096,12405.3616809023,1094.9662915433,1460.6536989640,3647.2560178001
6583,59.6000000000,8676.1035603442,5784.4829488413,1094.1922130533,681.6482290913,1115.7801693582
6584,53.3900000000,6379.0425562568,4252.8439133780,938.9383947274,610.6866365271,576.5736116243
6585,9.5600000000,1141.5292589976,761.2318030451,938.5322790142,109.3471401638,-667.5819632254
6586,47.8900000000,6998.4628188844,4665.3747009843,1097.4304909789,547.7651195025,687.8925074187
6587,402.1800000000,57511.9608832080,38341.5912259081,1079.4039103234,4598.1913417769,13492.7744051997
6588,37.2400000000,3249.0696926992,2165.9569116512,756.6307199789,425.9505752824,-99.4685142132
6589,32.1600000000,4704.1908022863,3135.7884720178,1098.2245360874,367.8531978032,102.3245963780
6590,16.8200000000,1466.7124774218,977.9177211090,756.3829978112,192.3807657109,-459.9690072094
6591,76.5000000000,6658.1285735030,4438.5980732958,755.4932545847,874.8792309184,589.1580147041
6592,181.7500000000,15798.7861756276,10532.7390525219,754.9124345824,2078.4027784400,2432.7319100833
6593,16.7600000000,1986.3567722112,1324.1750288853,933.6011095794,191.6547957180,-463.0741619716
6594,142.8200000000,12378.4166334949,8252.3083538396,753.5492527343,1632.9462176998,1739.6128092212
6595,9.4200000000,1377.9066342518,919.0033541755,1098.2245360874,107.7480448789,-747.0693008900
6596,18.7900000000,1638.3109882833,1092.1142819647,756.3298557505,214.9114098645,-425.0445592964
6597,44.2400000000,5285.3530989590,3523.5366415348,938.8824522502,506.0254772199,316.9085279541
6598,37.0200000000,5405.0263467343,3602.8785850395,1096.6652581846,423.4258677303,282.0566357800
6599,31.3700000000,3746.6727524043,2497.3838768995,938.6878670654,358.8124387173,-48.2114302779
6600,52.3100000000,6246.1710813981,4164.0515793435,938.5322790142,598.3210148502,545.2662081902
6601,89.1900000000,13010.3538880967,8673.2972718360,1095.9158827522,1020.1143504959,2221.0263830126
6602,37.5400000000,3265.4078591196,2177.0430261265,755.2275891446,429.3055867150,-96.1683428665
6603,89.4000000000,10641.2353909772,7094.2288797009,936.4401288793,1022.4495437555,1588.1168386415
6604,5.0700000000,442.2741335292,295.1151312765,756.5599770292,57.9900554672,-667.3910302438
6605,37.7100000000,3291.0452656698,2193.8042035208,756.7683859227,431.3341036610,-90.8614274347
6606,78.9400000000,6864.3547419502,4575.9608414997,755.0768121019,902.7370320079,630.5800563407
6607,16.6900000000,1994.2794287171,1329.9087054063,938.9903837852,190.9044154395,-465.5240759140
6608,137.3800000000,11953.5170269047,7968.7726743187,755.3660261078,1571.0980032539,1658.2803232243
6609,37.6000000000,3277.0596403834,2184.9322700486,756.1438402539,430.0413364736,-94.0578063927
6610,11.3300000000,986.9787278951,657.7937364925,755.9089524359,129.5803969377,-556.3043579710
6611,176.5300000000,25343.2941199440,16895.1009552751,1082.6437912211,2018.4418821805,5347.1074912672
6612,74.1400000000,8844.3592532038,5896.6252117066,937.8995482845,847.9851349470,1161.8493582656
6613,200.1400000000,23658.6310784690,15772.1406567792,931.8958594654,2288.4700229791,4666.1245392453
6614,12.3500000000,1474.4808785188,983.2878714391,938.4454697809,141.2584968216,-588.5109595228
6615,80.5100000000,11763.0378403256,7841.6860559583,1097.2602780930,920.8681440571,1903.2233622172
6616,41.3300000000,3602.6666746253,2401.8014078906,756.2106627622,472.7063851012,-28.0517811287
6617,48.1100000000,5745.3624334843,3829.8832051352,938.6129255746,550.2837314090,426.5825713655
6618,23.4200000000,3416.3301722079,2277.7223107150,1095.9158827522,267.8672282612,-225.1752495205
6619,44.3500000000,3870.7167735073,2580.2623441651,756.7903865069,507.2851157516,26.3789270837
6620,24.2400000000,2887.2698117345,1924.5674690822,936.8966040123,277.2341119660,-251.4283733259
6621,50.9500000000,4446.3076481084,2963.9836454232,756.7447129152,582.7739445402,142.8053452298
6622,222.2600000000,19285.9586463016,12857.5387248323,754.0882497416,2541.3977581060,3132.9339136217
6623,46.0200000000,6717.2030610469,4477.8300822940,1096.4346045105,526.3626032342,616.5757710082
6624,108.8000000000,15852.9188049957,10568.5162817987,1094.9662915433,1244.3749310726,2945.0613005812
6625,45.3900000000,5408.1367167199,3605.5441800615,937.0984891794,519.1328903534,346.3611571256
6626,16.5900000000,2426.9888622819,1617.7009447091,1098.3260134850,189.7605903021,-478.7986862143
6627,1.5100000000,179.7991971358,120.0612248442,936.6776962357,17.2697616395,-894.2094855836
6628,26.6000000000,2319.2694139615,1546.3565054368,756.3298557505,304.2386110908,-287.6555583166
6629,89.1700000000,10639.3587302855,7092.6041319513,938.0257820855,1019.8990293436,1588.8297869050
6630,61.6700000000,5374.0690229960,3582.5013076830,756.0716187804,705.3299261532,330.1661703795
6631,60.9500000000,7248.9281130521,4832.4583249736,935.9015508839,697.0545303536,783.5137068410
6632,289.0200000000,41415.3331163838,27610.1023658865,1081.1023166841,3304.5379907547,9419.5904430585
6633,131.7100000000,19042.7363986991,12695.2444904362,1088.4939688877,1506.1701785328,3752.8277608425
6634,148.5800000000,21561.5857488734,14374.2296567972,1091.5804976578,1699.2098840504,4396.5657103681
6635,266.9200000000,23118.9169300139,15412.4699155754,753.2396180813,3051.7410934086,3901.4663029486
6636,25.4700000000,3709.5106697635,2472.9833224418,1094.5951237908,291.3045762789,-149.3723527481
6637,67.7100000000,9890.7091437074,6593.6000076345,1097.0767788299,774.4589064467,1425.5734507964
6638,51.6800000000,4504.2138886972,3002.8812737078,756.1438402539,591.0780922595,154.1106824760
6639,6.9600000000,1011.4480025031,673.9903651715,1092.7603591096,79.5991019948,-834.9018237729
6640,34.2200000000,2986.4643063172,1991.0664357471,756.7683859227,391.4148243776,-152.7853397303
6641,305.6700000000,44142.8508514726,29428.5097252729,1087.5315179624,3495.4129717855,10131.3966364518
6642,51.8500000000,4525.0781496946,3016.8590219451,756.7683859227,593.0700947978,158.3806470289
6643,214.3300000000,18550.2873752552,12367.1165741102,752.8992265782,2450.3701332657,2979.9014413010
6644,5.4100000000,469.4368589782,312.9047034804,754.0882497416,61.8598122530,-659.4159064969
6645,54.1300000000,7887.1185194340,5257.6371930863,1094.9662915433,619.0994027478,915.4156320567
6646,52.0200000000,6202.9452961148,4135.0360575358,937.6160751321,594.9765502534,535.3166131935
6647,50.7400000000,6041.7293130280,4027.5083606838,936.6776962357,580.3097388014,497.2335173071
6648,58.5900000000,5111.4153066516,3407.4761863657,756.5966414806,670.1486096175,277.1938691877
6649,278.2500000000,32892.0460556810,21927.7253331710,931.8958594654,3181.6067947134,6850.8180683311
6650,61.3300000000,7278.6903690332,4852.5242134127,934.5057179604,701.3537138719,790.3067237882
6651,97.8000000000,14270.9053351653,9513.8160507844,1096.1853728800,1118.5992203644,2542.3046911365
6652,20.9000000000,2492.7032627471,1661.7382102918,937.7632772109,239.0446229999,-345.8428477555
6653,62.5000000000,7454.2561685022,4969.5378553065,937.7632772109,714.8463606457,832.1086753390
6654,76.0800000000,11115.7858513473,7410.6420021424,1097.2602780930,870.1980921607,1737.6854789511
6655,132.2900000000,19126.5932593114,12750.9253873241,1088.4939688877,1512.8027706180,3774.3711324817
6656,18.9800000000,2754.3336755527,1835.8958052223,1091.5804976578,217.0615399063,-390.2041672337
6657,198.1900000000,28782.0975235922,19188.0545269160,1092.1959456200,2266.5994646561,6235.2475864001
6658,49.2800000000,4299.8123922746,2866.2645414989,756.6624014288,563.6662291381,113.2192202087
6659,37.3900000000,5470.4826142607,3647.0724283842,1098.4202960231,427.6772591702,297.3126306833
6660,138.1400000000,12019.6450873243,8012.9944982606,755.3660261078,1579.7894756842,1671.4950872718
6661,45.9700000000,3997.3953317387,2665.1200505438,755.0768121019,525.7008026527,51.4976664403
6662,42.1900000000,3681.1908447659,2454.3255554622,756.6624014288,482.5705805061,-12.3676926312
6663,21.0400000000,1830.7031463537,1220.5223407947,755.3660261078,240.6165525438,-385.8017730925
6664,145.0600000000,17266.4161724289,11510.7341136324,936.4401288793,1659.0215975075,3160.2203324099
6665,19.2100000000,2288.8368876005,1525.7963241770,937.0984891794,219.7079273780,-393.7658531338
6666,194.0800000000,28116.9825123165,18744.5970376467,1090.1749041379,2219.4892986052,6062.7212719266
6667,16.5400000000,2417.9708113960,1612.3736834758,1097.7350963539,189.1857741914,-481.3237426250
6668,28.4500000000,3392.4220237306,2261.4768059178,937.6160751321,325.3956719475,-132.0665292667
6669,24.4400000000,2920.0936518995,1946.7563582094,938.9383947274,279.5501291763,-245.1512302135
6670,95.6800000000,11400.0996046653,7599.8262771108,937.0984891794,1094.3078860765,1768.8669522987
6671,70.3200000000,10219.1125770140,6812.7674749770,1092.7603591096,804.2254098098,1509.3593331177
6672,98.5000000000,11603.6693264739,7735.4902000786,929.6388554362,1126.1670077205,1812.3732632386
6673,58.3700000000,6958.4539306185,4638.7484938193,937.4569555241,667.5991216636,714.6493596114
6674,41.0100000000,4891.1847275244,3260.7693183084,937.7632772109,469.0535880013,223.5985440038
6675,37.7300000000,5369.5770504481,3579.8074602365,1075.4639149027,431.3362482507,282.9694270582
6676,75.1000000000,6542.1096615113,4361.1724729452,755.9089524359,858.9133106817,566.1149254486
6677,21.9600000000,1916.0689962328,1277.3570239289,756.6624014288,251.1791881468,-369.1296172717
6678,397.5900000000,56855.5883623121,37903.6796509929,1079.4039103234,4545.7131025338,13326.7916984620
6679,5.8100000000,692.7933904350,462.1996391657,937.6160751321,66.4516293151,-773.4739531779
6680,18.5600000000,2217.5506619990,1478.2612533132,938.9383947274,212.2933877869,-411.9423738285
6681,127.7300000000,15209.1069206359,10139.7161709355,936.6776962357,1460.8388438531,2671.8742096115
6682,55.1700000000,4812.2687695780,3208.1626853778,756.5205193927,631.0246661344,216.5608986731
6683,44.5000000000,5312.9068092379,3542.2057055457,938.4454697809,508.9881059563,323.2675279550
6684,32.8700000000,3926.2381906593,2617.1489685811,938.7575205857,375.9708838903,-5.6391823978
6685,3.5600000000,518.2370583024,345.5665138269,1094.1922130533,40.7159009323,-962.2375695101
6686,119.9000000000,10435.4198165100,6957.1284407277,755.4932545847,1371.2159449296,1351.5821762679
6687,19.6100000000,2342.3647982607,1561.1950411034,938.7575205857,224.3014613048,-381.8892247332
6688,27.0700000000,3232.7366675207,2154.9912621487,938.6129255746,309.6275329296,-170.4950531322
6689,41.2900000000,6038.0460408319,4024.9174162815,1097.9977895315,472.2813772338,442.8494577850
6690,85.1100000000,10134.2448133979,6756.1725616890,936.6776962357,973.3969623451,1467.9975931281
6691,278.7300000000,40299.0047559746,26866.0327484012,1088.4939688877,3187.4179171091,9157.0601215766
6692,52.6600000000,4580.6174177207,3053.5148937878,755.2275891446,602.2171602666,169.6577745216
6693,14.9800000000,2190.6013487930,1459.9534055730,1097.9977895315,171.3435464026,-538.6933927141
6694,156.0100000000,22469.8743177516,14979.9138828292,1085.3172731391,1783.9234929059,4620.7196688774
6695,72.9600000000,10639.1404802949,7092.6154073369,1095.6242774865,834.4769147729,1616.4238806986
6696,44.8500000000,3906.9722812088,2604.8631965102,755.9089524359,512.9462314790,33.2539007837
6697,55.8200000000,4852.2049206247,3235.0555661317,754.9124345824,638.3298106879,223.9071092226
6698,20.3800000000,1774.9935782551,1183.0706191088,755.8173576902,233.0818982297,-396.9762967737
6699,185.6300000000,26916.5021222821,17944.7003398904,1090.9087661794,2122.8921410978,5758.0008751146
6700,14.8100000000,2163.8379134918,1442.3397185378,1097.2602780930,169.3958168362,-545.1578999752
6701,100.8300000000,12010.0418777720,8007.0240157536,936.8966040123,1153.1978345516,1912.9234234546
6702,87.1100000000,10393.5689020429,6929.3109437282,938.0257820855,996.3373830449,1529.8947931842
6703,7.6800000000,910.8700005833,607.0541888959,934.0736028865,87.8246676117,-718.0824588108
6704,44.1000000000,5265.8410378447,3510.7556289690,938.5322790142,504.4151549397,312.1379749218
6705,201.1800000000,29053.0923358499,19368.7640538786,1087.5315179624,2300.5436636367,6296.2531003723
6706,32.7700000000,4780.2365389946,3186.5671736112,1095.9158827522,374.8082438138,122.9452388175
6707,34.0000000000,4039.7915204229,2693.1996128535,935.2637903541,388.8290297760,22.4990874393
6708,93.0000000000,13544.7386057326,9029.9219602305,1094.5951237908,1063.6562855885,2356.5652361227
6709,36.2500000000,3161.3519915592,2107.6691053364,756.4322921394,414.6163487014,-117.3657546180
6710,57.8800000000,5048.6517379586,3365.9411781013,756.5205193927,662.0211650509,264.1688754137
6711,34.5100000000,5037.1724823279,3358.3725617205,1096.4346045105,394.7147639637,187.6505521331
6712,3.9500000000,471.0041122579,313.6354694339,937.6160751321,45.1779579681,-825.4253902762
6713,5.0100000000,437.3090685973,291.6707192616,756.8474066171,57.3059076568,-668.5149649382
6714,39.8700000000,3480.1422285379,2319.8624800531,756.8474066171,456.0452172208,-52.6128753530
6715,115.4500000000,16725.6060956664,11150.6320839334,1090.1749041379,1320.2805004327,3164.5186071624
6716,53.2700000000,7791.0334206306,5194.0396503407,1098.1153248667,609.3123230449,889.5661223783
6717,29.6900000000,2590.9886962186,1727.1685520749,756.7447129152,339.5987912345,-232.5233600059
6718,61.0200000000,8878.1663899227,5919.1239216403,1093.7544670621,697.8813610892,1167.4066401311
6719,134.8900000000,19502.5033241252,13001.4894233195,1088.4939688877,1542.5350799657,3869.9848519522
6720,3.4100000000,297.3537186687,198.3512358853,756.3829978112,39.0022836548,-696.3827986826
6721,335.2600000000,47833.2399462283,31889.0319203938,1077.5309870471,3832.9262860014,11033.7507527859
6722,34.6700000000,5051.6607993493,3367.5498983565,1094.9662915433,396.5301365835,192.6144728660
6723,14.6500000000,2137.0297618636,1424.9789825656,1095.9158827522,167.5599869354,-551.4250903895
6724,59.0400000000,5139.7988024173,3426.4273978650,755.6102914559,675.2108198864,282.5502932099
6725,36.3400000000,3171.3212940581,2114.4540863557,756.7447129152,415.6625151048,-115.5400203176
6726,91.7600000000,10933.0386676849,7288.8359435206,937.0984891794,1049.4742017807,1657.6300332042
6727,18.4900000000,2209.0004249492,1472.4525618163,938.8824522502,211.4921128797,-413.8267019969
6728,43.0900000000,3756.5807864956,2504.2850520406,756.2725330342,492.8400528723,3.1831485485
6729,26.7600000000,3886.2148934423,2590.8743675937,1092.1959456200,306.0406764932,-102.8960962647
6730,49.5500000000,7250.3528332283,4833.5971941900,1098.5078760990,566.7680088610,751.4797540782
6731,93.4900000000,11128.0659586404,7418.8014428245,936.4401288793,1069.2260385425,1703.5983483942
6732,223.0100000000,26409.8487353594,17606.8242145156,933.0839460749,2550.1136813051,5319.8268934637
6733,69.5500000000,6045.6978185139,4030.3848415262,754.9124345824,795.3392750509,465.0612673543
6734,73.8500000000,10750.5075156278,7166.7490041489,1094.1922130533,844.6262033287,1644.9400950969
6735,63.3300000000,5522.9909413916,3681.8069099497,756.4322921394,724.3490582968,360.4026810058
6736,34.9600000000,3050.7250956716,2033.6143270732,756.7192474217,399.8765470278,-139.4850258511
6737,127.0300000000,15107.9792978015,10071.9987371052,935.9015508839,1452.7782935328,2647.3007162797
6738,6.3000000000,549.6546472611,366.3807711251,756.6307199789,72.0593078485,-645.4161516914
6739,133.3600000000,19207.6305301926,12804.8444197486,1085.3172731391,1524.9281264915,3792.5407108135
6740,371.0500000000,53060.3537861513,35373.5238848162,1079.4039103234,4242.2768346668,12365.1491563449
6741,31.3800000000,4577.4739882103,3051.9234902191,1095.9158827522,358.9100607530,70.7245544859
6742,104.1200000000,12364.4638409541,8242.9447591618,934.9012987172,1190.7111797752,1995.9066032999
6743,125.9200000000,10959.3666663464,7306.2316599757,755.4932545847,1440.0626504215,1457.5791013645
6744,150.4100000000,13074.5278056459,8716.3789506074,754.9124345824,1720.0140957643,1883.2223246918
6745,58.9700000000,7044.5059297931,4696.5947428971,938.8222665727,674.5079393432,734.5809809802
6746,43.2600000000,5155.8048331663,3437.1335573060,937.2848285391,494.7762823364,286.6101649848
6747,99.7000000000,14520.5423547477,9679.9632907009,1094.5951237908,1140.2852868084,2605.6986534476
6748,25.8800000000,2257.4137349407,1504.9640844395,756.5205193927,296.0108457415,-300.0817146330
6749,37.1300000000,4430.1826808960,2953.4767956874,938.0257820855,424.6815179940,113.9985851290
6750,34.0400000000,2964.0783924542,1976.0071062313,755.7180513530,389.3036540092,-156.9504191392
6751,74.0500000000,6453.8900630423,4302.6358548650,756.1438402539,846.9298129221,548.1805550014
6752,30.5300000000,2664.4288507266,1776.2249206437,756.7683859227,349.2079073130,-217.7723631528
6753,192.3400000000,27838.0548779711,18558.6101494663,1089.3723944003,2199.5495406182,5990.5227934863
6754,4.2800000000,370.9538103302,247.5692506152,753.5492527343,48.9357919882,-679.1004850075
6755,94.3500000000,8219.0152671584,5479.4218249824,755.9089524359,1079.0741792652,904.6103104749
6756,111.5900000000,9696.3265432074,6464.3545566180,754.7330514445,1276.0595855712,1201.1793495737
6757,33.7900000000,4943.2160130504,3295.3167392223,1098.3260134850,386.4985139426,163.0747464005
6758,19.3100000000,2302.5542804302,1535.1630872289,937.6160751321,220.8573084466,-391.0821903774
6759,47.5500000000,5677.0498602082,3785.0659629493,938.4454697809,543.8738076005,409.6646198774
6760,91.4100000000,7962.9060473868,5308.3954534943,755.9089524359,1045.4496102452,853.1520312114
6761,42.2700000000,3661.1592186111,2441.0501484784,753.2396180813,483.2799940746,-16.4105420231
6762,66.3000000000,5783.0962375027,3855.4590657819,756.5205193927,758.3276303192,412.7890220089
6763,29.6900000000,3544.7236666578,2363.4449440012,938.4454697809,339.5922891200,-96.7590362443
6764,50.6500000000,4380.2221757969,2919.8689186364,752.5246171233,579.0400470156,128.7885930216
6765,122.5400000000,10620.7196069770,7080.4805675944,753.5492527343,1401.0728855688,1385.6169010796
6766,49.0900000000,5854.8709649884,3903.5171166288,937.7632772109,561.4689255056,452.1216456431
6767,193.7400000000,22878.2663049105,15252.4144309129,931.2135751301,2215.2208137633,4479.4174851042
6768,94.9500000000,11301.8489974640,7534.7202153686,936.4401288793,1085.9237603980,1744.7648928181
6769,46.2600000000,4037.4150607091,2691.8095217285,756.7903865069,529.1321184818,59.6830339918
6770,21.5100000000,2563.6006001250,1709.3765819757,937.2848285391,246.0156688178,-329.0764792076
6771,47.9300000000,5722.4185026241,3814.6830675107,938.4454697809,548.2202228873,421.0697424452
6772,41.0100000000,3576.8206052222,2384.6768041597,756.4780410728,469.0625293252,-33.3967693355
6773,40.9400000000,3569.9886341051,2380.2148306238,756.3829978112,468.2561562548,-34.8653505848
6774,117.8200000000,10261.5183213942,6840.9318740235,755.8173576902,1347.4832801484,1317.2858095321
6775,52.1900000000,4551.9206873091,3034.6595083024,756.4780410728,596.9366838694,163.8464540646
6776,43.0100000000,5139.2425541714,3426.0562013446,938.9903837852,491.9591916150,282.2367774265
6777,318.7000000000,27561.2400281634,18374.3179808475,752.5246171233,3643.4365840844,4790.9608461082
6778,78.8200000000,6851.5011079118,4567.7694870630,754.9124345824,901.3463933790,627.4727928873
6779,202.8500000000,24074.3900433455,16049.3380344673,934.5057179604,2319.7391302610,4770.8071606567
6780,38.8300000000,4639.4122955507,3092.9773915476,938.9383947274,444.1461340391,163.3503752366
6781,11.4700000000,1369.9182808440,912.9092323120,938.6878670654,131.1947297446,-612.8735482779
6782,74.9100000000,10923.4925079344,7282.3843814462,1095.6242774865,856.7799573141,1688.7038916875
6783,25.5300000000,2226.8845692827,1484.7360725519,756.5205193927,292.0076078740,-306.3796305359
6784,99.1500000000,8581.4444700068,5721.2361721351,752.8992265782,1133.5519932501,973.7570780434
6785,139.3300000000,19924.2665220980,13283.3177724275,1079.4039103234,1592.9832404639,3968.5615988832
6786,106.6400000000,12693.3036028390,8462.0703957217,936.4401288793,1219.6199032000,2075.1731750380
6787,8.2700000000,1205.4894734542,803.5528519190,1095.3085042616,94.5870264889,-787.9589092153
6788,242.2600000000,28607.8703160298,19072.1959784095,931.2135751301,2769.9979061748,5834.4628563155
6789,53.9300000000,6441.8018138806,4294.5494658185,938.7575205857,616.8576138790,591.6372135974
6790,62.9900000000,9209.9582462350,6140.0443187720,1097.8712831691,720.4869478627,1251.5556964312
6791,71.0700000000,10328.1048186631,6885.6312982388,1092.7603591096,812.8028992489,1536.9102620658
6792,31.9900000000,4680.4155878631,3120.2730776176,1098.4202960231,365.9105515072,95.8116627152
6793,42.5400000000,5082.6834677499,3388.6296422102,938.9383947274,486.5819351539,268.5334956584
6794,116.4600000000,10115.2323792505,6743.4104020390,754.5370947577,1331.7171397013,1285.5677427524
6795,134.2500000000,11687.2965654560,7791.6020280217,755.6102914559,1535.3498063983,1604.7344395800
6796,319.1600000000,27623.3365309871,18415.8309109804,752.8992265782,3648.8598503854,4805.7465430432
6797,33.6600000000,2929.5765723413,1953.3156315066,755.4932545847,384.9468616041,-164.1791753541
6798,64.2600000000,9325.2624863549,6217.0107949573,1091.5804976578,734.8985539714,1281.7726397684
6799,7.6700000000,669.4679057022,446.4878660122,756.8298005211,87.7316014398,-621.5813622710
6800,170.9100000000,24736.4144701780,16490.7984336483,1089.3723944003,1954.4817094055,5201.7619327239
6801,263.1300000000,38043.5443670922,25362.6485324285,1088.4939688877,3009.0240610229,8583.3778047531
6802,128.0800000000,15200.6304005506,10133.7166435579,934.5057179604,1464.6891190724,2667.7189199599
6803,14.5000000000,1262.8757058243,842.0679112481,755.8173576902,165.8335389760,-500.8431020900
6804,146.9200000000,12779.8008167780,8519.6835308153,755.2275891446,1680.1698668130,1824.7198300049
6805,25.8500000000,3089.2375276964,2059.5783412270,939.0835389281,295.6801822212,-205.1045346798
6806,16.2000000000,1929.6110127929,1286.4755809373,936.8966040123,185.2802233436,-479.0413955003
6807,42.2800000000,5030.5992060008,3353.4551172666,936.1820858981,483.5416713134,257.4203315226
6808,60.1500000000,8782.0727918982,5854.6777006891,1096.6652581846,687.9812518632,1142.7485811612
6809,292.8200000000,34578.3727645499,23052.2480803464,931.2135751301,3348.1003338814,7246.8107751919
6810,93.2600000000,11122.9428843922,7415.1148440378,937.7632772109,1066.6651455011,1703.3996176424
6811,62.9300000000,9190.3025889061,6126.7546230051,1096.8788562489,719.7821685669,1246.8869410852
6812,304.2700000000,43884.8267349113,29256.3060313059,1086.4759890134,3479.3197157558,10062.7249988361
6813,21.1100000000,3084.3091393525,2055.7485643527,1097.2602780930,241.4548071177,-310.1545102108
6814,58.2900000000,5068.7007589090,3379.1710829536,755.0768121019,666.5890751931,267.8637886604
6815,30.7500000000,2682.8381592508,1788.8002354930,756.6307199789,351.7180502130,-214.3108464341
6816,41.6800000000,3638.1321315641,2425.1880175642,756.8474066171,476.7485491287,-20.6518417459
6817,150.3700000000,21454.0484719750,14302.3897317381,1077.5309870471,1719.1347778620,4354.9929753278
6818,55.2400000000,8062.9790763196,5375.4131393304,1096.4346045105,631.8181269590,959.3132055197
6819,16.2800000000,1420.0423340353,946.6709563410,756.5205193927,186.2077499487,-469.3568916470
6820,38.9000000000,5676.2598930259,3784.2664961779,1096.1853728800,444.9234117809,350.8846121870
6821,1.2300000000,107.2784526804,71.7513374703,756.4780410728,14.0684445518,-735.0193704145
6822,30.0800000000,3589.0087541436,2392.6001926603,938.0257820855,344.0457867293,-85.6630073315
6823,213.9700000000,18556.3519215560,12370.6981865477,753.8312137160,2446.5303887733,2985.2921325189
6824,38.7400000000,5665.1466122990,3777.1271593723,1097.9977895315,443.1140846219,346.9075787733
6825,79.8800000000,11665.6820403912,7776.9668056895,1096.8788562489,913.6532595761,1878.1831188767
6826,51.5700000000,7534.7144631175,5023.3210887006,1097.2602780930,589.8543061610,824.2787901629
6827,24.9600000000,3647.5596566998,2431.6978492397,1097.4304909789,285.4921149046,-167.0607984234
6828,101.0900000000,12032.6899963521,8021.5790600540,936.4401288793,1156.1456865575,1918.5251208614
6829,56.2000000000,6673.8654231811,4449.5895981495,934.9012987172,642.7004255029,646.6741008115
6830,3.8400000000,458.5780865637,305.5177485578,938.6129255746,43.9220438289,-829.4746313976
6831,74.4300000000,6481.0915026548,4320.6722546699,755.7180513530,851.2300519360,553.4711446959
6832,5.0200000000,599.6849205963,399.5028723211,938.8222665727,57.4195329066,-796.0597512042
6833,5.0900000000,607.3156435702,404.6831186399,938.0257820855,58.2178542039,-793.6111113591
6834,46.3300000000,6776.0198681775,4517.3967678521,1098.1153248667,529.9312920344,630.5764834243
6835,153.8700000000,18307.9068076476,12205.5903165220,936.1820858981,1759.7577333252,3406.3766719023
6836,177.2700000000,15382.0835473315,10254.7405095178,754.0882497416,2026.9665282977,2346.2882597743
6837,86.1800000000,7488.3898332612,4992.0460455022,754.7330514445,985.4898744021,756.1208619125
6838,59.8200000000,5208.9062701707,3472.7587575931,755.7180513530,684.1405576624,296.2889035623
6839,165.5200000000,14369.7593626108,9579.9743607506,754.3228133681,1892.6672427780,2142.7949457142
6840,58.4400000000,5094.7918580367,3396.4999693668,756.2725330342,668.4050287737,273.6143268620
6841,33.3200000000,2904.8334139251,1936.5119228330,756.2725330342,381.0960910120,-169.0471329541
6842,26.5500000000,3874.1568164483,2583.0807825035,1096.1853728800,303.6688067554,-108.7781456906
6843,151.5700000000,22052.8298872596,14701.8240107770,1093.7544670621,1733.4952130496,4523.7561963710
6844,172.4500000000,20478.7916766474,13652.8774360486,934.9012987172,1972.1296864410,3918.8832554407
6845,99.2000000000,14395.6744264924,9596.7280727528,1091.5804976578,1134.4839177399,2572.8819383419
6846,4.8800000000,425.7931102739,283.8571164286,756.6624014288,55.8175973660,-670.5440049495
6847,91.2700000000,10777.8433242964,7185.4631907453,931.2135751301,1043.5800746990,1617.5864837220
6848,50.4800000000,6017.8645608638,4012.1258079751,937.4569555241,577.3582946990,490.9235026656
6849,138.6300000000,16501.0566247334,11000.6915144382,936.4401288793,1585.4830005685,2978.4419808475
6850,48.9400000000,4266.0175914871,2843.8180749746,756.2106627622,559.7447492585,106.2441044918
6851,132.8000000000,11555.0084522707,7703.4417306677,755.3660261078,1518.7204457135,1577.4802497817
6852,29.6200000000,3536.3662851602,2357.5215230889,938.4454697809,338.7916336725,-98.3923413822
6853,49.8800000000,5957.4127156496,3971.6798210356,938.6878670654,570.5312222894,476.5138052592
6854,39.1800000000,4678.3594526702,3118.7780587443,938.5322790142,448.1402669056,172.9088480061
6855,3.5700000000,311.1909031796,207.6945785094,756.2106627622,40.8314007939,-693.5457388859
6856,153.2200000000,18184.2644438817,12122.7371691970,934.5057179604,1752.1835323569,3374.8380243674
6857,365.7200000000,43137.5399609102,28758.5950609866,930.4637478382,4181.4948238144,9266.9863282711
6858,171.6000000000,14904.4639900342,9936.3597514506,754.5370947577,1962.2416380967,2251.3255057292
6859,307.3400000000,26619.8408859226,17746.6127582810,753.2396180813,3513.8697274397,4606.1187821206
6860,219.0200000000,19014.4072957892,12676.2644165733,754.3228133681,2504.4223025207,3079.3977633271
6861,22.8200000000,1989.1810673833,1326.0500012522,756.2106627622,261.0007188001,-354.0803154313
6862,16.1500000000,1929.2652325955,1286.2043694241,938.8222665727,184.7261865422,-480.4875899434
6863,149.2600000000,21716.7341094700,14477.8571596879,1093.7544670621,1707.0759088195,4438.0465739005
6864,84.1700000000,7337.9300255125,4891.9738364761,756.2725330342,962.6908157406,726.9928402616
6865,89.0500000000,10554.0018237114,7035.9150788531,933.6011095794,1018.3090428812,1566.1765923977
6866,35.2300000000,3074.8887469570,2050.1228860697,756.8108245191,402.9695959218,-135.0145595536
6867,35.4700000000,5188.3596939395,3458.6815424038,1098.2245360874,405.7137103880,225.7399050604
6868,4.3400000000,378.7804012857,252.4488755383,756.7903865069,49.6418805493,-680.1007413088
6869,29.5900000000,2582.3927184081,1721.7580576598,756.7683859227,338.4560097409,-234.5897349153
6870,43.9300000000,5246.1810788395,3497.0870861705,938.6129255746,502.4727566160,308.0083104783
6871,15.5400000000,1356.2782110553,904.1192286722,756.7903865069,177.7499593862,-482.3813635100
6872,93.7900000000,13638.2998575086,9092.1340426486,1093.2784533794,1072.6570772799,2380.2302842006
6873,161.2400000000,23359.3480022975,15572.4344620450,1090.1749041379,1843.9326798594,4852.8059562553
6874,28.8700000000,3450.1465154583,2299.9315480503,939.0835389281,330.2238630841,-119.0924346043
6875,75.7800000000,6593.6637086828,4395.6492998184,755.3660261078,866.6312904832,576.0170922734
6876,276.7900000000,23973.7937099451,15982.6422130302,753.2396180813,3164.5864575325,4073.3254213011
6877,16.7500000000,1996.8152019506,1331.5732074191,937.4569555241,191.5759000834,-463.7908610759
6878,7.0100000000,611.8088970076,408.0278337189,756.7903865069,80.1819314863,-633.1912547046
6879,97.1800000000,8465.5421691834,5643.8702591055,755.9089524359,1111.4406861790,954.3222714629
6880,31.6400000000,4524.5373771563,3016.7241827491,1079.4039103234,361.7454225815,66.6638615023
6881,18.2800000000,2178.6433737929,1452.0510750116,937.2848285391,209.0732880515,-419.7658178094
6882,61.3000000000,8908.2992174482,5938.4015958356,1092.7603591096,701.0668034889,1176.0704590142
6883,29.7100000000,4342.5244456642,2895.3450440734,1097.5884505866,339.8239380620,9.7670129423
6884,53.2200000000,6358.7309392019,4239.1984248858,938.9383947274,608.7421389019,571.8519806867
6885,23.0800000000,3377.1572833685,2251.5713465404,1098.5078760990,263.9960775886,-236.9180168595
6886,170.6300000000,14832.1699320348,9887.8774778777,754.9124345824,1951.2399784606,2238.1400411141
6887,81.4800000000,9686.1254571432,6457.2158552537,935.5962830805,931.8321534017,1361.4811654072
6888,68.5500000000,8179.0741388479,5452.5725458845,938.0257820855,784.0538125098,1004.4219983681
6889,28.7700000000,2506.2116506216,1670.7960906909,755.9089524359,329.0404254103,-249.5338179155
6890,120.8200000000,14319.3093805819,9545.9184918147,933.6011095794,1381.6069462202,2458.1828329675
6891,48.0100000000,4189.2656135514,2792.7060693994,756.6918581469,549.1420204915,90.7256655137
6892,8.6500000000,1256.1942760940,837.6511113273,1092.1959456200,98.9257044718,-772.5784853251
6893,110.6500000000,15885.3197437931,10590.3437695261,1082.6437912211,1265.1707600027,2947.1614230432
6894,91.5000000000,10898.7288685524,7266.0140811337,936.8966040123,1046.4901503667,1649.3280330397
6895,9.2000000000,803.0123510378,535.2307959028,756.8298005211,105.2321686110,-594.2804139972
6896,45.7900000000,5452.3213489072,3634.5807157390,936.6776962357,523.6969440228,357.3659929097
6897,39.2900000000,5745.5759008061,3830.7034311365,1097.9977895315,449.4050693029,367.4696108352
6898,354.2100000000,50652.2245373741,33767.8481101272,1079.4039103234,4049.7422924332,11755.2302244904
6899,14.5300000000,1268.1288549957,845.4101878493,756.7903865069,166.1973558483,-500.2690752087
6900,71.3800000000,8489.3927597975,5659.7541795207,935.9015508839,816.3372006012,1077.3998287917
6901,124.8600000000,14835.5402717649,9890.0274672008,935.2637903541,1427.9174311128,2582.3315830972
6902,31.4900000000,3750.8302958548,2500.9085293421,936.8966040123,360.1527304377,-47.1275679372
6903,15.0200000000,1305.6273362197,870.5631257697,754.9124345824,171.7612640009,-491.6094881334
6904,288.5500000000,33892.9990313691,22595.4423741941,927.7291392802,3298.7562796911,7071.0712382037
6905,302.9200000000,43690.1163918209,29126.5663149809,1086.4759890134,3463.8825000715,10013.1915877551
6906,162.7900000000,14078.1119051921,9385.2929527598,752.5246171233,1861.0450000725,2079.2493352365
6907,21.8700000000,1905.4842890021,1270.1818272659,755.9935047728,250.1283015139,-370.8193445505
6908,8.3800000000,731.2236167790,487.7213948951,756.6918581469,95.8510754368,-609.0407116997
6909,62.6900000000,9163.0042914403,6109.0264542490,1097.5884505866,717.0502415720,1239.3391450326
6910,106.0500000000,15429.8516167044,10286.4775178777,1093.7544670621,1212.8862396510,2836.7333921136
6911,20.0700000000,1751.0426619891,1167.3897119181,756.6307199789,229.5603664317,-402.5381363397
6912,78.5000000000,11171.7942873093,7448.3090704921,1075.4639149027,897.4263315049,1750.5949704095
6913,30.1700000000,2633.4560079004,1755.4256251857,756.8474066171,345.0936594821,-223.9106833845
6914,173.3100000000,15070.4499661439,10046.9997377104,755.0768121019,1981.9274767835,2286.4459395480
6915,64.3200000000,5598.0500633688,3732.0796533892,755.4932545847,735.5847337604,374.8924216345
6916,48.2600000000,4211.5565671778,2807.8201235358,756.7447129152,552.0053103731,94.9864203538
6917,9.2100000000,803.4210591328,535.8669488969,756.5599770292,105.3428818251,-594.3487486183
6918,56.5300000000,6728.7364278740,4486.0564974579,936.4401288793,646.5220660906,659.7177354463
6919,23.6900000000,2067.7568039223,1378.2886298636,756.8298005211,270.9728341734,-338.3344606359
6920,215.2000000000,25523.3364746788,17015.9128705675,934.0736028865,2460.9203737017,5112.4296275231
6921,8.3200000000,991.3130091013,660.8544588792,937.0984891794,95.1572074849,-701.7971464421
6922,269.0700000000,31864.4814099060,21243.0161718612,933.0839460749,3076.8086105052,6611.5726814647
6923,13.6000000000,1988.7969521752,1326.0127261626,1097.9977895315,155.5588939303,-590.7724574492
6924,10.0100000000,873.7123515096,582.3754774072,756.8298005211,114.4971747605,-579.9901011792
6925,46.5900000000,6808.4857534313,4538.6412625875,1097.4304909789,532.8957385179,639.5182613470
6926,46.0300000000,5500.5019108989,3667.1394089031,939.0386843848,526.5039914310,367.8198261801
6927,451.1800000000,64518.9877947332,43012.6480250035,1079.4039103234,5158.4165537393,15268.5193056670
6928,13.5000000000,1972.8387566285,1314.8594233674,1097.4304909789,154.4128025325,-593.8639602504
6929,151.2300000000,17993.7918146523,11995.9993716928,936.1820858981,1729.5649704996,3332.0453865617
6930,24.0400000000,2096.5214310920,1397.7638209030,756.4322921394,274.9621247664,-332.6368067168
6931,326.8700000000,47144.4221081291,31429.4462797511,1086.4759890134,3737.7501412860,10890.7496980786
6932,19.8900000000,2903.9971376701,1935.5890270691,1096.6652581846,227.4970423867,-355.7541899703
6933,32.5000000000,3873.4086240847,2582.4452663181,937.2848285391,371.7112615796,-18.0327323521
6934,97.5000000000,8478.2694114536,5652.0659185118,755.0768121019,1114.9842997311,956.1423811089
6935,38.2400000000,3334.1677590183,2222.8874765654,756.3298557505,437.3715972975,-82.4211705950
6936,71.1500000000,8487.6741416975,5658.0765305756,937.8995482845,813.7866516250,1077.9114112123
6937,151.3800000000,21950.2240546844,14633.2095041001,1090.9087661794,1731.2040743381,4494.9017100668
6938,106.3600000000,9265.2301411231,6176.6831856644,755.9089524359,1216.4316874048,1116.2063156180
6939,43.2200000000,3771.9166370260,2514.5535077597,756.7683859227,494.3585245354,6.2362188082
6940,23.7000000000,3422.5981129319,2282.2109582865,1087.5315179624,271.0154330857,-218.1597964027
6941,59.7600000000,8733.0995626756,5821.8173263557,1097.4304909789,683.5340058774,1130.3177394636
6942,5.4300000000,788.5705108891,525.9669768799,1092.1959456200,62.1001821135,-891.6925937244
6943,21.5300000000,1878.7789276261,1252.4481887371,756.7192474217,246.2626446656,-376.6511531983
6944,163.9900000000,14229.7505552371,9486.7016918840,754.0882497416,1875.1184124530,2113.8422011585
6945,34.2400000000,4091.6181931171,2727.9418885787,939.0386843848,391.6466797001,32.9909404535
6946,16.0300000000,2335.6827981993,1557.3254470661,1094.9662915433,183.3394314806,-499.9483718907
6947,393.5100000000,56272.1461215157,37514.4249177349,1079.4039103234,4499.0657787623,13179.2515146951
6948,39.6400000000,4723.0345770164,3148.7771276009,937.0984891794,453.3691952767,183.7897649595
6949,287.1800000000,41228.6138637371,27485.4447248013,1082.6437912211,3283.6126421831,9376.9127055316
6950,126.4400000000,14913.8973877761,9942.6700512355,930.4637478382,1445.6639109786,2595.0996777238
6951,148.1300000000,17472.2842458975,11647.9535774649,930.4637478382,1693.6586138347,3200.2083067597
6952,51.1300000000,4460.9273197559,2974.1497891329,756.6307199789,584.8241921103,145.3226185338
6953,69.5600000000,8294.4420376345,5529.8885400180,937.6160751321,795.5895585472,1031.3478639373
6954,18.5500000000,2214.9966270299,1477.0169312815,938.5322790142,212.1746286651,-412.7272119308
6955,28.6100000000,2496.9832444204,1664.4013073283,756.7903865069,327.2475121004,-251.4559615153
6956,61.6300000000,9006.3742645197,6003.9966440511,1097.4304909789,704.9230385245,1200.0240909651
6957,60.8000000000,8869.0381925807,5913.1017622996,1095.9158827522,695.4025396362,1164.6180078928
6958,23.3200000000,3403.8499648764,2269.1706498111,1096.4346045105,266.7269862543,-228.4822756995
6959,572.6600000000,81498.5951155481,54332.2390335898,1075.4639149027,6546.7536687850,19544.1384982706
6960,62.8100000000,7495.5292188230,4997.1261240780,938.1427889439,718.4056929265,841.8546128746
6961,24.0700000000,3490.1697251701,2326.9935602850,1090.9087661794,275.2680807856,-203.0006820798
6962,406.5200000000,57854.2396646747,38569.5384425483,1075.4639149027,4647.4108571133,13561.8264501104
6963,221.5300000000,19232.3150773271,12821.8165132145,754.3228133681,2533.1233342956,3123.0524164489
6964,26.4700000000,3872.7915164344,2581.8957191418,1098.4202960231,302.7712503406,-110.2957490711
6965,3.8000000000,452.3120188559,301.3888086147,936.4401288793,43.4598240075,-828.9767426457
6966,5.4400000000,649.0760512813,433.0819339830,938.0257820855,62.2210465362,-784.2527113234
6967,379.6300000000,44721.8374254750,29814.5209330963,929.6388554362,4340.3734125982,9637.3042243442
6968,29.3500000000,4287.2886334044,2858.0953919786,1097.0767788299,335.7018003871,-3.5853377911
6969,29.8200000000,2601.8751123707,1734.2977479359,756.6624014288,341.0821216092,-230.1671586032
6970,62.2100000000,7395.3591640756,4930.4554903456,935.5962830805,711.4540778488,817.8533128007
6971,21.0600000000,2515.5636232213,1677.4004972373,938.7575205857,240.8867299887,-341.4811245905
6972,9.3000000000,809.6227788361,539.7796585678,755.6102914559,106.3594279293,-592.1265991169
6973,141.9200000000,20495.1529192953,13663.2366581624,1087.5315179624,1622.8907284189,4121.4940147516
6974,37.5100000000,4482.3772904154,2988.3557464868,939.0386843848,429.0498526738,125.9330068699
6975,67.9900000000,9924.0033924506,6615.8930945605,1096.4346045105,777.6487047782,1434.0269886015
6976,116.1200000000,13660.3680552647,9106.8840554842,928.7304688664,1327.5648760081,2297.1886549059
6977,24.2600000000,2896.4296447666,1931.0352174045,938.4454697809,277.4843022584,-250.5353446773
6978,2.4000000000,286.6113041023,190.9485928486,938.6129255746,27.4512773931,-870.4014917140
6979,238.5800000000,34494.0858704855,22996.2104146937,1088.4939688877,2728.2824477591,7681.0990391451
6980,45.4600000000,5423.0452070494,3615.5034483915,937.8995482845,519.9541979322,349.6880124412
6981,21.6000000000,2577.2137330287,1718.1283282605,938.0257820855,247.0541553641,-325.9945326815
6982,94.5700000000,8236.5624482622,5490.8395204522,755.8173576902,1081.5777779972,908.3277921225
6983,29.0800000000,3448.9713042921,2299.4476852118,934.0736028865,332.5444445504,-117.0944283566
6984,38.3500000000,5597.6692175391,3731.5250685783,1096.4346045105,438.6355026951,331.0740417551
6985,18.3100000000,2678.6115773588,1785.4625241604,1098.3260134850,209.4343826662,-414.6113429528
6986,32.6100000000,2843.6084357149,1895.8687895085,756.3829978112,372.9807829865,-181.6241345914
6987,12.0300000000,1434.7952273133,956.2833096962,937.7632772109,137.5936274971,-596.8449870909
6988,184.5300000000,15982.8178521484,10655.0948086868,753.2396180813,2109.7624155803,2464.7210098001
6989,43.2900000000,6331.4029806476,4220.9627431429,1098.1153248667,495.1591977589,517.1657148792
6990,104.5000000000,12443.0570203276,8295.1391710560,936.6776962357,1195.1590008820,2016.0811521540
6991,70.9100000000,10311.2468588968,6874.5403737099,1093.2784533794,810.9831895716,1532.4448422359
6992,110.7100000000,9615.8112373933,6410.5546783552,754.5370947577,1265.9660358607,1184.7534284197
6993,64.8000000000,7718.4440511715,5145.9023237491,936.8966040123,741.1208933744,894.5242300358
6994,59.1400000000,5155.8177700940,3437.0551928816,756.2725330342,676.4112491731,286.0787950050
6995,3.9100000000,340.3897919623,226.8639144705,755.6102914559,44.7167057208,-686.8011196850
6996,171.2100000000,20319.3311280315,13545.9156487491,934.5057179604,1957.9124303278,3880.9973309941
6997,94.3800000000,11219.6431105201,7479.7250904675,935.5962830805,1079.3608080272,1724.9609289449
6998,119.6900000000,17453.3816349575,11635.2102250794,1095.6242774865,1368.9493137221,3353.5978186695
6999,72.3600000000,8630.2396216451,5753.3766337460,937.7632772109,827.6205225012,1111.4791881870
7000,138.8400000000,20114.1892622115,13409.5963423165,1090.1749041379,1587.7673857087,4026.6506300484
7001,70.9400000000,6186.0037543579,4123.8605786389,756.3829978112,811.3847514586,494.3754264491
7002,255.0500000000,36875.3315502864,24583.1159759982,1088.4939688877,2916.6251919731,8287.0964134274
7003,58.0500000000,8488.9458142478,5658.9937050880,1097.9977895315,663.9848376949,1067.9694819334
7004,28.0200000000,4051.1538523388,2700.5234990621,1088.4939688877,320.4228107394,-58.2864263503
7005,104.3600000000,12434.3059651220,8289.8360797641,937.0984891794,1193.5824727314,2013.7889234471
7006,48.5600000000,4234.4564746493,2823.0454967864,756.3829978112,555.4108194366,99.6171606151
7007,60.0100000000,7147.8985726976,4765.1055517917,936.8966040123,686.3374199290,759.5589969647
7008,115.7800000000,16845.5277716363,11230.3378188960,1093.7544670621,1324.1675514078,3197.2679342704
7009,29.2500000000,2551.5815395913,1700.7950986727,756.5599770292,334.5580123108,-240.3315484214
7010,62.8700000000,5482.8744747401,3655.3508123931,756.4322921394,719.0877198030,352.0036504047
7011,8.6300000000,1261.3929978486,841.3175389847,1097.5884505866,98.7102182927,-776.2232100153
7012,18.9400000000,2719.0958513099,1813.1327854442,1082.6437912211,216.5597306322,-393.2404559876
7013,137.8400000000,16258.5543809796,10838.6664802713,930.4637478382,1576.0069083303,2913.4172445397
7014,137.2000000000,16115.4720745238,10743.9113249844,927.7291392802,1568.4954481844,2875.3361620747
7015,136.7300000000,16060.2660112947,10706.9906675103,927.7291392802,1563.1223223780,2862.4238821263
7016,23.0200000000,3362.6366044623,2241.3027693935,1097.0767788299,263.3000151588,-239.0429589199
7017,72.1400000000,6285.3971928950,4190.3547536763,755.9935047728,825.0688464202,513.9800880257
7018,5.8600000000,856.8083080320,571.4910716678,1097.8712831691,67.0273617158,-879.5814085206
7019,103.6500000000,12225.7629250474,8150.6771931640,930.4637478382,1185.0922522377,1959.5297318075
7020,53.6400000000,6406.4879323866,4270.7362936895,938.6878670654,613.5383874018,583.5253842299
7021,131.1200000000,11397.7267859603,7598.6188878908,754.9124345824,1499.4232314115,1544.7722320756
7022,101.7300000000,8863.5078518604,5908.8360493889,755.9935047728,1163.4911802929,1035.1871174057
7023,148.4200000000,17561.4095941909,11707.7212215744,932.5173167244,1697.1343171406,3224.0367387515
7024,38.6400000000,3368.6303455602,2245.7455021336,756.2725330342,441.9433660475,-75.3310556550
7025,43.4700000000,3794.0793025893,2529.1502085449,756.8108245191,497.2207872473,10.8974822779
7026,7.8700000000,686.7219408175,457.6563774016,756.6918581469,90.0176567646,-617.6439514955
7027,34.9700000000,5113.8403983505,3408.7902909938,1097.9977895315,399.9922441721,207.0600736530
7028,61.7900000000,7362.1671673523,4907.8162019705,937.0984891794,706.7023858765,810.5500903259
7029,87.4400000000,10428.8025499813,6952.6499647585,937.7632772109,1000.0986523978,1538.2906556141
7030,9.2000000000,803.0123510378,535.2307959028,756.8298005211,105.2321686110,-594.2804139972
7031,7.8300000000,1144.0142378555,762.6164029050,1097.2602780930,89.5590307784,-805.4214739209
7032,6.7900000000,809.4552370892,539.5917572548,937.4569555241,77.6597230786,-745.2531987682
7033,35.8300000000,3127.5017820044,2084.9055117590,756.8474066171,409.8344653379,-124.0856017096
7034,11.5000000000,998.8422837144,665.7114473677,754.5370947577,131.5022076813,-552.9084660923
7035,95.2600000000,8302.4654612480,5535.1617507898,756.1438402539,1089.5143008638,921.6455693405
7036,160.2600000000,18903.0464676131,12601.7562277288,930.4637478382,1832.3481364555,3538.4783555907
7037,49.5200000000,5894.3397825636,3929.6463892461,936.4401288793,566.3501275925,461.9031368458
7038,18.0300000000,2143.3583946035,1428.7115341342,935.5962830805,206.1970265812,-427.1464491925
7039,110.7300000000,13193.2799877152,8795.1953718482,937.0984891794,1266.4372097120,2194.5489169756
7040,261.3600000000,22652.4504364250,15101.7242875264,753.5492527343,2988.2847182329,3808.8921779314
7041,40.5700000000,3540.6445618729,2360.2307293051,756.7683859227,464.0473239334,-40.4018772884
7042,6.1000000000,532.3871999638,355.1896969784,756.7903865069,69.7731500808,-649.3660336023
7043,6.9700000000,824.7070803902,549.8734037530,932.5173167244,79.6996778768,-737.3833179640
7044,35.6100000000,5210.0531129667,3473.4023127469,1098.4202960231,407.3171221998,230.9133819970
7045,58.2400000000,6939.1910637093,4625.9812121544,937.0984891794,666.1004523944,710.0109099812
7046,98.3600000000,14356.8903321289,9570.8575407590,1096.4346045105,1125.0114222971,2564.5867645623
7047,259.8600000000,36982.1969872635,24654.4804116289,1075.4639149027,2970.7669618456,8281.4856988863
7048,37.2900000000,4432.9359142964,2955.4718990424,935.5962830805,426.4607388359,115.4069933376
7049,54.9500000000,8006.5982383687,5337.5000365255,1094.9662915433,628.4779638092,945.6539464907
7050,40.8700000000,5963.7208696136,3975.6058134004,1096.1853728800,467.4555228660,424.4741604671
7051,83.7000000000,9982.7398608581,6654.7912289515,937.7632772109,957.3222461767,1432.8631085190
7052,58.7600000000,5098.7264017668,3399.2829150829,754.0882497416,671.8821752286,273.4730617137
7053,135.8700000000,11818.6192279854,7878.8223802673,755.2275891446,1553.8026123325,1630.7666462410
7054,2.0300000000,242.2929532397,161.6723302041,938.2513041608,23.2187796312,-880.8494607565
7055,69.5800000000,6037.6001197231,4025.0923220437,754.0882497416,795.6017997346,462.8177482032
7056,82.2200000000,9790.1258202042,6526.9647688046,936.6776962357,940.3442397370,1386.1391154269
7057,243.6500000000,28702.8835674656,19135.1599686154,929.6388554362,2785.6912835644,5852.3934598496
7058,23.8300000000,2070.6466665887,1380.2892291711,754.7330514445,272.5020156301,-336.8776296570
7059,28.4500000000,2481.5850370581,1654.6513724080,756.5205193927,325.4060495110,-254.9929042536
7060,4.3800000000,382.2132699955,255.0087806965,756.7192474217,50.0989495418,-679.6137076645
7061,13.5800000000,1622.4026917691,1081.9938952644,938.8824522502,155.3306053492,-553.8042610946
7062,79.0000000000,6886.2972972514,4590.5827352587,756.2106627622,903.5520063633,635.9518928672
7063,11.2100000000,976.5252903534,651.2157991276,755.9089524359,128.2079655492,-558.8074267592
7064,111.1800000000,13194.9257333949,8796.2718073523,934.5057179604,1271.4251737857,2192.7230342965
7065,71.5700000000,6240.9400718832,4160.7631341525,756.3829978112,818.5904519579,505.2034879616
7066,225.3500000000,19504.0697056584,13002.8094821253,752.8992265782,2576.3584637309,3172.0025332241
7067,60.6600000000,8860.8834242696,5907.3096247582,1097.0767788299,693.8218470692,1162.6751736123
7068,162.1900000000,23422.4129930982,15615.1276093285,1087.5315179624,1854.6832528344,4865.0706129730
7069,9.8200000000,856.9723474862,571.5584901080,756.7447129152,112.3226719408,-583.6535274777
7070,283.5200000000,40834.9385716873,27223.4500540409,1085.3172731391,3241.9587764162,9284.2124680912
7071,65.1500000000,5681.7126137954,3787.6313001757,756.4322921394,745.1656584247,392.4833630556
7072,55.8200000000,6646.6166782267,4431.3506624325,936.6776962357,638.4093342510,640.1789853074
7073,36.6200000000,3196.4587010047,2130.8166434946,756.8474066171,418.8707262259,-110.0760753328
7074,405.9900000000,47760.7029517474,31840.1132835400,928.7304688664,4641.5610059467,10350.2981933943
7075,18.8500000000,1633.7568515711,1089.3047027068,753.5492527343,215.5232894808,-424.6203933508
7076,157.7400000000,18708.4158713561,12472.2042445889,934.0736028865,1803.8363371176,3498.3016867630
7077,58.6600000000,8435.7233697587,5623.4270127417,1084.0440787886,670.7387406213,1057.5135376071
7078,23.3700000000,2039.7431171270,1360.0954334565,756.8108245191,267.3119346209,-344.4750754695
7079,51.7000000000,4511.7586929775,3007.7094315517,756.7447129152,591.3525600143,155.9519884964
7080,2.4900000000,216.9088289902,144.7146220283,755.9089524359,28.4779513129,-712.1926967869
7081,72.7400000000,8681.9652308632,5787.8694213078,938.2513041608,831.9872070802,1123.8572983143
7082,90.5700000000,13211.6577154940,8807.9409552281,1095.9158827522,1035.8981581389,2271.9027193749
7083,20.5300000000,1790.0225965650,1193.5939276340,756.3298557505,234.8127325449,-394.7139193644
7084,73.9100000000,8822.9545265264,5881.8418038372,938.3519954833,845.3737671759,1157.3869600300
7085,180.4600000000,21370.8860714002,14247.0679030501,933.0839460749,2063.5555128843,4127.1787093909
7086,4.6500000000,405.5648820844,270.1226822411,756.4780410728,53.1855830617,-674.2214242912
7087,28.3400000000,2469.6143361717,1646.6521661343,756.0716187804,324.1292379955,-257.2386867386
7088,128.8000000000,18717.6009658619,12477.9297335809,1092.7603591096,1473.0408530076,3673.8700201638
7089,185.4400000000,21815.1795743049,14543.8297602509,928.7304688664,2120.0794919647,4222.5398532228
7090,13.9100000000,1209.1395637028,806.0769683052,754.9124345824,159.0678550102,-510.9176941951
7091,224.9700000000,19521.1109361040,13013.9910765725,754.0882497416,2572.3848359629,3180.6467738270
7092,49.4400000000,7233.5025527962,4822.2402108636,1098.4202960231,565.5085234922,747.3335224174
7093,36.2300000000,5274.0810736790,3515.7636624126,1094.1922130533,414.3643513419,249.7608468711
7094,41.7800000000,3644.9041049992,2429.6462183177,756.5966414806,477.8769228506,-19.2156776498
7095,45.9600000000,5484.7082136141,3656.4337493253,938.1427889439,525.6794403264,364.4522350185
7096,14.2700000000,1703.9354106586,1136.1668702165,938.5322790142,163.2200512696,-533.9837898417
7097,446.0300000000,52390.5540043721,34926.9419705680,927.7291392802,5099.0963903331,11436.7865041907
7098,6.0900000000,889.3841215070,592.6176346657,1096.8788562489,69.6563388936,-869.7687083011
7099,42.2300000000,3685.5168806480,2457.0607079433,756.7683859227,483.0347175180,-11.3469307360
7100,171.8600000000,24847.6552841883,16565.0668241437,1088.4939688877,1965.3056478828,5228.7888432741
7101,211.5200000000,25103.3521418212,16735.2071812394,934.5057179604,2418.8869649141,5014.7522777074
7102,24.7600000000,2958.9756744976,1972.5539042738,939.0835389281,283.2124298567,-235.8741985609
7103,20.8900000000,3056.0456499740,2037.1048933374,1098.3260134850,238.9450712122,-318.3303280606
7104,2.1100000000,184.1255707056,122.6624514743,756.7192474217,24.1344254642,-719.3905536546
7105,125.7600000000,10948.1893189701,7298.7597310685,755.6102914559,1438.2539415467,1455.5653548989
7106,25.7500000000,3739.5378739215,2493.4730755789,1092.1959456200,294.4898138902,-140.6209611676
7107,34.7400000000,5010.5461621942,3340.7976953709,1086.4759890134,397.2510169434,186.0214608665
7108,11.5800000000,1382.8995422937,922.0089197548,938.6129255746,132.4524134217,-610.1747164574
7109,72.7600000000,10591.8338095745,7061.5765868972,1094.1922130533,832.1598179309,1603.9051916931
7110,572.6600000000,81498.5951155481,54332.2390335898,1075.4639149027,6546.7536687850,19544.1384982706
7111,191.3700000000,22598.3990026361,15065.4321173991,931.2135751301,2188.1222624646,4413.6310476424
7112,21.9400000000,3206.8322564077,2137.4013152583,1097.5884505866,250.9504275018,-279.1079369391
7113,47.6100000000,5687.9670217324,3791.6829547090,938.8824522502,544.5721738346,412.8294409386
7114,20.6700000000,2967.4609950674,1977.9630386664,1082.6437912211,236.3405296815,-329.4863645016
7115,97.8500000000,11655.0887408509,7770.3125088611,936.8966040123,1119.1154230971,1828.7642048804
7116,52.3500000000,6251.7090707318,4168.1349981814,938.6129255746,598.7809881368,546.1801588390
7117,76.0800000000,11011.3300151609,7340.7315911538,1089.3723944003,870.0308258825,1711.1952037243
7118,25.4100000000,3714.6697894543,2476.6640813749,1097.7350963539,290.6415067838,-150.3708950583
7119,51.3700000000,6128.0649425017,4085.1461643682,937.8995482845,587.5505311873,517.4686986617
7120,42.9800000000,3746.4944029856,2497.6604441257,756.2106627622,491.5780409303,1.0452551674
7121,33.2900000000,2905.3008988106,1936.5995727632,756.7683859227,380.7773086947,-168.8443685699
7122,74.6700000000,10907.3881518333,7271.2031704744,1097.0767788299,854.0665565556,1685.0416459735
7123,137.4200000000,16227.5800331413,10818.2624247281,931.2135751301,1571.2586158117,2906.8454174715
7124,63.4300000000,5503.9519343783,3669.5187953614,754.0882497416,725.2805713879,355.0643178873
7125,35.6500000000,3111.6728602714,2074.3659861932,756.8298005211,407.7746533677,-127.2975798106
7126,64.0400000000,5572.1591964113,3714.6332111142,755.3660261078,732.3709137311,369.7890454582
7127,34.5500000000,3011.6654635448,2007.7142589240,756.2106627622,395.1610356943,-147.4204938358
7128,34.9000000000,3045.4892974524,2030.3863678239,756.7192474217,399.1902600478,-140.8065778409
7129,235.4900000000,34007.9168613645,22671.9641250827,1087.5315179624,2692.8871028422,7555.5341154772
7130,94.3500000000,8219.0152671584,5479.4218249824,755.9089524359,1079.0741792652,904.6103104749
7131,68.5100000000,9982.3848100208,6655.2369532737,1094.9662915433,783.5673394098,1448.6142257940
7132,180.6900000000,26258.4108580868,17505.5335386441,1092.7603591096,2066.4887556673,5593.6282046658
7133,33.8000000000,2940.0848598359,1960.2811663823,755.2275891446,386.5351313523,-161.9590270433
7134,181.1400000000,26286.6175969238,17524.4599589400,1091.5804976578,2071.5767828570,5599.0003574690
7135,28.9600000000,3454.7159963958,2303.4857021711,937.8995482845,331.2334705701,-117.9027246299
7136,15.9500000000,1391.6803501782,927.7281366204,756.6624014288,182.4366143416,-475.1468022127
7137,20.9800000000,2496.2623306976,1664.3986795257,936.1820858981,239.9409712430,-344.2594059692
7138,64.1600000000,7642.2125049871,5094.4433005116,936.8966040123,733.8011808473,877.0714196160
7139,20.6400000000,3017.3468891907,2011.8356320846,1097.7350963539,236.0818850853,-328.3057243331
7140,29.6700000000,4338.1403582441,2892.3023749040,1097.8712831691,339.3689116223,8.5977885488
7141,211.0200000000,25027.5765004030,16684.7924038970,934.0736028865,2413.1199686735,4995.5905249460
7142,127.1600000000,11057.4024447225,7371.8226303721,755.0768121019,1454.1682415775,1476.3347606710
7143,61.2300000000,8939.7558943961,5960.0810635493,1096.6652581846,700.3340324453,1182.6755402169
7144,62.0000000000,5403.6621729726,3602.3370503622,756.1438402539,709.1107143980,336.0705679586
7145,21.9300000000,1909.9906364639,1273.5407252760,755.8173576902,250.8089317065,-370.1763782088
7146,18.4500000000,2697.6302531042,1798.1060547596,1097.8712831691,211.0332463576,-409.3803311820
7147,126.0500000000,14927.4087847722,9951.6832516827,933.0839460749,1441.3785459330,2601.2630410816
7148,25.1700000000,2196.7517742769,1464.7905685306,756.7903865069,287.9000307434,-312.7292115040
7149,42.7500000000,5104.6418224005,3402.8197762985,938.5322790142,488.9738746864,274.3158924014
7150,96.5400000000,8397.5086499574,5598.1106386110,755.2275891446,1104.0266739867,940.1437482151
7151,207.6700000000,29864.4165052471,19909.9713153827,1084.0440787886,2374.5706489061,6495.8304621697
7152,299.0800000000,35232.7454026580,23488.3305670402,929.6388554362,3419.4317631375,7395.3442170441
7153,277.1000000000,23963.6636705494,15975.8542262533,752.5246171233,3167.8577892996,4067.4270378731
7154,29.0000000000,3464.3152783449,2309.3214814660,938.8222665727,331.7064649983,-115.5349346921
7155,78.3800000000,9255.6958448379,6170.4163459560,931.2135751301,896.1959707999,1257.8699529519
7156,84.5100000000,7357.1205418747,4904.9542887245,755.6102914559,966.4984144411,730.0575472532
7157,56.2000000000,4900.1105663397,3266.6781177352,756.3298557505,642.7898474926,234.3127453614
7158,463.4300000000,66270.7445226145,44180.4122247773,1079.4039103234,5298.4728567299,15712.4555307839
7159,51.2700000000,7495.1247581787,4996.9058298708,1097.7350963539,586.4301476900,814.0536842639
7160,55.9800000000,8109.9993870542,5407.0952993212,1090.1749041379,640.1845163640,972.5446672311
7161,318.6800000000,37589.0605784285,25058.9969023873,930.4637478382,3643.6584557945,7955.9414724085
7162,37.7900000000,3297.6802450065,2198.2402487886,756.7192474217,432.2464162523,-89.5256674561
7163,11.2000000000,1337.3564540558,891.8909931200,938.5322790142,128.1054361752,-621.1722542535
7164,279.5000000000,40255.9443100543,26837.5506331717,1085.3172731391,3195.9913868804,9137.0850168631
7165,26.3200000000,3100.5946870334,2066.9730898995,929.6388554362,300.9209709970,-196.9382292993
7166,36.5200000000,4346.9565601620,2897.9693136033,936.4401288793,417.6717823037,94.8753353758
7167,61.5000000000,5364.4105370500,3576.3125017326,756.5205193927,703.4260824228,328.1514335019
7168,73.9200000000,8814.3351843292,5876.5382693922,937.6160751321,845.4568741778,1154.7239656271
7169,51.8800000000,6197.5405738115,4131.4443381501,938.8222665727,593.4114277280,533.8625413607
7170,21.1400000000,1832.2344743879,1221.3416363683,753.5492527343,241.7062249137,-384.3626396284
7171,16.0700000000,1917.3992911931,1277.9466904417,938.0257820855,183.8037165140,-482.3768978481
7172,49.1000000000,7173.8312999626,4782.9311356109,1097.2602780930,561.6026067967,732.0372794619
7173,19.7800000000,1720.0017329082,1146.5044745736,755.0768121019,226.1988661403,-407.7784199076
7174,466.4900000000,66708.3262032118,44472.3532747208,1079.4039103234,5333.4583495586,15823.1106686090
7175,39.9000000000,3473.5428898450,2315.5765063197,755.6102914559,456.3162553094,-53.9601632401
7176,66.7800000000,5818.3923557185,3879.0356783660,755.9935047728,763.7662540053,419.5969185743
7177,63.0500000000,7453.1662311256,4968.9659435934,931.8958594654,720.9355198803,831.3689081865
7178,184.7600000000,26420.7814729263,17613.7766799222,1079.4039103234,2112.3920441262,5615.2088385545
7179,6.9900000000,834.7554231980,556.4787563017,938.6129255746,79.9518454074,-740.2881040857
7180,59.6900000000,5199.7140571986,3466.5729913154,755.9089524359,682.6702465325,294.5618669148
7181,56.4100000000,8207.4297944205,5471.1902194622,1093.7544670621,645.1571219115,997.3279859847
7182,37.6600000000,3276.8194150039,2184.5581027267,755.3660261078,430.6853312166,-93.7900450472
7183,65.8400000000,5742.4498572989,3828.1448873856,756.4780410728,753.0621051151,404.7648237254
7184,23.8600000000,2850.5543612379,1900.5457986383,938.8824522502,272.9151873071,-261.7890769577
7185,18.8400000000,2250.6103394489,1500.5717643281,938.8222665727,215.4948207093,-404.2785121612
7186,35.8000000000,3119.1740990524,2079.6114230726,755.9935047728,409.4464194877,-125.8772482808
7187,50.3000000000,4389.5834092218,2926.5044001702,756.7447129152,575.3391444626,130.9951516738
7188,37.1200000000,4425.1809132184,2950.3484791834,937.4569555241,424.5550693191,112.8204091918
7189,44.4800000000,6430.9537241981,4287.4290603666,1088.4939688877,508.6511999175,546.3794950263
7190,95.7800000000,13909.6286432699,9272.6029998092,1092.1959456200,1095.3877426952,2449.4419551456
7191,95.7000000000,11273.8188278533,7516.2657814529,929.6388554362,1094.1541384655,1733.7600524988
7192,41.0500000000,4902.8025657060,3268.6347800597,938.6878670654,469.5330127302,225.9469058508
7193,144.0200000000,20929.4168563931,13953.4221546320,1092.7603591096,1647.1067053584,4236.1276372930
7194,12.6500000000,1812.6910384135,1208.2216594472,1081.1023166841,144.6349926754,-621.2679303933
7195,14.2300000000,1695.9570683300,1130.3941913065,937.2848285391,162.7523462239,-534.4742977395
7196,115.9600000000,10097.3716330491,6731.6958507059,755.7180513530,1326.1942338103,1283.7634971800
7197,5.5600000000,485.2349954157,323.7752410713,756.7683859227,63.5963303197,-658.9049618981
7198,81.8900000000,7140.0365529815,4759.8786182976,756.3298557505,936.6202955724,687.2077833610
7199,35.9400000000,5258.8835686423,3506.1782660057,1098.5078760990,411.0926788792,243.1047476583
7200,22.8400000000,2726.0941142826,1817.1969914944,938.2513041608,261.2398654071,-290.5940467798
7201,127.1600000000,18528.0988533388,12352.1197852761,1094.9662915433,1454.3632006911,3626.6495758283
7202,41.9700000000,3661.4797818769,2440.8427446694,756.5966414806,480.0501304940,-16.0097347672
7203,0.7700000000,112.6577056160,75.2570501095,1098.4202960231,8.8074749816,-1069.8271154982
7204,46.6700000000,4036.0309761983,2690.4506464578,752.5246171233,533.5399603992,59.5157522180
7205,89.0400000000,10605.7138629061,7070.4697928313,936.8966040123,1018.3550053404,1579.9924607221
7206,59.5400000000,7022.8839802926,4682.3039194772,930.4637478382,680.7563212564,729.3599917207
7207,57.8700000000,8466.8849662281,5644.2787582137,1098.4202960231,661.9332171217,1062.2526948697
7208,198.5600000000,28554.3339976013,19036.0603606999,1084.0440787886,2270.4037561843,6163.8258019285
7209,94.8900000000,11162.8687974859,7441.8194333994,928.7304688664,1084.8487003480,1707.4701948721
7210,59.3500000000,5175.3499129002,3450.3889405167,756.3829978112,678.8227375115,289.7552370608
7211,16.4700000000,1429.1358719724,952.9370515086,754.0882497416,188.3236798165,-466.2131090943
7212,330.5300000000,47532.5544733439,31688.7711393687,1084.0440787886,3779.3944073913,10980.3448477954
7213,64.1600000000,7642.2125049871,5094.4433005116,936.8966040123,733.8011808473,877.0714196160
7214,89.0800000000,7764.9539650526,5176.3879566954,756.2106627622,1018.8406674284,813.5146781666
7215,39.2100000000,3409.5686525446,2272.8948355581,755.0768121019,448.3952245380,-66.7982196535
7216,19.4600000000,2302.5537710750,1535.0632521438,932.5173167244,222.5187563102,-387.5455541034
7217,409.5600000000,58286.8798510877,38858.2325925674,1075.4639149027,4682.1646921168,13671.0186515008
7218,198.2200000000,17208.6376320488,11472.1516170867,754.3228133681,2266.5810830320,2715.5821185621
7219,133.1000000000,19365.5186250198,12910.0892020642,1093.7544670621,1522.2551484918,3839.4198074018
7220,165.3500000000,23693.9496602106,15796.3794735137,1081.1023166841,1890.5451414134,4925.9227285995
7221,54.2900000000,4708.2504361419,3138.6053567355,753.8312137160,620.7512025354,195.0626631549
7222,51.7400000000,6178.1091904327,4118.6049045349,938.5322790142,591.8013631877,529.1706436960
7223,33.9700000000,2965.1475170161,1976.8793194399,756.8474066171,388.5592181838,-157.1384272247
7224,29.1200000000,3479.2605214122,2319.7330436607,938.9383947274,333.0810049760,-112.4919219519
7225,67.7100000000,9825.9185021956,6550.8100322704,1091.5804976578,774.3538918364,1409.1740804310
7226,94.4200000000,8213.1009605239,5475.5930657121,755.2275891446,1079.7824586475,902.4978470197
7227,15.6600000000,1865.8607839576,1243.9613343608,937.0984891794,179.1059938959,-494.3050334785
7228,21.9200000000,1912.4491853912,1275.1487622490,756.6307199789,250.7206393714,-370.0509362081
7229,59.6100000000,5198.5708197751,3465.7487799047,756.4322921394,681.8008426508,294.5889050802
7230,324.9200000000,38325.0833536557,25550.3497828263,930.4637478382,3715.0040964502,8129.2657265410
7231,42.8000000000,6247.2031945417,4165.1887927645,1096.4346045105,489.5332337771,496.0465634896
7232,35.5400000000,4217.9138385038,2812.0635017656,934.5057179604,406.4260719225,64.9185468552
7233,26.1300000000,3816.0274375992,2543.6972318726,1096.8788562489,298.8703013611,-123.4189518835
7234,29.1500000000,2543.2433282004,1695.4090585395,756.6307199789,333.4172736166,-242.2137239347
7235,76.9300000000,9130.1100617923,6087.0886776024,934.5057179604,879.7512018289,1228.7644644006
7236,12.7100000000,1104.4028171356,736.1542555579,754.7330514445,145.3420318363,-531.8265217030
7237,6.5600000000,782.5599770841,521.8252399740,937.8995482845,75.0307861512,-752.1955973257
7238,70.9000000000,8449.9898906956,5633.5905631780,937.2848285391,810.9024137229,1068.2120852557
7239,207.6100000000,24605.4611860835,16403.9593130564,933.6011095794,2374.0723233304,4893.8284401173
7240,106.1500000000,12639.5263417012,8426.1150527042,936.6776962357,1214.0299324748,2062.7036602865
7241,9.9700000000,1191.0077008655,794.1337583944,938.8222665727,114.0383950356,-655.9867191373
7242,82.3500000000,11974.7733582027,7983.3372081793,1093.2784533794,941.8201334258,1956.3375632182
7243,309.9300000000,36636.9517845003,24424.5689167677,931.8958594654,3543.8468782948,7736.6401299724
7244,331.8500000000,28721.6575630031,19147.8409262704,752.8992265782,3793.9407862839,5026.9766238706
7245,90.1400000000,7801.6278822634,5201.1237928501,752.8992265782,1030.5433854923,817.0614773427
7246,8.0300000000,955.8067135296,637.5532489927,936.4401288793,91.8374702053,-710.0241345477
7247,30.8200000000,4506.2853333698,3003.8128279123,1097.8712831691,352.5227454061,52.0784768823
7248,220.6700000000,31904.6438470954,21270.1026111694,1088.4939688877,2523.4725783678,7022.5746886705
7249,376.5100000000,54144.8040563904,36096.3220412473,1084.0440787886,4305.1456398115,12659.2922965430
7250,32.8900000000,4790.1769112102,3193.6813192677,1094.5951237908,376.1683358388,125.7321323128
7251,141.7700000000,16861.0424706709,11240.7182776559,935.9015508839,1621.3522685519,3063.0703735793
7252,20.6900000000,3014.6772984868,2009.8815598887,1094.9662915433,236.6371077564,-326.8076607015
7253,18.5500000000,1618.3095056902,1078.5987052133,756.5966414806,212.1736936065,-429.0595346102
7254,27.6000000000,4035.4794030177,2690.1896788263,1097.8712831691,315.6920108114,-68.2735697891
7255,59.2900000000,7051.5003744521,4701.1415226645,935.9015508839,678.0699442931,736.3873566106
7256,83.7900000000,12149.6186652266,8099.7275848383,1090.9087661794,958.2348354392,2000.7474787697
7257,0.7100000000,61.9494074374,41.5400658188,756.6624014288,8.1210028955,-744.3740627057
7258,121.0500000000,14418.4822900357,9612.5455407633,936.8966040123,1384.4550022064,2484.5851430537
7259,9.0900000000,1329.7967907259,886.7397770998,1098.3260134850,103.9737049937,-759.2427048526
7260,151.0400000000,17871.4142642945,11913.9237479817,932.5173167244,1727.0931630569,3297.8800365314
7261,73.2400000000,6386.5649135773,4257.6323423755,756.3829978112,837.6912770909,534.8582962996
7262,143.3200000000,12470.3600254475,8313.7029010650,755.3660261078,1639.0287219853,1762.2623762894
7263,223.3700000000,19359.8020124895,12906.6102654051,753.5492527343,2553.9223963563,3145.7200979938
7264,57.7200000000,8398.0295645090,5599.1712772274,1093.7544670621,660.1394979034,1044.9643223161
7265,35.1000000000,3059.6080396649,2039.6672710024,756.2106627622,401.4515876374,-137.7214817371
7266,328.1800000000,46929.9202413128,31286.3491856077,1079.4039103234,3752.1369400376,10812.0302053441
7267,59.6600000000,5201.1513047650,3467.4716105178,756.2725330342,682.3587271841,295.0484340290
7268,131.8500000000,11465.2289425657,7643.3631638237,755.0768121019,1507.8018453287,1558.9871213114
7269,414.2200000000,48728.8809494638,32485.7505859811,928.7304688664,4735.6521093703,10578.7477852461
7270,5.5100000000,649.9175467150,433.5466592109,930.4637478382,62.9991153867,-777.0919757207
7271,121.6000000000,14455.4842364827,9636.7993674937,935.5962830805,1390.6577056167,2492.4308802918
7272,53.9300000000,6416.7505955445,4278.1210503365,936.1820858981,616.7786739340,585.6687853759
7273,120.2300000000,17492.9850059064,11662.2738888535,1093.7544670621,1375.0618820674,3361.8947679234
7274,11.4400000000,1366.1805495544,911.0975715920,938.6129255746,130.8510889071,-614.3810365193
7275,50.3600000000,5940.0812436603,3959.7261541258,930.4637478382,575.7959075995,474.0954340968
7276,45.8500000000,6697.5190405994,4465.2310987143,1097.0767788299,524.4268329727,610.7843300826
7277,22.4400000000,1958.2952624839,1305.5270429788,756.7447129152,256.6721749849,-360.6486683951
7278,82.3700000000,7169.0202692738,4779.3893111331,755.4932545847,942.0104869379,692.1272166180
7279,63.4800000000,5536.0723979084,3690.6256091352,756.4322921394,726.0647121535,362.9497844804
7280,17.2800000000,1496.6839672960,997.8015205459,753.2396180813,197.5651359737,-451.9223073049
7281,72.8300000000,8688.0858431458,5792.2601637118,937.8995482845,833.0018529565,1124.9242781931
7282,57.3700000000,4990.3156333961,3326.8233256392,755.2275891446,656.0804877421,252.1842308702
7283,138.3200000000,12008.3682638734,8005.3653152681,754.3228133681,1581.6441096003,1667.0360256369
7284,97.3100000000,14150.1541649873,9433.3022994084,1093.2784533794,1112.9145984658,2510.6588137336
7285,1.8600000000,162.3415574607,108.3514181789,756.8108245191,21.2751475565,-724.0958327939
7286,19.2800000000,1678.4437823612,1118.6737851477,755.6102914559,220.4956742448,-416.3359684872
7287,80.0500000000,6975.7455049592,4650.7595229888,756.0716187804,915.5450071114,653.3693560786
7288,10.7700000000,1572.8517222711,1048.4773536393,1096.8788562489,123.1853480926,-695.6898357097
7289,40.6200000000,4854.0166765308,3235.9623654814,939.0386843848,464.6229009760,214.3927256886
7290,31.2400000000,2726.2541889481,1817.7433947696,756.7447129152,357.3279298810,-205.5618486176
7291,18.2300000000,2176.5009243238,1451.2381235095,938.4454697809,208.5135544176,-421.6962233843
7292,25.9700000000,2266.6721759430,1511.2171482850,756.8108245191,297.0513881944,-298.4071850556
7293,438.7700000000,62443.9258527731,41629.6964327505,1075.4639149027,5016.0987448971,14722.6667602227
7294,42.4800000000,5041.5582402826,3360.7588191833,934.5057179604,485.7900825905,260.5036205483
7295,49.8500000000,7276.2401693435,4850.9825891518,1096.4346045105,570.1689650418,758.6540106394
7296,29.5700000000,4304.5701724728,2869.7045278667,1094.1922130533,338.1935928562,2.4798386965
7297,18.0200000000,2630.9717657524,1753.5286730378,1096.6652581846,206.1084315640,-425.3305970341
7298,82.4000000000,7167.5441553397,4778.1853430568,755.2275891446,942.3223320541,691.8088910840
7299,19.8900000000,1733.7778891434,1155.6339368343,756.2106627622,227.4892329945,-405.5559434476
7300,28.8600000000,3411.5523779585,2274.3525711970,931.8958594654,329.9952276565,-124.6912803604
7301,23.4900000000,2806.0953754594,1870.8427191623,938.8222665727,268.6822366486,-272.2518469243
7302,22.5700000000,1969.7399004553,1313.2565852800,756.7683859227,258.1599236179,-358.4449943653
7303,48.4400000000,4226.5201355881,2817.8011313770,756.6624014288,554.0582820506,97.9983207318
7304,43.2600000000,6317.6941044983,4212.1438033160,1096.8788562489,494.8002004164,513.8712445170
7305,7.6800000000,670.2186994597,446.6276725980,756.7447129152,87.8450224547,-620.9987085082
7306,47.3300000000,6920.2623240880,4613.7449932203,1097.8712831691,541.3660460763,667.2800016224
7307,51.2500000000,7478.3629696035,4985.4522098524,1096.1853728800,586.1780168065,810.5473700646
7308,206.4500000000,17923.1320711153,11948.5039333671,754.3228133681,2360.6884501662,2859.6168742139
7309,39.8200000000,5826.0127761397,3884.4215864219,1098.4202960231,455.4722776185,387.6986160762
7310,13.3600000000,1943.8266628870,1295.8082098726,1093.7544670621,152.7973612611,-598.5333753088
7311,9.6000000000,1397.4931909279,931.5271242290,1094.1922130533,109.7956879073,-738.0218342617
7312,64.3000000000,7677.8589281953,5118.4317503254,938.5322790142,735.4624594698,885.4324393859
7313,45.4900000000,5402.0309270553,3601.2865452649,934.9012987172,520.2213942372,345.6216888361
7314,66.8000000000,7963.4182382271,5308.8866439583,937.4569555241,764.0161268996,953.0585118450
7315,89.6500000000,13085.5552895014,8723.7004981628,1096.4346045105,1025.3891216850,2240.0310651430
7316,76.8900000000,11139.2971216612,7425.7442110677,1090.1749041379,879.3102440733,1744.0677623822
7317,12.8800000000,1884.4561666670,1256.2138364435,1098.4202960231,147.3250360554,-617.5030018550
7318,55.6000000000,8133.8505571353,5422.2939072658,1098.3260134850,635.9667764193,977.2638599652
7319,3.7100000000,443.2711721992,295.6522506626,938.9383947274,42.4358011147,-833.7552743056
7320,4.1600000000,495.6565045507,330.4272294396,937.0984891794,47.5786037425,-819.4478178107
7321,64.9800000000,7753.1179801946,5168.5843924530,938.0257820855,743.2212507205,903.2865549355
7322,144.1000000000,17064.9710899300,11376.3900419877,933.0839460749,1647.7798371197,3107.7172647476
7323,25.7100000000,3060.2478959958,2040.1703967767,936.4401288793,294.0400197981,-210.4026494583
7324,71.4700000000,10260.4952741879,6840.4555087212,1082.6437912211,817.1871144816,1520.2088597640
7325,4.8200000000,420.5294285395,280.1735308603,756.6307199789,55.1310894968,-671.4059117966
7326,38.7100000000,3371.4426601695,2247.8341763068,755.8173576902,442.7183650870,-74.9272389145
7327,37.0100000000,5303.3751250341,3535.1670776419,1081.1023166841,423.1573975428,263.9483331653
7328,80.2600000000,6994.0453994756,4662.5634811689,756.0716187804,917.9468116273,657.4634878990
7329,60.8100000000,8889.7705587058,5926.5627284514,1097.7350963539,695.5493910870,1169.9233428134
7330,15.7600000000,1882.0808969385,1254.8050387195,938.6129255746,180.2633882146,-491.6004555702
7331,11.7500000000,1718.2620726514,1145.1928089586,1097.9977895315,134.3983090942,-659.3268349329
7332,31.4100000000,4596.0359735964,3063.7052899443,1098.5078760990,359.2771575848,74.5456499683
7333,109.3100000000,13015.7948602106,8677.1521591967,936.6776962357,1250.1706257073,2151.7943790710
7334,50.1300000000,5984.2336681744,3989.2617912460,938.3519954833,573.3809626373,483.2389188076
7335,109.5600000000,15970.1846084208,10647.0752879261,1095.3085042616,1253.0779470527,2974.7228691803
7336,1.8700000000,163.1995398250,108.9337259679,756.7683859227,21.3894132550,-723.8919853206
7337,100.4900000000,8728.1444426488,5818.8111695840,754.5370947577,1149.1005956430,1005.6955826641
7338,179.2400000000,15553.0245107671,10368.5240380561,754.0882497416,2049.4921900608,2380.9200329086
7339,120.9100000000,10520.4523491269,7013.5812771751,755.3660261078,1382.7446467712,1368.7603990728
7340,30.2700000000,3617.4553177319,2411.8201098474,939.0835389281,346.2374899742,-79.6858210177
7341,226.5000000000,26682.5492634146,17788.4956827717,929.6388554362,2589.6124593775,5374.8022658291
7342,185.3100000000,21945.2449179384,14629.8249511917,933.0839460749,2119.0151396020,4263.3208810697
7343,100.9700000000,11975.3312446483,7983.6823630555,934.0736028865,1154.6427980142,1902.9324806921
7344,39.2800000000,4685.8164481501,3123.4967935589,937.8995482845,449.2697073202,175.1503989865
7345,224.3300000000,32309.8961970464,21540.2040376045,1085.3172731391,2565.1404215345,7119.2344647684
7346,27.1300000000,2364.8765275244,1576.3485958661,756.2106627622,310.2957712992,-277.9785024031
7347,198.4300000000,28689.1669849964,19126.3880809861,1088.4939688877,2269.1469784090,6205.1379567135
7348,39.1200000000,5718.9249178847,3813.0458730846,1097.7350963539,447.4575263826,360.6864220637
7349,2.0500000000,299.8238879725,199.7707557823,1098.1153248667,23.4482872582,-1021.5104799347
7350,164.5300000000,23924.8264799646,15949.6160035206,1093.2784533794,1881.6960115670,5000.2360114977
7351,98.7600000000,11763.4804705818,7842.3551413936,936.8966040123,1129.5231393466,1854.7055858293
7352,47.3000000000,4127.7792297454,2751.6012556563,756.7447129152,541.0246825662,78.4085786076
7353,123.4600000000,17988.9830483895,11992.7369897993,1094.9662915433,1412.0453032190,3489.2344638279
7354,46.0400000000,6715.9624734608,4476.9024727847,1095.9158827522,526.5844231061,616.5596948178
7355,30.0300000000,4371.5333878714,2914.7784209746,1094.1922130533,343.4546362351,19.1081176084
7356,93.6200000000,11110.8917715455,7407.3867851387,934.5057179604,1070.6136424700,1698.3856259763
7357,55.7600000000,4864.5249615786,3243.2604665409,756.5966414806,637.7792536657,226.8885998915
7358,8.0900000000,966.7403966798,644.6310253136,939.0386843848,92.5356787025,-709.4649917211
7359,25.1800000000,2995.9907286447,1997.2784154309,936.1820858981,287.9749121020,-225.4446847862
7360,103.3300000000,15049.2240874231,10033.2466224783,1094.5951237908,1181.8021934394,2739.5801477146
7361,21.0700000000,3082.7244900367,2055.0963683752,1098.4202960231,241.0045426776,-311.7967170392
7362,50.7100000000,6060.1638309279,4040.4202871154,939.0835389281,580.0364425700,500.6235623144
7363,52.1900000000,6236.1559847060,4157.0656221971,938.9903837852,596.9623392325,543.1376394912
7364,3.5800000000,523.1676110170,348.5169555914,1097.4304909789,40.9479876346,-963.7278231878
7365,61.2100000000,7301.9049081279,4867.8840243292,937.8995482845,700.0967104142,796.0246251000
7366,28.7600000000,3429.3869034268,2286.2375008731,937.6160751321,328.9412838387,-123.4079564170
7367,27.6300000000,2407.7432642351,1605.3383125037,756.0716187804,316.0088512990,-269.6755183481
7368,55.5600000000,6638.3143739582,4425.6867676115,938.9383947274,635.5075768018,638.1816348175
7369,83.9500000000,9979.7524806968,6653.3135168016,935.5962830805,960.0798880470,1430.7627927676
7370,90.7400000000,13087.4196533534,8724.9959228617,1086.4759890134,1037.6095934784,2238.3381479999
7371,154.6500000000,22115.0349360687,14743.0230221449,1079.4039103234,1768.1393679591,4524.4686356414
7372,134.6200000000,19563.3807610584,13042.6243638597,1092.7603591096,1539.6021710550,3888.3938670341
7373,24.0200000000,2096.5605078182,1397.7011457772,756.8298005211,274.7474663083,-332.7179047885
7374,134.8900000000,11710.5899010547,7806.8851834846,754.3228133681,1542.4231777327,1606.9587264693
7375,206.7000000000,29971.6693889765,19980.8197051398,1090.9087661794,2363.8517780796,6536.0891395778
7376,162.1900000000,14108.0580892541,9405.5798271612,755.2275891446,1854.7968329595,2092.4538399888
7377,190.9600000000,16527.6110538830,11018.6770722602,752.8992265782,2183.1879841759,2572.8467708686
7378,32.7400000000,4782.4814261554,3188.2097533621,1097.0767788299,374.4762161729,122.7186777905
7379,58.0400000000,8471.6746124112,5647.7136173077,1096.4346045105,663.8436656174,1063.6827249755
7380,346.9200000000,30001.7112976795,20001.1020926592,752.5246171233,3966.0527761235,5282.0318117735
7381,42.9300000000,5117.8075593875,3411.6124007077,937.4569555241,491.0061725718,277.7320305839
7382,61.1400000000,5334.2674815153,3556.0486609198,756.6307199789,699.3184256919,322.2696749247
7383,144.4500000000,17038.2195323020,11358.9224713243,930.4637478382,1651.5829796018,3097.2503335376
7384,2.8900000000,252.1909475541,167.8538809648,756.7192474217,33.0561562045,-705.4383370369
7385,40.9400000000,5975.7125884237,3983.6551407796,1096.4346045105,468.2591259541,427.3637171796
7386,49.7400000000,5939.2955379228,3959.5415427045,938.5322790142,568.9253924422,472.2963237619
7387,61.7000000000,5347.6285274236,3564.9972088587,753.5492527343,705.4528891757,323.6291766548
7388,29.2600000000,3492.3604984198,2328.0815549395,938.2513041608,334.6706857185,-108.6430463990
7389,2.4400000000,212.3638394686,141.3036839813,755.4932545847,27.9046447509,-712.3377438483
7390,356.6900000000,51294.5477115452,34196.5156180238,1084.0440787886,4078.5169006517,11935.4711140812
7391,34.8700000000,3031.1068717696,2020.5662672185,754.9124345824,398.7560103670,-143.1278403983
7392,194.8600000000,23094.3604196341,15396.0051865915,933.6011095794,2228.2728814805,4536.4812419827
7393,27.5400000000,3289.2370928025,2193.0807994622,938.6878670654,315.0046082969,-157.5361820220
7394,79.0100000000,9421.2746606311,6280.9629536622,937.6160751321,903.6735339392,1299.0220978976
7395,151.7000000000,18003.8697045872,12002.7100685119,934.5057179604,1734.8012130175,3331.8527050974
7396,7.5700000000,1100.7775873903,733.5117520336,1093.2784533794,86.5765441413,-812.5891621639
7397,99.2200000000,14478.1107091524,9652.0055576673,1096.1853728800,1134.8406405374,2595.0791380676
7398,92.3000000000,11005.9948256708,7337.4192717552,937.6160751321,1055.6773469509,1675.2821318326
7399,94.2400000000,8209.4329494118,5472.8438876175,755.9089524359,1077.8161171590,902.8639921995
7400,61.6100000000,5365.9153266092,3577.0488130703,755.8173576902,704.6209887111,328.4281671376
7401,30.1400000000,2630.6314741210,1753.5821626326,756.8108245191,344.7488964259,-224.5104094566
7402,72.4300000000,8629.9039962992,5753.3211714189,937.0984891794,828.3938146793,1111.0905210216
7403,123.8700000000,10783.6530768196,7189.2392206345,755.6102914559,1416.6389610321,1422.1646036971
7404,106.9800000000,15546.6533488191,10364.8788589891,1092.7603591096,1223.4930935928,2865.5210371276
7405,28.6100000000,3417.3919876715,2278.6374224519,938.7575205857,327.2445083085,-127.2474636747
7406,113.1900000000,16449.1091096732,10966.0054008988,1092.7603591096,1294.5147061486,3095.8286435162
7407,7.8100000000,1141.3237547606,760.4006303811,1097.4304909789,89.3306657614,-805.8380323609
7408,12.2200000000,1065.9940654292,710.6061713632,756.5599770292,139.7709029210,-540.9429858842
7409,31.2700000000,4558.1204153461,3038.4342213185,1095.3085042616,357.6464713795,66.7312183864
7410,42.6600000000,5089.9971227316,3393.6584335062,938.0257820855,487.9319568442,270.3809502957
7411,21.7100000000,1894.3752649490,1262.7307347284,756.6918581469,248.3206262210,-373.3679541473
7412,30.0400000000,3586.9810606996,2391.6312618058,938.5322790142,343.5970805984,-86.7795607186
7413,195.2600000000,28230.8458675119,18820.1431481028,1088.4939688877,2232.8964320120,6089.3123185094
7414,71.0300000000,10364.6462776768,6909.4753441451,1096.1853728800,812.4141372442,1546.5714234075
7415,2.6000000000,226.9084510937,151.2968416221,756.7683859227,29.7392911567,-710.8960676079
7416,149.1900000000,12977.2562200865,8651.6255323988,755.2275891446,1706.1294747471,1864.2736237960
7417,67.2200000000,8026.5268608598,5351.3459587198,938.5322790142,768.8613767584,967.7872463675
7418,202.4000000000,29192.1284751900,19460.9574487623,1086.4759890134,2314.4388551910,6330.2561822233
7419,49.7000000000,4320.2182829639,2880.3817000774,754.9124345824,568.3445286848,116.5796196192
7420,42.3000000000,6147.1624290059,4098.5900584755,1092.7603591096,483.7704043651,472.0416070557
7421,36.3400000000,3171.1484547112,2114.3133083062,756.7192474217,415.6611475684,-115.5452485851
7422,43.5800000000,6368.6157788053,4245.5701862947,1097.4304909789,498.4674025458,527.1476989858
7423,2.4300000000,290.1585877996,193.1483679368,938.5322790142,27.7943044559,-869.3163636072
7424,46.5500000000,4062.5339993883,2708.2134650360,756.7683859227,532.4476935938,65.1044548358
7425,35.9200000000,5235.9349318590,3490.4327005230,1095.3085042616,410.8302287161,239.3634983584
7426,199.1300000000,17287.6400548374,11525.0796522289,754.3228133681,2276.9866363846,2731.2509528559
7427,108.7800000000,9469.9748259985,6313.0751371622,755.6102914559,1244.0622118436,1157.2271855368
7428,71.2500000000,8491.7035220319,5661.1611532098,937.2848285391,814.9054580783,1078.3520822046
7429,100.0000000000,14522.4771802776,9681.6884262713,1092.1959456200,1143.6497626803,2604.9430457060
7430,121.4400000000,10560.0106392505,7039.9397561534,755.0768121019,1388.7558293266,1376.2382416686
7431,58.5900000000,5111.4153066516,3407.4761863657,756.5966414806,670.1486096175,277.1938691877
7432,126.1500000000,18306.5960574800,12204.5346142618,1091.5804976578,1442.6930062792,3567.7879392813
7433,45.2700000000,3949.0631212751,2632.7376184933,756.5599770292,517.7928621303,41.9726636223
7434,64.9100000000,5661.8518367466,3774.5470182314,756.5205193927,742.4290570742,388.3552420483
7435,11.9500000000,1747.5090866539,1165.2839108702,1097.9977895315,136.6859398872,-652.4585536350
7436,129.1300000000,11241.5687560322,7494.3320711293,755.6102914559,1476.7949385491,1514.8314548979
7437,40.2500000000,3498.7683277525,2332.2493616298,754.9124345824,460.2790197095,-48.6724881694
7438,1.9800000000,236.6064258870,157.9559466000,939.0386843848,22.6477928098,-883.0359979076
7439,118.8000000000,10333.7893890091,6889.2573683916,755.2275891446,1358.5909350489,1330.7134964239
7440,25.9400000000,3098.7702869058,2065.7221690751,938.8222665727,296.7057138640,-202.4798626060
7441,108.0100000000,9400.5812709028,6267.2339836424,755.4932545847,1235.2379834182,1142.6160492574
7442,39.7000000000,3465.1728626304,2310.0893937151,756.8298005211,454.0996841149,-55.8460157207
7443,5.4100000000,791.4412142824,527.2506782756,1098.3260134850,61.8809399358,-896.0164174139
7444,20.4300000000,2437.1494408275,1625.1128902049,937.8995482845,233.6705733338,-359.5335709956
7445,213.2500000000,25308.6698385183,16872.3810105938,934.5057179604,2438.6707888990,5063.1123210650
7446,3.6600000000,534.9592551710,356.2335525431,1097.5884505866,41.8631980245,-960.7259459831
7447,12.9200000000,1126.0534721743,750.7203184270,756.1438402539,147.7695230649,-528.5802095714
7448,381.0400000000,54703.4996400808,36468.6935254110,1082.6437912211,4356.8067455166,12795.3555779321
7449,64.6900000000,7725.3688593245,5150.1563328314,938.6129255746,739.9263060663,896.6732948522
7450,15.1600000000,1810.8235768298,1207.5262615654,938.7575205857,173.4018436196,-508.8620489410
7451,170.6500000000,20172.6061434033,13448.3456383822,931.8958594654,1951.2711572968,3841.0934882588
7452,4.5100000000,659.1984264539,439.6073627127,1097.5884505866,51.5855254345,-929.5829122799
7453,385.2100000000,45246.6545031145,30164.1771563996,927.7291392802,4403.7910466117,9750.9571608229
7454,2.6500000000,387.4645078984,257.8679225818,1097.8712831691,30.3110082844,-998.5857061368
7455,226.1400000000,26820.8518140514,17880.5052002072,934.0736028865,2586.0247830339,5420.2482279238
7456,7.2300000000,630.1367340418,420.1792827017,756.1438402539,82.6914591145,-628.8778480282
7457,103.3100000000,12268.2746773815,8178.9218872460,934.9012987172,1181.4480597635,1973.0034316549
7458,104.4400000000,9087.3876713490,6058.3898800314,755.3660261078,1194.3912902885,1079.2404749213
7459,33.7600000000,4013.2989130235,2675.3323825455,935.5962830805,386.0904945857,16.2797528118
7460,87.1300000000,7586.9609381474,5057.9883390846,755.7180513530,996.4755397714,776.7790079384
7461,78.1300000000,9244.5285783192,6163.1644003982,932.5173167244,893.3910807047,1255.4557804918
7462,111.1100000000,16196.1227805917,10797.7414476610,1095.3085042616,1270.8058661649,3032.2669625043
7463,49.9400000000,5967.7398529284,3978.7822224653,939.0386843848,571.2276630906,478.6912829876
7464,142.2000000000,12345.2137588404,8230.3094646227,754.3228133681,1626.0106447742,1734.5708360754
7465,46.1200000000,6743.3445676514,4495.2651368989,1097.8712831691,527.5259253124,622.6822222709
7466,59.5800000000,7117.3760097858,4745.3146053753,938.8222665727,681.4852132621,751.7539245758
7467,6.5400000000,569.8156035699,379.8092718785,755.9935047728,74.7983123869,-640.7854854683
7468,219.8900000000,31884.2301980747,21256.1911756806,1090.9087661794,2514.6945693368,7022.4356868779
7469,3.9800000000,582.3086601968,387.8632582567,1098.4202960231,45.5243512035,-949.4992452865
7470,139.6300000000,16598.8426310862,11065.5109016279,935.5962830805,1596.8547321978,3000.8807141799
7471,10.7700000000,1287.0827146341,857.8123071107,939.0835389281,123.1905440047,-633.0036754094
7472,11.1000000000,1623.4366617045,1082.6286119817,1098.1153248667,126.9638968612,-684.2711720051
7473,28.3600000000,3387.5301212990,2258.4277779069,938.7575205857,324.3849792251,-134.0401564187
7474,3.6000000000,314.1650153717,209.2591193291,756.7447129152,41.1773542757,-693.0161711482
7475,37.7500000000,5519.5415747797,3679.8449492754,1097.8712831691,431.7888915990,310.0364507363
7476,50.0900000000,7328.6032133811,4885.9192532639,1098.4202960231,572.9434049702,771.3202591240
7477,214.5200000000,18551.7326979656,12367.7304910812,752.5246171233,2452.4318042604,2979.0457855006
7478,48.0800000000,5744.6032235405,3829.8337701222,938.9383947274,549.9496812928,425.8813773981
7479,50.7900000000,4430.2180679150,2953.2897355937,756.5205193927,580.9270036789,139.4808092496
7480,93.5600000000,13348.6784268004,8899.2647219704,1077.5309870471,1069.6432121884,2302.2395055945
7481,39.0900000000,3393.6315459428,2262.6735023320,754.3228133681,446.9814072027,-70.3461769599
7482,45.9100000000,4001.8975812255,2668.0765085436,756.2106627622,525.0895267359,52.5208831837
7483,139.9100000000,16538.8181982042,11025.6657255854,931.8958594654,1599.7793590237,2981.4772541297
7484,4.9400000000,430.9990408683,287.3574675491,756.6307199789,56.5036477415,-669.4927944013
7485,85.5400000000,10188.8225947101,6792.5910673488,936.8966040123,978.3253274576,1481.0095958915
7486,28.3500000000,3386.9746915798,2258.0742162039,938.8824522502,324.2726554970,-134.2546323712
7487,569.0100000000,80979.1422601509,53985.8060535669,1075.4639149027,6505.0262024157,19412.8460892656
7488,62.4200000000,7450.2099217828,4966.5739838709,938.2513041608,713.9488791029,831.4357546482
7489,38.5900000000,3360.9912750178,2240.8749373709,755.8173576902,441.3459495920,-77.0469696352
7490,26.4800000000,3161.8927592319,2107.5895442516,938.5322790142,302.8778526713,-187.1069167051
7491,70.8600000000,8461.1677084280,5641.0685106250,938.5322790142,810.4956435153,1071.0712752735
7492,46.5900000000,5557.8459348093,3704.9592038157,937.8995482845,532.8787083515,382.1084743576
7493,77.4400000000,6750.3147177108,4500.0492010367,756.2106627622,885.7097135794,608.3451403325
7494,41.4500000000,4950.5765249334,3300.1144087601,938.6878670654,474.1082430613,237.6660060466
7495,9.1200000000,1089.7440617076,726.6057496425,938.9903837852,104.3168525350,-680.1689242551
7496,17.3200000000,2531.0790566523,1687.1388986582,1097.4304909789,198.1059066566,-451.5962396414
7497,34.5600000000,2993.3679345919,1995.6030410918,753.2396180813,395.1302719474,-150.6049965286
7498,32.9000000000,3931.4906119612,2621.2148976327,939.0386843848,376.3193855763,-5.0823556326
7499,76.4900000000,11149.6843802310,7432.8638802503,1095.3085042616,874.8442147687,1746.6677809503
7500,40.8600000000,4868.3953788318,3245.9616068478,937.0984891794,467.3225357973,218.0127470073
7501,218.1300000000,25809.6636220244,17206.4552591044,932.5173167244,2494.2454426484,5176.4456035472
7502,42.8000000000,3730.8041053463,2487.0094400995,756.2106627622,489.5193148399,-1.9353123553
7503,24.0600000000,3520.5547763365,2346.7870502498,1098.5078760990,275.2056164116,-199.9457664240
7504,121.5700000000,14480.4204213106,9653.7127593533,936.8966040123,1390.4022686347,2499.4087893103
7505,127.1800000000,15143.6171468447,10096.0575437194,936.6776962357,1454.5485333222,2656.3333735674
7506,130.8100000000,15463.1034844335,10308.7502411864,931.8958594654,1495.7268097627,2726.7305740191
7507,93.4600000000,11138.7313848295,7425.6789152493,937.2848285391,1068.9272156070,1706.8404254341
7508,105.9700000000,12591.0796299770,8393.8054600600,935.2637903541,1211.8885966284,2050.1217829345
7509,50.3000000000,4387.4772359937,2924.9705189510,756.5205193927,575.3224706645,130.6637269855
7510,9.3400000000,1366.3698597778,910.7057170214,1098.3260134850,106.8332678373,-749.4951385660
7511,196.0600000000,23176.3326133937,15450.7647499796,931.8958594654,2241.8178910027,4551.8541129460
7512,12.8100000000,1530.7718765721,1020.3100334433,939.0386843848,146.5243565116,-575.1011977677
7513,135.4200000000,16118.9719982788,10745.6702148411,936.4401288793,1548.7708860779,2888.0907684806
7514,51.9700000000,4531.8101933180,3021.3967326717,756.3829978112,594.4131030914,159.6173597437
7515,161.7900000000,23459.6825855951,15640.0817176850,1090.9087661794,1850.2543743372,4878.4377273935
7516,82.9600000000,12101.5692180345,8067.4006965719,1095.9158827522,948.8584652667,1989.3941734437
7517,24.3300000000,2122.7138996609,1415.2355276792,756.6307199789,278.2861841198,-327.4385321170
7518,137.2900000000,19632.5454016998,13088.6904057986,1079.4039103234,1569.6595785781,3894.7915069998
7519,64.5200000000,9422.5063250631,6281.7469274561,1096.8788562489,737.9683063076,1305.9122350505
7520,31.6700000000,2761.3256518857,1841.1307142857,756.3298557505,362.2269478664,-198.3618660168
7521,148.0500000000,12878.0935946364,8585.6545316070,755.2275891446,1693.0924910269,1844.1189828578
7522,129.5700000000,11243.0561585589,7495.4899424631,754.0882497416,1481.5482206326,1511.9297457216
7523,50.5000000000,7343.3643544534,4895.7644845031,1093.2784533794,577.5581874681,776.7632291027
7524,183.9000000000,21716.2856068599,14477.7734177842,931.2135751301,2102.7103729280,4204.5882410176
7525,220.1200000000,26088.1177028115,17392.1496331200,933.6011095794,2517.1273050984,5245.2396550136
7526,8.9200000000,774.3973750271,516.0483426371,754.3228133681,101.9972922038,-597.9710731819
7527,20.0300000000,2930.2342924356,1953.2241036118,1098.3260134850,229.1081750302,-350.4239996913
7528,57.0500000000,8308.8961016886,5539.4826422697,1094.5951237908,652.4902268046,1022.3281088235
7529,19.9100000000,2908.9812868076,1939.6982421715,1097.2602780930,227.7292851593,-355.7065186162
7530,50.1600000000,5976.4736221782,3984.5636491246,937.0984891794,573.6881643561,481.1233195181
7531,39.4000000000,5756.5978252245,3837.9499407069,1097.2602780930,450.6546376332,370.7329687915
7532,39.8000000000,5740.3493740739,3827.3216315899,1086.4759890134,455.1119883231,371.4397651475
7533,21.2600000000,2532.3166748134,1687.8559621897,936.8966040123,243.1517005114,-335.5875919000
7534,87.9900000000,12553.9783537214,8369.5465837579,1077.5309870471,1005.9630850840,2100.9376978324
7535,5.3900000000,470.4604969667,313.3734711762,756.8298005211,61.6523248710,-661.3950996017
7536,59.0800000000,7051.5604322161,4701.4313623361,938.2513041608,675.7465520250,736.1312136942
7537,143.3000000000,17056.9242900115,11371.6315865794,936.4401288793,1638.8928369145,3109.9597376383
7538,51.2900000000,7476.3670004190,4984.5387845598,1095.3085042616,586.6225621060,809.8971494916
7539,261.6900000000,37791.5485305129,25194.4078158203,1087.5315179624,2992.4906617809,8517.1185349492
7540,52.3300000000,4556.7045322306,3037.7422677884,755.7180513530,598.4800297973,164.7641832920
7541,16.5000000000,2396.2087347458,1597.3811890428,1092.1959456200,188.7022108422,-482.0706107592
7542,18.2900000000,1594.7156985472,1063.1200974878,756.3298557505,209.1926389794,-433.9268936704
7543,18.2200000000,2627.8684823022,1751.4861703886,1086.4759890134,208.3452368655,-418.4389139654
7544,55.3000000000,4825.3778052363,3216.9568718081,756.6918581469,632.5255932759,219.2034820053
7545,16.3000000000,1946.0759773164,1297.2291797901,938.4454697809,186.4383399345,-476.0370121892
7546,9.1300000000,796.7573862067,530.9559744172,756.7447129152,104.4303457046,-595.3736468304
7547,208.2200000000,18085.1252447840,12056.7739912142,754.5370947577,2380.9904072524,2892.8237515597
7548,76.4800000000,6668.3355180367,4445.7749531308,756.3298557505,874.7431945950,591.4875145605
7549,19.2000000000,1671.0597204086,1113.8055090293,755.4932545847,219.5775324658,-417.8165756712
7550,108.4000000000,12915.6646858875,8610.5448612790,937.0984891794,1239.7886167505,2128.2327186786
7551,143.9900000000,12524.9354724194,8350.0438144938,755.2275891446,1646.6625314621,1773.0015373189
7552,90.8300000000,7877.1484088187,5251.4226212697,753.8312137160,1038.5491200275,833.3454538055
7553,106.0800000000,9234.9230514977,6156.6172651135,755.6102914559,1213.1836682513,1109.5118266770
7554,60.4400000000,7216.9485788511,4811.6666953669,938.5322790142,691.3118359309,775.4377685391
7555,185.9100000000,26907.4180220631,17938.2666347209,1089.3723944003,2126.0177555180,5753.7612374239
7556,75.4000000000,10957.3533604502,7304.5982819941,1092.7603591096,862.3236049439,1697.6711144026
7557,3.7300000000,545.7884171128,364.0600435948,1098.5078760990,42.6648773572,-959.4443799382
7558,24.0300000000,2096.9371867559,1397.7063549566,756.7192474217,274.8579354999,-332.3463511223
7559,125.4100000000,18224.9560336082,12150.0425289028,1092.7603591096,1434.2706007429,3547.8825448528
7560,90.6800000000,7892.2758045131,5261.4842329518,755.4932545847,1037.0463877082,838.2519292684
7561,4.7800000000,571.0666323016,381.0500239844,938.8824522502,54.6745429727,-803.5403869056
7562,301.4200000000,43413.0473486102,28942.4565651852,1085.3172731391,3446.6394412647,9938.6340690213
7563,21.4800000000,1874.1877066976,1249.6636467163,756.6624014288,245.6889326682,-377.8272741157
7564,117.7700000000,10237.2657381219,6824.7849983177,754.9124345824,1346.7592584147,1310.8090468070
7565,86.5600000000,7543.0422349690,5028.4861847543,756.0716187804,990.0009471026,768.4834843316
7566,11.1500000000,1623.1301123798,1081.7734345885,1094.1922130533,127.5231166840,-680.3586519460
7567,390.0900000000,55515.9902361334,37010.5900324453,1075.4639149027,4459.5800975384,12970.3561912470
7568,53.6500000000,4659.8163931546,3106.6534210491,754.5370947577,613.4863862698,185.1394910781
7569,59.9800000000,7158.9809533568,4772.5671876259,938.2513041608,686.0405922556,762.1218693145
7570,164.1500000000,14257.3879018888,9504.8801096382,754.5370947577,1877.0510774684,2120.9196200245
7571,13.8100000000,1646.7257696914,1097.7241430185,937.6160751321,157.9512910227,-546.5657394818
7572,69.4300000000,6048.1847376662,4032.2756046989,755.9089524359,794.0659275716,465.9342529598
7573,154.5200000000,22385.8003802717,14923.5830261264,1090.1749041379,1767.0830916142,4604.9593583932
7574,30.3600000000,2640.0026598126,1759.9849390384,755.0768121019,347.1889573317,-222.2480486593
7575,80.6200000000,9602.7925834174,6401.5024907439,936.8966040123,922.0550374051,1342.3384512563
7576,39.5600000000,4717.1956154229,3144.6082593237,937.6160751321,452.4658271439,182.5054538234
7577,293.2700000000,34447.4088578396,22964.6489489358,927.7291392802,3352.7161814071,7202.3145882165
7578,131.0800000000,11367.7927273803,7578.5836662638,753.8312137160,1498.7671325906,1536.6107148099
7579,183.5000000000,26558.6101180602,17705.6378166914,1089.3723944003,2098.4576307760,5665.1422761926
7580,15.9000000000,2309.0738716641,1538.9404138339,1092.1959456200,181.8403122662,-503.9028000559
7581,76.1700000000,9069.7383085010,6046.7198694276,936.6776962357,871.1508238965,1215.1899189412
7582,95.3900000000,11354.2219680684,7569.4958471318,936.4401288793,1090.9559505462,1757.3300415110
7583,23.5300000000,3441.3932117034,2294.1415825326,1098.1153248667,269.1405849680,-220.0042806639
7584,168.7400000000,24467.4382810638,16311.3298600749,1090.9087661794,1929.7356024826,5135.4640523270
7585,17.9500000000,2597.9675837558,1731.7923119975,1089.3723944003,205.2714685146,-428.4685911567
7586,67.4200000000,9846.0225733998,6564.3799532197,1096.8788562489,771.1379914950,1413.6257724361
7587,185.4800000000,26673.3373785007,17782.1881213724,1084.0440787886,2120.8425095542,5686.2626687856
7588,70.0900000000,6101.7699536150,4067.9046732643,755.6102914559,801.5841186626,476.6708702321
7589,60.3400000000,8801.9369167816,5868.2205345023,1095.9158827522,690.1412704218,1147.6592291054
7590,21.3700000000,2550.6405964194,1700.7929137474,938.2513041608,244.4262663638,-332.8298878527
7591,196.5700000000,28477.7166758350,18984.9123842832,1090.1749041379,2247.9648156782,6154.6645717356
7592,120.1200000000,17244.8676694481,11496.9101622482,1082.6437912211,1373.4506253187,3291.8630906600
7593,177.4700000000,25754.0356902178,17169.7982692948,1091.5804976578,2029.6054524325,5463.0514708328
7594,13.0500000000,1559.0835881875,1039.6550037105,938.8824522502,149.2683652288,-568.7222330020
7595,6.1800000000,537.5658116505,358.1282900121,755.2275891446,70.6741749041,-646.4642424104
7596,47.1900000000,4114.0182714023,2742.5469901902,756.2725330342,539.7336294974,75.4651186805
7597,24.3400000000,3556.2332757859,2370.7422959874,1097.2602780930,278.3993370556,-190.1686353501
7598,49.6100000000,4321.6253036961,2881.1365658371,755.9089524359,567.3860098924,117.1937755308
7599,1.6100000000,140.4939188796,93.6108182304,756.7192474217,18.4153672973,-728.2515140697
7600,98.1900000000,8543.5713850035,5695.7709237084,755.3660261078,1122.9153656973,969.5190694899
7601,4.0700000000,355.0405766201,236.8687237877,756.5599770292,46.5521747044,-684.9402989013
7602,72.8500000000,10646.0224755843,7097.0725502240,1097.4304909789,833.2572344071,1618.2621999742
7603,27.7000000000,3289.4318900733,2192.7833631168,934.9012987172,316.7758324988,-155.0286042595
7604,18.1500000000,1584.2633922238,1055.9560299194,756.8474066171,207.6052343255,-436.1452786382
7605,92.1400000000,10991.6274830078,7327.9172984925,937.8995482845,1053.8622920693,1671.9483441614
7606,134.4800000000,15911.9954334105,10607.9744140684,932.5173167244,1537.7349613870,2833.7687412307
7607,38.7900000000,3383.7896725041,2256.0775167325,756.5599770292,443.6753947876,-72.5232160452
7608,7.8100000000,1142.7902245714,761.7256296754,1098.5078760990,89.3331614370,-806.7764426400
7609,120.6200000000,10498.0845560253,6998.6883477811,755.4932545847,1379.4501023971,1364.4528512624
7610,20.5100000000,2996.6452130801,1997.7234032621,1097.2602780930,234.5920461385,-332.9305144135
7611,49.5700000000,5923.9266633622,3949.2518293549,939.0835389281,566.9967749595,468.5945201198
7612,97.4500000000,14130.3298594860,9419.8489315385,1090.9087661794,1114.4526162257,2505.1195455425
7613,18.2000000000,2172.2816497348,1448.5840786290,938.2513041608,208.1683691072,-422.7221021623
7614,28.8000000000,3441.2970369713,2294.3127003863,938.9903837852,329.4216395841,-121.4276867843
7615,77.7200000000,6771.5701390602,4514.1265919989,755.9935047728,888.8875900164,612.5624522720
7616,59.7300000000,8736.9812382015,5824.4942311934,1098.2245360874,683.2049597259,1131.0575111948
7617,45.5500000000,5443.1427773506,3628.7176921625,939.0386843848,521.0136174165,354.3727833867
7618,115.2600000000,16749.9276966245,11166.3809148687,1092.7603591096,1318.1885770005,3172.5978456457
7619,9.7600000000,1164.0566432733,776.0003906551,937.7632772109,111.6304076784,-661.3374322712
7620,35.1200000000,4183.2060968695,2789.0790594720,936.8966040123,401.6692249276,55.5612084576
7621,144.7200000000,12563.9896988705,8375.8615612640,754.3228133681,1654.8260232892,1778.9793009492
7622,14.7700000000,2160.4756887366,1440.5998524913,1098.2245360874,168.9425289662,-547.2912288083
7623,186.2700000000,26786.9449724678,17858.1803783013,1084.0440787886,2129.8756429515,5714.8448724264
7624,44.9000000000,3918.7188980942,2612.5523166177,756.7903865069,513.5761374802,35.8000574894
7625,237.4700000000,28071.4256130910,18713.9662651753,931.8958594654,2715.3141618710,5710.2493265793
7626,14.1400000000,1233.6693194083,822.5607508592,756.6307199789,161.7331131711,-507.2552646009
7627,78.1600000000,11383.4061228393,7588.5259665787,1094.5951237908,893.9287664688,1806.3562660010
7628,51.4600000000,7529.0461441524,5019.0663419192,1098.4202960231,588.6138474698,822.9456587402
7629,120.8300000000,14296.8947666493,9531.1389983854,932.5173167244,1381.6516610975,2451.5867904419
7630,90.8300000000,10835.3540729498,7223.5522504977,937.8995482845,1038.8790100787,1635.0232640888
7631,44.4600000000,3878.9913678144,2586.2172079417,756.6307199789,508.5328296739,27.6106102199
7632,12.9200000000,1536.6062546453,1024.2710580107,935.9015508839,147.7595493383,-571.3259035875
7633,133.8500000000,11652.4740803447,7768.1333472144,755.6102914559,1530.7752073476,1597.9552343268
7634,213.9500000000,18543.3569439590,12361.9579140517,753.5492527343,2446.2179195972,2981.6318575758
7635,115.5400000000,16848.2221915197,11231.9511550970,1095.6242774865,1321.4838642113,3199.1628947248
7636,80.4300000000,11739.7792742286,7826.1174411264,1096.4346045105,919.9335979601,1897.2936306316
7637,188.7600000000,22402.1782823855,14934.8006709626,934.5057179604,2158.6096042794,4374.2622891830
7638,5.2300000000,618.8261162756,412.4050528148,932.5173167244,59.8033450926,-785.8995983562
7639,62.4600000000,9129.3866333284,6086.2881423846,1097.5884505866,714.4194941552,1231.0905462020
7640,17.7900000000,1552.7184447450,1035.0411789197,756.8108245191,203.4864919514,-442.6200506454
7641,90.0800000000,10745.8845633747,7163.9150802150,937.8995482845,1030.3007951987,1613.7691396765
7642,136.9400000000,11888.5623919522,7925.9732625547,754.3228133681,1565.8642594612,1642.4020565682
7643,111.3400000000,16241.4261901635,10827.5962061084,1095.9158827522,1273.4559007087,3044.4582005942
7644,40.6500000000,3548.0926162702,2365.5537248968,756.8298005211,464.9660493519,-39.2569584996
7645,13.5300000000,1976.8215374439,1318.0000876294,1097.2602780930,154.7552600806,-593.1940883591
7646,35.6100000000,3095.4320534476,2063.5570388614,754.9124345824,407.2182830275,-130.2557030238
7647,8.8600000000,1058.5042598729,705.6481925637,938.8824522502,101.3423537109,-687.3687386518
7648,115.7700000000,13762.4293590264,9174.5691652738,935.5962830805,1323.9839027898,2328.2800078822
7649,15.4900000000,1840.4814897456,1226.9020458555,935.2637903541,177.1459315068,-498.8302779708
7650,29.6000000000,3534.8727505952,2356.8512031601,938.6129255746,338.5657545148,-99.1571326543
7651,52.6600000000,4580.6174177207,3053.5148937878,755.2275891446,602.2171602666,169.6577745216
7652,62.3000000000,9106.0004363811,6071.1292678083,1097.5884505866,712.5894089957,1224.6933089905
7653,145.1700000000,17272.7551261857,11515.1730864965,936.1820858981,1660.2588558317,3161.1410979594
7654,460.1700000000,54051.4342896036,36034.5616947932,927.7291392802,5260.7474518297,11828.3960037005
7655,215.4200000000,25566.2070650110,17043.8482972868,934.5057179604,2463.4863369033,5124.3667128605
7656,41.9600000000,3656.4932090954,2437.5173642060,756.0716187804,479.9034165946,-16.9991904856
7657,70.2900000000,10267.5815346507,6845.5293886903,1097.0767788299,803.9686388147,1521.0067283158
7658,252.7300000000,36539.9041078372,24360.3923884467,1088.4939688877,2890.0948236321,8200.9229268707
7659,203.3300000000,17643.3635001913,11762.3722626507,754.0882497416,2324.9455869509,2801.9574008480
7660,55.9100000000,6678.9609383539,4452.9954305061,938.8222665727,639.5071882088,647.6360530662
7661,90.6100000000,7893.2164637755,5262.3498919399,755.9089524359,1036.3000676547,838.6575517451
7662,105.0600000000,15285.8105690803,10190.4917245538,1093.7544670621,1201.5636806953,2800.0006967691
7663,71.2600000000,10355.7161865475,6903.8472540542,1092.7603591096,814.9758632401,1544.1327101435
7664,91.1900000000,13274.7295917413,8849.5076801754,1094.1922130533,1042.9446646113,2288.0850339012
7665,94.2100000000,11187.6309878629,7458.6645781930,934.9012987172,1077.3809090148,1716.6842019379
7666,49.4900000000,5912.0332112169,3941.4368744852,938.8222665727,566.0742397506,465.6998304084
7667,156.5900000000,18615.0022745956,12410.1805808131,935.5962830805,1790.8148858760,3478.4105248261
7668,18.9700000000,1653.5830345425,1102.3789167037,756.2106627622,216.9668551989,-421.9734001222
7669,70.6800000000,8429.8692158358,5620.1240414113,937.7632772109,808.4054523270,1063.5764448865
7670,55.7300000000,4850.4249072068,3233.3607687492,755.4932545847,637.3466606416,224.2242232313
7671,255.6400000000,30073.5143786416,20048.7372863272,928.7304688664,2922.6548820420,6173.3917414060
7672,73.5100000000,10735.4066949068,7156.9975878854,1096.8788562489,840.7943303886,1640.7359203839
7673,57.9700000000,8471.5157571671,5647.5588485600,1097.4304909789,663.0600120601,1063.4664055680
7674,23.1400000000,2005.5773764114,1336.8739533220,753.5492527343,264.5734174315,-349.4192470765
7675,25.0300000000,2183.6273276240,1455.5484257203,756.5966414806,286.2915121817,-314.8092517587
7676,60.5600000000,5262.2057124889,3508.2351241432,754.7330514445,692.5187606613,306.7187762400
7677,14.3300000000,1250.5512972992,833.9132068788,756.7447129152,163.9087463250,-504.0153688198
7678,124.8100000000,18001.3317934212,12000.9237600701,1086.4759890134,1427.1991774525,3486.7328668852
7679,57.5000000000,6851.0213970344,4567.6705246062,937.0984891794,657.6369507671,688.6154324817
7680,25.9400000000,3098.7702869058,2065.7221690751,938.8222665727,296.7057138640,-202.4798626060
7681,32.2300000000,2810.7689569091,1873.9735769205,756.4322921394,368.6368253420,-188.2737374927
7682,126.6900000000,18422.3926745683,12282.0572433527,1093.2784533794,1448.9276588186,3598.1293190176
7683,217.2400000000,31332.4999503472,20888.0943283382,1086.4759890134,2484.1338779728,6873.7957550228
7684,123.8800000000,14750.6785040975,9834.1057804229,936.6776962357,1416.8066701364,2563.0883573024
7685,176.8900000000,15340.6229443568,10227.2603819479,753.8312137160,2022.5581178208,2336.9732308721
7686,197.5300000000,28665.0964663815,19110.0063361774,1091.5804976578,2259.0182285400,6204.4914040063
7687,32.5100000000,2832.0104540044,1887.8680237334,755.9089524359,371.8145370208,-183.5810591857
7688,274.5700000000,23744.8687622618,15829.8607803215,752.5246171233,3138.9343674053,4023.5489974117
7689,8.7000000000,1035.1516814618,690.4172300255,936.1820858981,99.4988774935,-690.9465119553
7690,83.0500000000,12118.5959926941,8078.7711716158,1096.1853728800,949.8943277226,1993.7451204757
7691,35.6600000000,4260.9948728610,2840.3679304207,938.9903837852,407.8880440128,73.7485146423
7692,28.3800000000,2475.6883450804,1650.3148788491,756.5599770292,324.6070560472,-255.7935668451
7693,19.4900000000,1699.7172500825,1133.2028453378,756.4322921394,222.9206244466,-412.8385118413
7694,71.3700000000,10425.3420703943,6949.7760291272,1097.0767788299,816.3215500384,1562.1677123988
7695,63.5000000000,9271.1824153871,6180.4699131661,1096.6652581846,726.2977471873,1267.7494968491
7696,44.5200000000,5320.4199123035,3547.2818110470,939.0835389281,509.2333351058,324.8212272226
7697,35.4500000000,3086.1427429826,2057.4210174395,755.6102914559,405.4238408702,-132.3124067830
7698,7.5600000000,900.1867088390,600.3061242212,936.6776962357,86.4631774801,-723.2602890979
7699,465.0200000000,66346.7554727526,44231.4645407456,1077.5309870471,5316.4331608792,15721.3267840807
7700,27.9300000000,3337.8106053602,2225.3391735189,939.0835389281,319.4718564579,-146.0839635447
7701,189.0600000000,16420.9671442650,10947.2549122681,754.5370947577,2161.8962942807,2557.2788429584
7702,40.9000000000,5950.7867149760,3967.4127907211,1093.7544670621,467.7703649385,421.8490922544
7703,31.4700000000,2721.5319224547,1814.4899708669,752.5246171233,359.7707853817,-205.2534509172
7704,16.1800000000,2364.9291663025,1576.5229559352,1097.5884505866,185.0673617584,-494.2496019778
7705,201.0500000000,29126.7484238522,19417.4800082289,1090.1749041379,2299.1978745083,6319.8956369770
7706,112.0500000000,13199.9101322985,8800.2945191177,929.6388554362,1281.0864285795,2188.8903291650
7707,247.1400000000,35480.3246405878,23653.1413373852,1082.6437912211,2825.7957670769,7918.7437449046
7708,100.8200000000,8752.7739181877,5835.3158744351,754.3228133681,1152.8438340797,1010.2913963048
7709,148.1400000000,21480.4213995306,14319.9603709849,1090.9087661794,1694.1509550301,4375.4013073364
7710,307.1500000000,44170.3449202420,29446.9995599649,1084.0440787886,3512.0593962128,10127.2418852757
7711,40.3600000000,5894.1778561616,3929.5107775524,1096.8788562489,461.6305152290,406.1577071313
7712,23.7300000000,2071.2481619703,1381.0618464227,756.8298005211,271.4303653412,-338.0738503148
7713,53.9600000000,6429.2367753735,4285.8355347901,937.0984891794,617.1493889286,589.1533624755
7714,51.3800000000,7471.3279313231,4981.0565486931,1093.2784533794,587.6225677646,809.3703614860
7715,183.8500000000,21789.4804636648,14526.3977049355,933.6011095794,2102.3707752242,4227.1108739257
7716,7.5000000000,653.4582609747,435.8467054344,755.9935047728,85.7778811776,-624.1598304101
7717,64.3700000000,7682.9543842544,5121.7794208668,938.2513041608,736.2526329359,886.6710262909
7718,54.2600000000,7906.0604260944,5270.9476669928,1094.9662915433,620.5862477941,919.5602197642
7719,31.0700000000,4544.7514995969,3030.2272759301,1098.2245360874,355.3855365592,60.9141510202
7720,47.7100000000,4148.6998320046,2765.6906184888,755.0768121019,545.5989840017,82.3334174121
7721,73.4500000000,8765.2701977797,5843.5228253107,938.1427889439,840.1034571796,1143.5011263456
7722,74.5300000000,10871.8654028461,7248.3182892705,1095.9158827522,852.4399881428,1675.1912426806
7723,116.3000000000,16889.6409606629,11259.5893569111,1092.1959456200,1330.0646739972,3207.7909841346
7724,58.8100000000,6936.7787517804,4624.4976982491,930.4637478382,672.4097959874,709.4075097057
7725,61.9500000000,9053.1378498620,6035.6800036504,1097.4304909789,708.5831938438,1211.4441613889
7726,3.8200000000,557.4116398807,372.0486723770,1096.1853728800,43.6917077893,-954.5141131657
7727,5.2800000000,628.2299859906,419.1818896583,936.1820858981,60.3855256512,-787.5195152171
7728,37.4800000000,3269.7703651357,2179.5904631299,756.5966414806,428.6938024998,-95.1105419746
7729,117.3100000000,17085.3041488010,11389.8546165035,1094.5951237908,1341.6937512085,3259.1606572981
7730,22.5500000000,1967.8947490647,1311.7735838543,756.7447129152,257.9303719211,-358.5539196259
7731,109.9300000000,16030.1632812338,10686.3653545326,1095.6242774865,1257.3197264389,2990.8539227757
7732,81.6500000000,9725.4777280580,6483.8369279239,936.8966040123,933.8351997534,1370.9089963684
7733,47.1600000000,6781.9419385923,4521.5392872720,1084.0440787886,539.2437607859,637.1148117457
7734,14.8700000000,2174.1876348867,1449.6358891085,1097.8712831691,170.0847898828,-543.4043272736
7735,52.1000000000,7587.9664662222,5059.0173110524,1094.5951237908,595.8762632168,838.4777681622
7736,51.8400000000,4490.0519018879,2993.4045616378,753.2396180813,592.6954079211,150.7123142478
7737,53.6500000000,4680.4477078317,3120.0986766722,756.5966414806,613.6452108889,190.1071787899
7738,120.3100000000,14325.5903360346,9550.3247035184,936.6776962357,1375.9768363264,2462.6110999541
7739,3.2100000000,279.8103079010,186.3925704571,756.2106627622,36.7139486130,-699.5068739314
7740,43.6100000000,3798.9534266113,2532.5058854961,755.9089524359,498.7644404638,11.7741482156
7741,36.7600000000,4388.8191979233,2926.1699306682,938.4454697809,420.4584893248,103.7453081494
7742,141.5300000000,20462.5197973418,13641.8197375301,1088.4939688877,1618.4668238383,4113.7392670857
7743,16.4700000000,1433.4559164130,955.8778622266,755.4932545847,188.3563520683,-466.2715524667
7744,94.0100000000,13661.8141832350,9107.9779077233,1092.7603591096,1075.1597095594,2385.9162068428
7745,28.0200000000,3320.8661549735,2213.5463169425,933.6011095794,320.4157145596,-146.6969861080
7746,28.2000000000,4125.4421890506,2750.0916060055,1098.3260134850,322.5586887594,-45.5341191993
7747,53.2400000000,6357.2194298152,4237.9024259076,938.5322790142,608.9583412469,571.8263836466
7748,60.0900000000,7155.0554674783,4769.7050233572,936.6776962357,687.2450178277,761.4277300578
7749,7.3800000000,643.8341860913,429.2001768150,756.5966414806,84.4119600440,-626.3745922483
7750,35.5400000000,4217.9138385038,2812.0635017656,934.5057179604,406.4260719225,64.9185468552
7751,5.4900000000,476.6190122084,317.5682108536,754.3228133681,62.7763603362,-658.0483723495
7752,17.8900000000,1561.3046884867,1040.9222703602,756.7683859227,204.6291995358,-441.0151673320
7753,236.8000000000,34153.6364769021,22769.3202150519,1086.4759890134,2707.8019807769,7590.0382920600
7754,20.9600000000,1821.9673080669,1214.4892989132,754.9124345824,239.6881553568,-387.1225807856
7755,76.3400000000,9098.3389034655,6065.5298070105,937.2848285391,873.1211602765,1222.4031076394
7756,35.4600000000,3093.3019279968,2061.9228251032,756.5599770292,405.5872518476,-130.7681259832
7757,60.3900000000,5267.1103718451,3511.5948691343,756.4780410728,690.7263142148,308.3111474232
7758,72.9600000000,10409.5722319299,6939.3076105840,1077.5309870471,834.1296361828,1558.6039981159
7759,30.2200000000,3610.0554383304,2406.7612064224,938.8222665727,345.6610128362,-81.1890475008
7760,31.3800000000,3748.6280494642,2499.3289451309,938.8222665727,358.9292714361,-48.4524336755
7761,73.0000000000,6365.6367926153,4243.7938840579,756.3829978112,834.9462483293,530.5136624168
7762,26.7400000000,3195.3817314238,2130.2707392813,939.0386843848,305.8595857237,-179.7872779661
7763,36.5900000000,5346.0384371819,3564.4027527083,1097.2602780930,418.5140403807,265.8613659999
7764,49.7100000000,4337.0369071987,2891.5345172126,756.6307199789,568.5822528810,120.2894171262
7765,45.1800000000,5389.6432568080,3593.1395095355,937.8995482845,516.7516643769,341.8525346111
7766,143.2400000000,20828.9803986515,13885.5480501238,1093.2784533794,1638.2066291670,4211.9472659813
7767,31.8000000000,4640.2330230906,3093.3189617634,1096.1853728800,363.7163109160,87.0123775311
7768,36.7500000000,5374.1388229734,3582.9131742273,1097.9977895315,420.3521582306,272.8757009839
7769,51.0800000000,4456.2398679598,2970.8116586496,756.5966414806,584.2497180280,144.5818498015
7770,52.4800000000,4578.0170665897,3052.1117524126,756.5599770292,600.2599824298,169.0853547181
7771,18.5700000000,1620.7262792341,1080.2463511408,756.7903865069,212.4077700002,-428.7182284138
7772,31.4300000000,2739.3080983311,1826.3792821432,756.1438402539,359.4733831214,-202.6884071874
7773,40.0100000000,3492.3624420317,2327.9644444770,756.8474066171,457.6465799098,-50.0959889722
7774,116.0900000000,13747.9007205411,9164.9048749471,933.0839460749,1327.4861991064,2322.4257004127
7775,19.4700000000,2848.6305562893,1898.7932643016,1098.4202960231,222.7032959626,-371.2862999981
7776,154.1600000000,22234.4788820913,14822.7625901406,1086.4759890134,1762.8156814044,4562.4246215329
7777,32.3700000000,3867.2441187456,2577.9680634994,938.8824522502,370.2541749008,-19.8605719048
7778,133.5400000000,11557.9031217822,7705.3685820002,752.8992265782,1526.7224728051,1572.9128403988
7779,40.3600000000,5904.3562677335,3936.4056321255,1098.3260134850,461.6478254727,407.9767966502
7780,206.9300000000,30005.0195774597,20003.1946432195,1090.9087661794,2366.4820921046,6544.4340759563
7781,69.4500000000,8287.9239650892,5525.2776656472,938.1427889439,794.3524179867,1030.1510925114
7782,25.7000000000,2239.5585193935,1493.2007097921,756.0716187804,293.9351240820,-303.6489332610
7783,460.0700000000,65475.2534746799,43650.5554828840,1075.4639149027,5259.6042335730,15489.6298433202
7784,39.1200000000,5708.3621340661,3805.5264203138,1096.1853728800,447.4396881458,359.2106527266
7785,98.8800000000,8613.6325343574,5742.5393195794,755.9089524359,1130.8834641838,984.3007981583
7786,5.4400000000,649.0760512813,433.0819339830,938.0257820855,62.2210465362,-784.2527113234
7787,4.4300000000,647.7236867887,432.1030054073,1097.8712831691,50.6708553585,-932.9214571462
7788,30.2200000000,2637.3743815577,1758.0692996491,756.7683859227,345.6620687520,-223.1253727660
7789,81.1400000000,7074.6436183773,4716.3873415822,756.3298557505,928.0421392447,673.8842817999
7790,124.5900000000,17944.5012579237,11962.8820469432,1085.3172731391,1424.6460353897,3471.6559024517
7791,85.8500000000,7481.1711630324,4987.1723311237,756.0716187804,981.8805604062,756.0466527221
7792,33.5800000000,4010.1698298982,2673.2802998807,938.6129255746,384.0891228583,14.1874815846
7793,48.9800000000,4273.9060560664,2849.4955468872,756.6918581469,560.2369540444,107.4816969880
7794,113.9400000000,16558.1013513222,11038.8692241606,1092.7603591096,1303.0921955876,3123.3795724644
7795,75.7400000000,8999.2296987304,5999.8502486347,935.2637903541,866.1738445658,1197.9418151758
7796,43.3800000000,3783.1572246577,2522.1479670553,756.4322921394,496.1670953563,8.4098701066
7797,57.8700000000,8455.1856889783,5636.7299345155,1097.2602780930,661.9132964425,1059.2821799273
7798,104.4200000000,9076.8046902835,6050.9511087447,754.9124345824,1194.0952854179,1076.8458615385
7799,14.0800000000,1228.0330193009,818.8093805433,756.4780410728,161.0436579590,-508.2980602743
7800,76.1100000000,9070.9270885874,6047.1494136560,937.2848285391,870.4905882715,1216.0022581208
7801,284.7900000000,40725.1264108827,27150.5176447420,1079.4039103234,3256.0517982611,9239.1530575563
7802,20.7000000000,2446.9554478081,1631.6007575978,931.8958594654,236.6909637037,-353.2321329589
7803,149.0200000000,21430.1312062981,14286.5443026410,1084.0440787886,1703.9462517455,4355.5965731230
7804,65.0400000000,7708.3916744996,5138.5896643309,933.6011095794,743.7486821897,892.4522183996
7805,254.1300000000,29850.0358476584,19900.2343785794,927.7291392802,2905.2605557370,6116.8117740617
7806,46.8400000000,6815.0330007207,4543.3275506645,1093.7544670621,535.7057186728,642.2452643213
7807,5.4000000000,790.0670263976,526.7993507666,1098.4202960231,61.7667076630,-896.9193280550
7808,81.9700000000,7125.3177596489,4750.4802665456,754.9124345824,937.3682297041,682.5568288168
7809,78.2600000000,11287.4307038951,7524.9035468547,1086.4759890134,894.9011107078,1781.1500573192
7810,43.6100000000,3803.2154579834,2535.3760158336,756.4322921394,498.7977646033,12.6093854072
7811,82.5500000000,9724.6995218317,6482.7792365031,929.6388554362,943.8079846429,1368.4734452495
7812,28.3200000000,2470.2456326708,1646.5601676529,756.5205193927,323.9191325888,-256.7541869636
7813,61.5900000000,5357.3913170797,3571.8584714370,755.2275891446,704.3401994079,325.9650570902
7814,77.4700000000,11323.3042344533,7549.1195389975,1097.5884505866,886.1043581845,1790.4918866846
7815,17.9800000000,2630.6305804870,1754.0681679372,1098.4202960231,205.6602599593,-427.5181434326
7816,13.0200000000,1901.4419149461,1267.2900187466,1096.8788562489,148.9204486690,-611.6474087184
7817,76.8500000000,9139.9528381961,6093.0996271406,935.9015508839,878.8948426198,1232.0568175518
7818,61.7200000000,5345.7948183743,3563.5768590926,753.2396180813,705.6551037209,323.3232374795
7819,29.6100000000,4331.1905987468,2887.4091871055,1098.2245360874,338.6857334251,6.8711421288
7820,25.0100000000,3646.9970314169,2431.4149807760,1095.6242774865,286.0508174132,-166.0930442589
7821,78.2300000000,6797.5949948482,4531.9496357785,754.7330514445,894.5796341898,616.3326734356
7822,19.7900000000,2364.6968181133,1576.5142931637,938.9903837852,226.3629947003,-377.1708535360
7823,159.3600000000,23125.9544012684,15417.3522734008,1091.5804976578,1822.4935194661,4794.5281107438
7824,58.4300000000,5096.1625935902,3397.6368625638,756.4780410728,668.3083050103,273.7393849432
7825,94.0600000000,13710.8028867110,9140.4136905781,1095.3085042616,1075.7987559308,2399.2819359405
7826,413.9700000000,48624.7957338966,32416.3372623242,927.7291392802,4732.5806172370,10548.1487150552
7827,35.5200000000,5194.2696868576,3462.3665627580,1097.9977895315,406.2832288531,227.6221057149
7828,48.4800000000,4225.9201641867,2817.1905649093,756.2106627622,554.4835603607,98.0353761545
7829,67.3000000000,5865.5881329203,3910.4685243434,756.1438402539,769.7282432094,429.2475251136
7830,13.8400000000,1205.1364556864,803.6745320120,755.7180513530,158.2832717828,-512.5393994613
7831,25.4400000000,3036.4200642447,2024.1375741557,938.2513041608,290.9782038510,-216.9470179228
7832,29.9500000000,3576.6702324435,2384.1295735671,938.6129255746,342.5690658013,-88.6413324995
7833,119.4100000000,14171.6683020749,9447.8474967858,934.5057179604,1365.5412844194,2423.7738029093
7834,51.7100000000,7556.7031189082,5037.6541762751,1097.4304909789,591.4582236265,830.1602280277
7835,257.6100000000,30347.4239105882,20231.2820617439,929.6388554362,2945.2983031358,6241.2046902723
7836,105.7400000000,15270.2752937309,10179.8620376199,1087.5315179624,1209.1633710754,2793.7183670732
7837,62.3000000000,7434.6675741549,4956.4990824188,938.1427889439,712.5724354294,827.4532673628
7838,20.9300000000,1826.9219173137,1217.9953183981,756.8474066171,239.4037220073,-387.3245297087
7839,195.5700000000,28242.9330357002,18828.2404058634,1087.5315179624,2236.3919092227,6090.7692026518
7840,54.1600000000,6441.3773027547,4294.0594355064,935.9015508839,619.4007114676,592.0156048968
7841,2.1300000000,185.3325903866,123.8211070371,755.3660261078,24.3589951007,-718.2135378590
7842,109.5000000000,9477.2382195234,6318.4022372401,752.8992265782,1251.8804161461,1154.0563395589
7843,3.8700000000,337.7751760069,225.2568956878,756.8108245191,44.2660328191,-688.5585770191
7844,72.7600000000,10591.8338095745,7061.5765868972,1094.1922130533,832.1598179309,1603.9051916931
7845,96.8100000000,13962.8950478416,9308.8246463246,1086.4759890134,1107.0198891850,2460.5745233186
7846,63.4000000000,5531.0416528710,3687.3893451581,756.5966414806,725.1650768006,361.8905894316
7847,55.0500000000,8051.3683087237,5368.0335344092,1098.1153248667,629.6722992983,955.5471501496
7848,159.6000000000,18972.8230603836,12648.2991698354,935.5962830805,1825.2382386219,3563.6893688457
7849,171.8800000000,14887.1551098860,9924.5615525728,753.2396180813,1965.1328455533,2244.2210936787
7850,17.2500000000,2061.1935377693,1373.9454175058,938.9903837852,197.3098362092,-449.0520997310
7851,239.4700000000,20779.3058446407,13853.1445995427,754.0882497416,2738.1828540162,3433.8901413401
7852,52.8300000000,7728.6209520406,5152.6770831476,1098.3260134850,604.2828201121,873.3350352960
7853,50.4400000000,4401.5610362035,2934.2149576342,756.7192474217,576.9385878742,133.6882432734
7854,62.8900000000,7493.2301853825,4995.2822332928,937.0984891794,719.2832666738,841.5661962366
7855,80.9300000000,11824.4025887163,7883.1325995945,1097.2602780930,925.6720767425,1918.3376342863
7856,16.0600000000,1401.1831166689,933.9117695345,756.6307199789,183.6940450869,-473.0534179314
7857,239.4900000000,34662.2427093964,23107.7959242658,1089.3723944003,2738.7445122318,7726.3298784986
7858,39.8800000000,4746.8956084135,3164.5824904548,936.4401288793,456.0994161630,189.7735729165
7859,31.7400000000,4639.2368194340,3092.4104135653,1097.5884505866,363.0431435236,86.1948117584
7860,51.9100000000,6203.5713757339,4135.7327656833,939.0835389281,593.7624084758,534.9926626468
7861,169.4300000000,24567.4888465133,16378.4546743139,1090.9087661794,1937.6265445575,5160.4988614625
7862,10.8800000000,1590.5394454649,1060.3898999435,1097.7350963539,124.4462650062,-692.0318158388
7863,43.7100000000,3815.0266003261,2543.4069740948,756.8108245191,499.9659675771,14.8428341351
7864,25.2400000000,2202.9574786601,1468.4468516354,756.8108245191,288.7014646911,-311.0016621856
7865,82.3500000000,11998.9693344798,7999.5948178350,1094.9662915433,941.8591504948,1962.5490746067
7866,163.9400000000,23727.6214864021,15818.7596260075,1089.3723944003,1874.7746266453,4944.7148393491
7867,48.8700000000,5839.8767843935,3893.4006297085,939.0386843848,558.9887043500,448.4487659501
7868,232.0600000000,33512.5788222355,22341.6441179623,1087.5315179624,2653.6641941720,7429.7389921389
7869,10.5700000000,916.1172371940,610.6708181841,753.5492527343,120.8531124568,-568.9559461813
7870,123.3500000000,10732.7582273162,7155.0911137890,755.3660261078,1410.6488477316,1411.6522396878
7871,28.9100000000,4215.7010866958,2810.9529289947,1095.6242774865,330.6569024957,-21.5330222811
7872,209.1600000000,24806.9751721367,16537.6277520435,934.0736028865,2391.8499319863,4943.4238852205
7873,64.6100000000,9424.8118030040,6283.3718916277,1095.9158827522,738.9795737811,1306.5444548430
7874,92.9400000000,8064.5955034072,5376.2717234365,754.0882497416,1062.7081239916,871.5274062374
7875,27.4700000000,3281.2218770128,2187.6940219993,938.7575205857,314.2050556880,-159.4347212603
7876,24.8700000000,2170.5687972295,1447.1778562837,756.7903865069,284.4685643459,-317.8680099071
7877,25.4000000000,2213.0453105009,1475.6524169707,755.9935047728,290.5010909215,-309.1017021641
7878,293.5000000000,34575.4004804070,23049.8817297888,929.6388554362,3355.6346879793,7240.2452072027
7879,148.1500000000,12861.7680616892,8574.3416930475,754.3228133681,1694.0469551568,1839.0566001168
7880,45.6400000000,6676.7794861089,4451.6733404403,1098.3260134850,522.0417927298,604.7383394538
7881,20.7000000000,2444.4106148015,1629.4173034776,931.2135751301,236.6835493182,-352.9038131243
7882,111.0000000000,9669.4297260687,6446.3786176263,755.9089524359,1269.4990344297,1197.6431215768
7883,15.8600000000,2319.9149914260,1546.1610485791,1098.2245360874,181.4101902102,-505.8807834506
7884,162.3600000000,14122.8454983125,9415.0042558457,755.2275891446,1856.7409445669,2095.8727087553
7885,12.2300000000,1457.1824640997,971.8447924694,937.0984891794,139.8765201371,-591.6373376862
7886,31.9400000000,2782.3566256814,1854.9783369088,755.9089524359,365.2954879251,-193.8261515884
7887,48.6400000000,7112.8738054266,4741.5000511270,1097.9977895315,556.3518088800,717.0241558881
7888,12.5000000000,1089.2794355027,725.9434280807,756.0716187804,142.9645545146,-535.7001658731
7889,3.5700000000,522.1323317374,347.9877681370,1098.1153248667,40.8343343959,-964.8050956622
7890,49.7500000000,5944.6016524070,3963.3040889591,938.9903837852,569.0530058788,473.2541737839
7891,113.3400000000,16527.4147757213,11018.4610592240,1095.6242774865,1296.3214572418,3117.0079817690
7892,15.9700000000,1393.7415246022,928.9626075598,756.7683859227,182.6678768355,-474.6573457159
7893,378.5300000000,53870.8190009577,35913.5522623729,1075.4639149027,4327.4240670646,12554.3787566176
7894,118.9300000000,14161.2705399767,9441.1781354782,936.6776962357,1360.1938753578,2423.2208329050
7895,21.9100000000,3118.1402908910,2078.5978801373,1075.4639149027,250.4791200417,-286.4006241907
7896,33.3600000000,2898.7315483592,1932.4049208395,754.7330514445,381.4799513814,-169.8863753063
7897,1.9700000000,288.1609415580,192.4939458070,1098.2245360874,22.5332960097,-1025.0908363461
7898,394.3800000000,56618.6389566845,37746.1279878830,1082.6437912211,4509.3361439661,13280.5310336143
7899,51.4900000000,7530.6985325374,5020.0457662722,1098.1153248667,588.9523467915,823.5850946071
7900,135.1800000000,19469.7622605837,12980.2532474164,1085.3172731391,1545.7392331968,3858.4525068315
7901,14.3900000000,1254.5183921483,836.4514849933,756.2725330342,164.5850164965,-502.7906423756
7902,13.0300000000,1130.6399764299,753.8158765665,754.0882497416,148.9895293266,-526.2536792048
7903,64.1800000000,9347.3260614615,6231.9179725534,1094.5951237908,734.0372086997,1286.7757564175
7904,59.3100000000,7081.0899518180,4720.9664670902,938.4454697809,678.3839227925,743.2940921544
7905,152.9500000000,17993.0528251183,11995.2614611415,928.7304688664,1748.6311383520,3320.4297567583
7906,39.0300000000,5709.0972329986,3806.4125412810,1098.2245360874,446.4337783041,358.0263773262
7907,249.3300000000,21595.3827295083,14396.8505107340,753.2396180813,2850.6316754817,3594.6609252114
7908,64.1600000000,5595.3750007846,3730.3097554699,756.4322921394,733.8423429705,374.7906102047
7909,32.2000000000,4687.4250779041,3125.1232554779,1094.1922130533,368.2730365225,99.8365728503
7910,75.7600000000,9029.2134572511,6019.5788236241,937.2848285391,866.4875439160,1205.8622611719
7911,102.2700000000,12168.3864900118,8112.4024527994,936.1820858981,1169.6264599153,1950.1754913989
7912,15.3500000000,1339.3287382592,893.1114151047,756.6624014288,175.5737949933,-486.0188732676
7913,104.2500000000,12427.9393912451,8285.3444017186,937.4569555241,1192.3455273845,2012.7925066179
7914,74.1500000000,10835.9995410374,7223.8059886209,1097.4304909789,848.1266153917,1666.6364460458
7915,22.5200000000,2689.9569228369,1793.6059533712,938.7575205857,257.5863798360,-299.9929309561
7916,41.2400000000,4920.5691828751,3280.0631721337,938.0257820855,471.6904336675,230.7897949885
7917,24.2400000000,3544.2036496069,2362.6277231143,1097.8712831691,277.2599399300,-193.5552966065
7918,5.8800000000,693.5599228102,462.4497698249,930.4637478382,67.2295460025,-766.5831408554
7919,6.1200000000,533.8242680772,356.0130092223,756.5205193927,69.9994735679,-648.7087341057
7920,68.8000000000,10004.4251007206,6669.8394196541,1093.2784533794,786.8515504516,1454.4556772355
7921,5.4400000000,649.8577625585,433.6067760559,938.8222665727,62.2235575721,-784.7948376421
7922,67.4400000000,8052.7963626359,5368.3884617730,938.5322790142,771.3777335404,974.4978883084
7923,55.7800000000,8156.9922053185,5437.9915840609,1097.9977895315,638.0202281933,982.9826035328
7924,298.2500000000,35219.5877229254,23479.6362255209,931.2135751301,3410.1868881228,7398.5510341515
7925,156.6800000000,18606.0717883278,12404.4314336901,934.9012987172,1791.7847449787,3474.9543109418
7926,34.7000000000,3026.4734211463,2017.4787829882,756.4780410728,396.8902649984,-144.3736679131
7927,79.1200000000,9434.3912308459,6289.2165186473,937.6160751321,904.9316542877,1302.6269827788
7928,27.7700000000,2421.2823919440,1614.0096025496,756.3298557505,317.6205349621,-266.6776013182
7929,133.6800000000,19426.7771515250,12951.5445847825,1092.7603591096,1528.8517176247,3853.6204900082
7930,71.9500000000,8539.0799291038,5692.7139182085,934.5057179604,822.8012345195,1089.0590584154
7931,36.5100000000,4356.9777388828,2904.8334786307,938.1427889439,417.5926102332,96.4088610750
7932,208.5000000000,18091.9750641316,12061.0540250639,754.0882497416,2384.0611561464,2892.7716331796
7933,40.8800000000,3535.3106129630,2356.7513414708,752.5246171233,467.3476233366,-41.3129689676
7934,11.6300000000,1700.1814109151,1133.0193451451,1097.7350963539,133.0248218770,-663.5978524610
7935,86.3600000000,12485.9973835826,8324.2940847378,1088.4939688877,987.5700904874,2085.6392394697
7936,10.5800000000,1263.8777808582,842.8536208726,938.8222665727,121.0156689546,-638.8137755416
7937,51.7600000000,4514.8274698814,3009.9281688791,756.5205193927,592.0216914830,156.3570901267
7938,95.9000000000,13879.9493750516,9253.4574282854,1089.3723944003,1096.6871214791,2440.4324308868
7939,67.1900000000,5859.6204224239,3906.6837391801,756.4322921394,768.4985508758,428.0058402286
7940,5.2500000000,627.2705266969,418.4616470917,938.9383947274,60.0506619548,-790.1801770770
7941,53.0200000000,4625.1231873207,3083.1765030733,756.5599770292,606.4364380417,178.9502691764
7942,5.0900000000,606.9394763019,404.4246842700,937.6160751321,58.2166597614,-793.3179428616
7943,91.8800000000,10936.4284980199,7291.2907930259,936.4401288793,1050.8127973183,1657.8847787965
7944,79.2200000000,9446.3153855866,6297.4700836324,937.6160751321,906.0754000590,1305.1538267631
7945,61.5000000000,5357.3867401191,3571.8199891542,755.9089524359,703.3710866435,326.2867118856
7946,6.3600000000,554.3111519372,369.7577687775,756.1438402539,72.7410345737,-644.3314916679
7947,190.9000000000,16573.1456157709,11048.7273359485,754.3228133681,2182.8792692503,2587.2161972040
7948,154.1800000000,22206.3023031276,14804.5050551614,1085.3172731391,1762.9980394605,4553.4819353666
7949,36.3800000000,3173.8059200543,2116.1434804703,756.5966414806,416.1120740380,-115.0462759345
7950,125.3500000000,10909.7570808968,7272.9837343331,755.4932545847,1433.5439424264,1447.7361495526
7951,100.3000000000,11917.3849852477,7944.9388579177,935.2637903541,1147.0456378393,1890.1366991365
7952,45.1900000000,6607.3664573323,4404.6628938296,1097.8712831691,516.8884771220,587.9438032115
7953,41.4800000000,6048.6780033256,4032.5906998236,1095.6242774865,474.4257459537,446.0372800617
7954,343.8200000000,49267.9393539377,32845.7295568244,1081.1023166841,3931.0990657439,11410.0084146853
7955,28.5900000000,3415.6474932016,2276.8915013389,938.8824522502,327.0178208345,-127.1442812220
7956,113.9000000000,13533.3015934168,9022.2187030591,935.2637903541,1302.5772497497,2273.2418502539
7957,69.2300000000,10104.9971298626,6736.9155292171,1096.4346045105,791.8314433268,1479.8155528081
7958,122.6900000000,10683.3953575267,7122.4733754456,755.7180513530,1403.1629057105,1402.0410250176
7959,46.0800000000,6691.9574846719,4460.9791742779,1092.1959456200,526.9938106431,611.7885541309
7960,118.4100000000,16932.6950325244,11288.3872644805,1079.4039103234,1353.8013744587,3211.1024832618
7961,20.5400000000,2996.2178367699,1997.2146369816,1095.9158827522,234.9271079626,-331.8397909266
7962,114.2200000000,16661.5385256015,11108.1038798417,1095.9158827522,1306.3960210073,3151.1227420003
7963,58.7900000000,5121.3132756358,3413.9494923960,755.9089524359,672.3770111182,279.0778196858
7964,49.6800000000,7260.0466243930,4839.6331787800,1097.4304909789,568.2391133198,754.7438413142
7965,128.4800000000,18693.3270694406,12462.1554998860,1093.7544670621,1469.4165400317,3668.0005624608
7966,53.0600000000,4616.7827445594,3077.8389463517,755.3660261078,606.8020094093,176.7757626905
7967,9.7600000000,1162.1458040038,774.9406330855,936.6776962357,111.6244196039,-661.0969449213
7968,57.0200000000,4974.0574149571,3316.1621330285,756.5599770292,652.1879610928,249.1473438066
7969,212.5100000000,30650.2926001118,20434.0053212004,1086.4759890134,2430.0464482048,6699.7648416932
7970,6.4500000000,562.3101896704,375.1358175122,756.2725330342,73.7716022517,-642.8697631277
7971,4.3500000000,519.2782057961,346.3545121082,938.3519954833,49.7547813180,-815.1830831134
7972,531.8500000000,75881.7295991215,50588.0821992959,1077.5309870471,6080.4803591536,18135.6360536250
7973,4.7800000000,695.4709168114,463.9313343988,1093.7544670621,54.6685169781,-916.8834016277
7974,1.7900000000,261.7607753231,174.1228832335,1097.9977895315,20.4742955982,-1030.8341930401
7975,54.7100000000,4768.9787991471,3179.3247017975,756.2106627622,625.7383578245,207.7050767629
7976,112.6300000000,9755.2960206334,6503.5277678439,753.2396180813,1287.7176657823,1210.8109689259
7977,189.3500000000,22441.3278531136,14961.2014457635,933.6011095794,2165.2646521006,4381.2606456700
7978,58.2400000000,5081.2518502364,3387.2261487347,756.6307199789,666.1482681108,271.2467134119
7979,218.7300000000,31716.0292474641,21144.3164852823,1090.9087661794,2501.4286377327,6979.3753582697
7980,57.0800000000,4974.8554327948,3316.6151381251,756.1438402539,652.8393480296,249.2571063862
7981,85.3100000000,12389.1252824948,8259.6295628552,1092.1959456200,975.6476125426,2061.6521614771
7982,43.2300000000,5165.1247369729,3443.2115961787,938.9383947274,494.4743078679,288.5004381989
7983,39.3300000000,4699.8640051196,3133.5044541733,939.0386843848,449.8675208121,177.4533457494
7984,112.0700000000,9751.2785937197,6500.6081194498,755.3660261078,1281.6490990294,1213.6553491327
7985,75.6200000000,6594.1021131174,4396.0169255513,756.3829978112,864.9128123104,576.7893774444
7986,116.0300000000,16919.6747523111,11279.3933986244,1095.6242774865,1327.0882184909,3217.5688577093
7987,35.8500000000,4284.0102868939,2856.0142777138,939.0386843848,410.0623092070,78.8950155882
7988,35.2700000000,3072.9963819435,2048.4795155416,755.9935047728,403.3847825512,-134.8614209221
7989,167.0700000000,23836.7219406322,15891.5441463757,1077.5309870471,1910.0608321966,4957.5859750128
7990,84.9900000000,12405.3691472919,8269.8663682006,1096.4346045105,972.0894752036,2066.9786993772
7991,226.1300000000,32656.2072268901,21771.0913783906,1087.5315179624,2585.8531596489,7211.7311708882
7992,59.0200000000,8628.0917344978,5752.2520599676,1097.7350963539,675.0752353553,1103.0293428211
7993,2.5300000000,220.7343265985,147.2707021189,756.6307199789,28.9381029931,-712.1051984924
7994,35.6100000000,4246.1915031651,2830.9727898898,937.6160751321,407.2878691757,70.3147689675
7995,24.3900000000,3553.7931034361,2369.2643553655,1094.9662915433,278.9550052285,-189.3925487011
7996,213.0500000000,25230.3406711283,16820.0458377800,933.0839460749,2436.2213344785,5040.9895527948
7997,22.6600000000,1974.6457606793,1316.1413370895,756.0716187804,259.1661444240,-356.7333396147
7998,238.4100000000,34505.9304536607,23004.4053384749,1089.3723944003,2726.3939169117,7685.7588038738
7999,38.3200000000,5551.5394160757,3700.8563382020,1090.1749041379,438.2256282077,322.2825455280
8000,230.8100000000,33332.0620441273,22221.5277517367,1087.5315179624,2639.3701312455,7383.6326431827
8001,49.2800000000,4299.2071396448,2866.3107460338,756.5966414806,563.6614350905,112.6383170399
8002,210.3200000000,24944.5544951415,16629.6056594519,934.0736028865,2405.1151161568,4975.7601166462
8003,34.8500000000,3040.0894582823,2026.9749806099,756.5599770292,398.6101445823,-142.0556439392
8004,16.6400000000,1452.1405154960,968.2138357020,756.7447129152,190.3308819852,-463.1489151064
8005,113.5800000000,16438.8388948735,10959.4020938352,1089.3723944003,1298.8709411637,3091.1934654743
8006,136.2300000000,19820.9211291244,13214.0442142566,1093.7544670621,1558.0527338770,3955.0697139287
8007,3.2800000000,391.2799885421,260.9126199870,937.8995482845,37.5153930756,-845.0475728051
8008,10.4500000000,1248.8407026858,832.9481822669,939.0835389281,119.5302864298,-642.7213049390
8009,6.4900000000,949.6425809819,632.9043834803,1098.5078760990,74.2345989406,-856.0042775380
8010,83.3000000000,9872.5250074695,6581.3475316238,933.6011095794,952.5563534195,1405.0200128468
8011,91.6500000000,13300.0358990729,8866.5422411303,1091.5804976578,1048.1396276297,2293.7735326551
8012,60.5100000000,7226.1875046796,4817.3602138667,938.6129255746,692.1153312733,778.0990339651
8013,60.8200000000,8783.2243556337,5855.6728534982,1087.5315179624,695.4919257500,1144.5280584232
8014,24.8500000000,2153.7855576414,1435.9016535681,753.5492527343,284.1248670343,-319.7902156953
8015,107.7000000000,9375.9541161982,6250.4919883427,755.6102914559,1231.7107944067,1138.1410419929
8016,49.5200000000,4304.5716171504,2869.6340071667,754.9124345824,566.2861380377,113.7390373636
8017,45.7000000000,3988.8765698290,2659.5146801594,756.8298005211,522.7293592960,49.8027298524
8018,25.8200000000,2253.2613046940,1502.2930805570,756.7447129152,295.3331353882,-301.1096241663
8019,78.8000000000,9396.2339356756,6264.4558236920,937.6160751321,901.2716678194,1292.8903690321
8020,68.3400000000,5935.7288407864,3957.2847149077,754.5370947577,781.4661628644,442.4408682565
8021,5.0800000000,442.3477741970,294.9264337659,755.7180513530,58.0981951342,-666.3949060559
8022,23.4300000000,2042.0613663347,1361.3808759534,756.1438402539,267.9752264249,-343.4385762975
8023,5.2200000000,763.8111360131,509.6840610328,1098.5078760990,59.7079516903,-904.0887528089
8024,329.5600000000,28500.4150099829,19000.0041776981,752.5246171233,3767.5900867614,4980.2961284000
8025,55.4600000000,4839.0339950396,3226.2784452621,756.6624014288,634.3532684254,221.7398799233
8026,214.0400000000,25179.6863464421,16786.5698634672,928.7304688664,2447.0546508851,5017.3313632234
8027,59.2500000000,7071.8509750982,4714.3651487524,938.2513041608,677.6909818463,741.5435403386
8028,46.5100000000,6767.0193181794,4511.3322862232,1093.7544670621,531.9315323543,630.0010325398
8029,63.5500000000,9235.2759423954,6156.9930656209,1092.7603591096,726.7992718062,1258.7232458586
8030,55.1500000000,4806.6446587007,3204.5673294046,756.1438402539,630.7654177266,215.1680713155
8031,117.2800000000,10176.6275084957,6784.3428890984,754.0882497416,1341.0201073998,1297.1762622559
8032,42.4800000000,6164.5992906996,4109.9031094181,1091.5804976578,485.8152905806,477.3003930432
8033,74.8200000000,10901.7958179208,7267.5187529749,1094.9662915433,855.7365105042,1683.5742628984
8034,46.0200000000,6695.7262744058,4463.3393895612,1093.7544670621,526.3274375176,612.3049802649
8035,10.0800000000,874.6623915897,583.1405837590,754.0882497416,115.2582084123,-577.8246503232
8036,148.6900000000,21621.4820963104,14414.3588481015,1093.2784533794,1700.5371662304,4413.3076285990
8037,38.8300000000,4639.4122955507,3092.9773915476,938.9383947274,444.1461340391,163.3503752366
8038,245.2200000000,35454.1023437021,23636.5407289043,1088.4939688877,2804.2141916316,7924.8534542786
8039,48.1100000000,5749.4474838482,3833.2192467505,939.0835389281,550.2968497741,426.8478483955
8040,85.2400000000,7418.8088837307,4945.6289393465,755.4932545847,974.8327535096,742.8539362899
8041,19.9300000000,2376.4840398225,1584.6844771395,937.6160751321,227.9485322289,-373.7650446780
8042,117.8500000000,13863.8854229499,9242.8076981034,928.7304688664,1347.3434433134,2345.0038126667
8043,31.6400000000,3755.0589153140,2503.4223857182,934.5057179604,361.8266999332,-44.6958882978
8044,184.1100000000,26737.3327366091,17824.4364387088,1092.1959456200,2105.5735780707,5715.1267742096
8045,11.9200000000,1423.5028103748,949.2872901617,938.6129255746,136.3413443857,-600.7387497472
8046,19.2400000000,2299.1452697305,1532.5995899839,939.0386843848,220.0724917474,-392.5654963856
8047,56.6200000000,4939.1639921934,3292.8635700330,756.5599770292,647.6128087877,242.1276363436
8048,180.2800000000,26034.8518058805,17356.8149195997,1087.5315179624,2061.5469315062,5528.9584368122
8049,143.8000000000,16890.7061539105,11260.8005296229,927.7291392802,1643.9478531263,3058.2286318811
8050,73.2700000000,10688.0662560920,7124.8949128278,1095.9158827522,838.0286855122,1629.2267749998
8051,193.3000000000,16730.1383363824,11153.5210224452,752.8992265782,2209.9404971785,2613.7775901805
8052,2.7000000000,234.2845691758,156.4523517402,754.0882497416,30.8727343961,-707.1287667022
8053,112.9000000000,16260.8089896427,10840.2655498694,1085.3172731391,1290.9746961674,3044.2514704668
8054,79.8900000000,11629.7636482533,7752.7096145510,1094.1922130533,913.7059903038,1869.1558303452
8055,12.9900000000,1551.0946730522,1033.9118518970,938.5322790142,148.5794299924,-569.9288878514
8056,42.1900000000,5031.9210839857,3354.8299717211,937.7632772109,482.5498872903,256.7779477634
8057,37.3800000000,5460.2674315727,3639.9451952554,1097.0767788299,427.5479829121,295.6974745753
8058,238.8300000000,34446.4231409566,22963.9297895395,1086.4759890134,2731.0149791763,7665.0023832275
8059,33.0900000000,3947.3947624563,2631.4901387262,937.8995482845,378.4708405098,-0.4657650642
8060,39.2300000000,5724.4132545862,3816.1563823817,1096.1853728800,448.6978263282,363.3736729964
8061,204.7800000000,29667.1253033397,19777.9530281837,1090.1749041379,2341.8539703647,6457.1434006534
8062,21.5100000000,2569.3149826919,1712.7673751911,938.7575205857,246.0338823389,-328.2437954239
8063,217.7900000000,31521.5242376694,21014.1365620001,1089.3723944003,2490.5890321891,6927.4262490799
8064,418.4900000000,60079.9589659285,40053.7515329938,1082.6437912211,4785.0095919884,14158.5540497253
8065,76.7900000000,11214.4181757842,7476.0993911669,1096.8788562489,878.3103881178,1763.1295402505
8066,27.6400000000,4039.2046839417,2693.0855659332,1097.4304909789,316.1459157037,-67.4572886742
8067,66.2700000000,7890.9223802594,5260.8645795381,936.6776962357,757.9252343392,935.4548701464
8068,449.8000000000,52833.3771072945,35222.3072303614,927.7291392802,5142.1957186105,11541.1450190423
8069,326.6600000000,28249.6224273608,18833.1545252046,752.5246171233,3734.4367573173,4929.5065277156
8070,45.9600000000,6720.9638177920,4480.3157262767,1097.9977895315,525.6975562525,616.9527457312
8071,11.1300000000,970.8274679247,647.2963804041,756.5205193927,127.3029641848,-560.2923960569
8072,39.2300000000,5739.6906380703,3826.5315478761,1098.4202960231,448.7236928924,366.0151012787
8073,46.7100000000,4077.0333605407,2717.7522279001,756.8298005211,534.2820212848,68.1693108346
8074,118.6500000000,10300.7005097497,6867.4125597093,754.3228133681,1356.7240717473,1322.2410649251
8075,155.5900000000,18392.3573973168,12261.7269055838,931.8958594654,1779.0699054428,3419.6647268248
8076,340.0500000000,48901.5978841878,32600.6782225160,1084.0440787886,3888.2493820029,11328.6262008804
8077,35.3800000000,3079.2756722946,2053.0594084346,755.4932545847,404.6173488875,-133.8943396122
8078,1.4000000000,122.1269796727,81.5449704843,756.5599770292,16.0130330679,-731.9910009086
8079,60.5700000000,8851.4698880733,5901.0257253537,1097.4304909789,692.7987740294,1160.2148977113
8080,5.3600000000,465.7434382256,310.5650765635,754.7330514445,61.2929418287,-660.8476316111
8081,277.4300000000,39896.3984737839,26597.2899251296,1084.0440787886,3172.2306309338,9042.8338389319
8082,48.3300000000,7069.4509164956,4712.9969312109,1098.2245360874,552.8092366240,705.4202125733
8083,83.4000000000,7266.4558620383,4844.1248118278,755.9935047728,953.8500386949,712.4875067428
8084,7.8100000000,1138.8663260842,759.0758964374,1095.6242774865,89.3265447420,-805.1603925817
8085,33.5000000000,4002.8975950882,2668.6247532324,938.9903837852,383.1814210440,12.1010370265
8086,61.3900000000,8854.2725646834,5903.1570927912,1086.4759890134,701.9930895266,1162.6463933522
8087,56.6800000000,8122.0022179664,5414.6229923375,1081.1023166841,648.0562359559,978.2206729888
8088,28.7400000000,4202.1622479250,2801.7001318347,1097.8712831691,328.7314634319,-26.1406305107
8089,119.3400000000,17380.9581205175,11587.6932822989,1094.5951237908,1364.9111948617,3333.7585195661
8090,60.6700000000,8873.3245284336,5915.7920583285,1098.1153248667,693.9549209524,1165.4622242861
8091,71.2400000000,8501.5364042182,5667.4723114543,938.1427889439,814.8260080255,1081.0952957945
8092,45.1300000000,5329.2874901446,3552.6639567625,931.2135751301,516.0158734652,329.3940847868
8093,332.8500000000,47939.8606926711,31959.4884010712,1085.3172731391,3806.0312455211,11089.0237729398
8094,264.7600000000,31297.3876503220,20864.7127183724,931.8958594654,3027.3574661934,6473.4216062907
8095,99.8500000000,14401.3538945045,9600.7390080561,1086.4759890134,1141.7822119112,2572.3566855239
8096,87.4200000000,12763.5711299707,8508.9260199868,1096.6652581846,999.8889615608,2158.0908902385
8097,15.0700000000,1792.3108558440,1194.9829010125,935.9015508839,172.3480192359,-510.9216152882
8098,42.1700000000,5038.0501849707,3358.8853966033,938.8824522502,482.3484261837,257.9339099336
8099,17.7400000000,2114.8359213495,1409.9010431496,937.4569555241,202.8988935808,-435.4209709050
8100,12.8200000000,1118.3341995747,745.5540158565,756.5599770292,146.6336313786,-530.4134246896
8101,26.5400000000,2315.6863005472,1543.9057795997,756.6624014288,303.5653758386,-288.4472563199
8102,73.6700000000,8765.4740658959,5843.8886970014,936.1820858981,842.5381959711,1142.8650870252
8103,28.0200000000,4051.1538523388,2700.5234990621,1088.4939688877,320.4228107394,-58.2864263503
8104,15.3900000000,1342.2889323182,894.7813849236,756.4780410728,176.0271232947,-484.9976169729
8105,25.6700000000,3067.5186628889,2044.8891465245,939.0386843848,293.6206269831,-210.0297950036
8106,121.9900000000,10619.9873967968,7079.7187102005,755.6102914559,1395.1383454937,1389.5200496468
8107,45.9500000000,5419.9113015526,3612.8888267571,930.4637478382,525.3737480976,351.1849788597
8108,170.2400000000,14754.9478202364,9836.7515577768,753.5492527343,1946.4554271195,2218.1915826058
8109,102.3300000000,12164.7179434151,8110.0390025855,935.5962830805,1170.2796300638,1948.8030276853
8110,18.2400000000,2175.4501202157,1450.1017401131,937.7632772109,208.6207618908,-421.0356589992
8111,75.1400000000,10982.7427414073,7321.7364203530,1097.5884505866,859.4537430487,1703.9641274189
8112,224.9500000000,26533.3851422037,17688.7036958028,930.4637478382,2571.9874784454,5342.2302201174
8113,25.0500000000,2966.5338362439,1977.5780820652,933.0839460749,286.4461132536,-230.5743051498
8114,137.5800000000,16305.6661527930,10870.0935207000,933.6011095794,1573.2617419382,2928.7097805754
8115,41.2900000000,3602.8905891177,2401.8608419834,756.6918581469,472.2781509288,-27.9402619415
8116,167.3400000000,24333.4374470144,16222.5506089284,1093.2784533794,1913.8334077409,5103.7749769657
8117,65.7700000000,5733.8203371505,3822.3298162725,756.2725330342,752.2415938132,402.9763940306
8118,62.0700000000,7410.6095651550,4940.1330408447,938.4454697809,709.9526232968,822.0784312327
8119,58.2700000000,8493.8176080018,5662.5365033664,1095.3085042616,666.4553849467,1069.5172154271
8120,78.8500000000,9363.5994415984,6242.2300117924,934.9012987172,901.7247073115,1284.7434237773
8121,101.4300000000,12085.2017443688,8056.5933295714,937.0984891794,1160.0715811532,1931.4383444648
8122,56.3500000000,6667.4668550913,4444.8100136701,932.5173167244,644.3438806823,645.7956440145
8123,91.8800000000,10958.3529081917,7305.3774150563,937.7632772109,1050.8813378581,1664.3308780665
8124,14.8400000000,2170.1284389912,1446.5593376320,1097.9977895315,169.7422048474,-544.1708930197
8125,15.3200000000,1828.2360712047,1218.8112497751,938.1427889439,175.2264801088,-503.9444476231
8126,100.8500000000,8777.4152501671,5851.6349131091,755.4932545847,1153.3538619362,1016.9332205370
8127,27.4000000000,2390.3870865720,1593.6389173912,756.5966414806,313.3994180495,-273.2478903493
8128,54.0800000000,4714.6876057944,3143.0298223991,756.2725330342,618.5377131431,196.8475372180
8129,30.7500000000,4484.0127435453,2988.8613422222,1095.6242774865,351.7018246884,47.8252991482
8130,143.3100000000,16996.9765343226,11331.6781927239,934.0736028865,1638.8220202379,3092.4027184743
8131,23.3300000000,2784.5786202370,1855.9983507434,938.2513041608,266.8443984215,-276.5154330888
8132,27.6500000000,4044.9814371365,2696.1682411819,1098.3260134850,316.2676505035,-65.7804680338
8133,63.7800000000,5562.2353109420,3708.2630075062,756.4322921394,729.4960198669,368.0439914296
8134,51.2600000000,7426.1980811075,4950.4961407118,1090.1749041379,586.2068293822,799.3202068755
8135,25.7300000000,2243.1381674758,1495.4738671093,756.2725330342,294.2857869669,-302.8940196346
8136,178.2000000000,15477.7126050356,10318.5274341987,754.5370947577,2037.7124703312,2366.9356057479
8137,66.1900000000,9589.1543306380,6392.3882205308,1090.1749041379,756.9455723139,1349.6456336554
8138,60.2500000000,8802.9192631923,5868.8305788779,1097.2602780930,689.1355816599,1147.6928245616
8139,7.6900000000,917.1716789725,611.3942471828,937.7632772109,87.9546962138,-719.9405416351
8140,30.7100000000,3668.9239075278,2446.2470675542,938.8824522502,351.2667813161,-67.4723935926
8141,36.2000000000,3152.1632728215,2101.3508405818,755.7180513530,414.0068235938,-118.9124427070
8142,2.8800000000,251.1639651225,167.5552845247,756.4322921394,32.9405540486,-705.7641655901
8143,59.9200000000,7141.3736847741,4760.5218788356,937.2848285391,685.3211936569,758.2457837425
8144,313.1800000000,36982.6336397846,24654.9536247506,931.2135751301,3580.8963273171,7815.5701125869
8145,55.3400000000,4812.1787613317,3208.2011174471,755.0768121019,632.8536527910,216.0471789918
8146,68.2600000000,5937.5796607219,3958.2600475027,755.2275891446,780.6179901216,443.4740339530
8147,79.5300000000,6923.5806022399,4615.5072254345,755.6102914559,909.5446562596,642.9184290898
8148,19.4800000000,2297.7121252284,1531.8648625450,930.4637478382,222.7264551239,-387.3429402787
8149,204.9400000000,29421.9378969089,19614.8001334414,1082.6437912211,2343.2814781287,6381.2124941176
8150,9.7500000000,1164.4902561665,776.4975079435,938.6878670654,111.5212393208,-662.2163581633
8151,18.0000000000,2625.7020964877,1750.3678840963,1095.9158827522,205.8757518660,-426.4574222267
8152,63.7100000000,9296.5171667012,6197.2678855948,1096.1853728800,728.6907600145,1274.3731482120
8153,404.2200000000,57803.6820036062,38536.2185925370,1079.4039103234,4621.5150036626,13566.5444970831
8154,99.5200000000,14231.4146578568,9488.0841231625,1079.4039103234,1137.8288386634,2526.0977857076
8155,160.6600000000,23362.0775680491,15574.3309210848,1093.2784533794,1837.4356118541,4857.0325817308
8156,13.2600000000,1157.2331005776,771.6138922728,756.7683859227,151.6703848991,-522.8195625170
8157,9.3700000000,1117.7724062924,745.4646285343,937.8995482845,107.1704979020,-672.7622684284
8158,72.4300000000,8643.5469084437,5762.2687419923,938.1427889439,828.4369421854,1114.6984353220
8159,27.0100000000,3221.4313457799,2147.7182529243,937.7632772109,308.9280032167,-172.9781875719
8160,186.4500000000,26985.5741499309,17989.9619276163,1089.3723944003,2132.1930531781,5774.0467747362
8161,123.1200000000,14620.7528630260,9747.4822491836,934.9012987172,1407.9942417780,2530.3750733473
8162,17.6900000000,1543.1616217220,1029.0198656353,756.5599770292,202.3361106933,-444.7543316357
8163,83.8400000000,7274.9697332220,4850.0229039467,754.0882497416,958.6555747305,712.2030048032
8164,9.2900000000,1099.2150325430,733.1645383373,932.5173167244,106.2281215890,-672.6949441077
8165,85.9800000000,7471.0113467602,4980.5436352591,754.7330514445,983.2028243338,752.5318357228
8166,6.1700000000,534.4062545264,356.3576859093,753.2396180813,70.5426440369,-645.7336935010
8167,22.6800000000,1977.9162253397,1318.3955282335,756.4322921394,259.4068631324,-356.3184581655
8168,49.4800000000,5912.3394926854,3941.2857329093,938.9903837852,565.9646780077,466.0986979832
8169,19.4900000000,1699.7172500825,1133.2028453378,756.4322921394,222.9206244466,-412.8385118413
8170,35.1600000000,5139.1167791839,3425.9056542439,1097.5884505866,402.1612138088,213.4614605446
8171,49.9500000000,7298.0218621819,4865.8242228832,1097.2602780930,571.3248515172,763.6125096885
8172,62.3900000000,9082.2500189576,6054.9263074884,1094.1922130533,713.5576008894,1219.5738975264
8173,51.4500000000,6143.4812108188,4095.8815671305,938.5322790142,588.4843474296,520.5830172445
8174,85.3900000000,10134.1492028655,6755.8110957052,934.5057179604,976.4975318363,1467.3348573636
8175,2.3600000000,281.6804776579,187.5399030368,938.2513041608,26.9932610491,-871.1039905888
8176,16.0900000000,1920.4402057271,1280.4448552167,938.2513041608,184.0345636778,-482.2905173282
8177,24.7700000000,3605.8235770088,2403.9409657522,1094.1922130533,283.2957489025,-175.6053506993
8178,36.7700000000,4388.0052440076,2925.1469994603,938.1427889439,420.5664277807,104.1490278227
8179,49.8300000000,5954.9982980701,3969.9719333913,939.0835389281,569.9707342391,475.9720915116
8180,27.2800000000,2380.4033729990,1586.7648121587,756.6918581469,312.0307085817,-275.0840058883
8181,148.2300000000,17629.3455979936,11752.8538066612,935.9015508839,1695.2320432210,3245.3581972275
8182,305.8500000000,36154.6533194251,24103.1930099682,931.8958594654,3497.1947463184,7622.3697036731
8183,158.2000000000,22785.2965647606,15190.4044760305,1085.3172731391,1808.9654289963,4700.6093865947
8184,123.1300000000,14523.4750502758,9682.5420557090,930.4637478382,1407.8187073615,2502.6505393670
8185,410.4500000000,58560.9775575058,39040.2267862629,1077.5309870471,4692.5508384217,13750.6689457741
8186,20.0700000000,2397.5450909097,1598.0114892845,938.8222665727,229.5637500868,-368.8524150342
8187,19.0200000000,2272.8556668542,1515.5232714326,939.0386843848,217.5560703241,-399.2623592873
8188,84.7600000000,10104.4809861097,6736.1938728258,937.4569555241,969.4312412576,1461.3989165021
8189,118.0600000000,16801.8093447100,11201.3330207401,1075.4639149027,1349.6834738532,3175.3289352140
8190,65.4300000000,7814.6253806126,5209.8785499185,938.6878670654,748.3933014113,917.6656622173
8191,70.1800000000,10075.2981438717,6716.8328188045,1082.6437912211,802.4372701038,1473.3842637422
8192,42.2000000000,3681.2561015642,2454.1153021944,756.5599770292,482.6785681886,-12.0977458480
8193,22.9400000000,3331.4562651557,2220.7494579375,1092.1959456200,262.3532555589,-243.8423939607
8194,30.1600000000,4402.2347744714,2934.7940404224,1096.4346045105,344.9608021196,26.0453274189
8195,37.8000000000,3294.4908086833,2196.1370509207,756.1438402539,432.3287903910,-90.1188728823
8196,43.0600000000,5121.2279663334,3414.2368600357,935.9015508839,492.4555878101,278.6339676037
8197,29.1200000000,2539.5467584608,1693.1902436176,756.4322921394,333.0656020465,-243.1413793426
8198,40.0300000000,4782.7884159386,3188.4958109925,938.9383947274,457.8719996288,197.4822105900
8199,4.1900000000,365.7197555270,244.0430571992,756.8298005211,47.9263898348,-683.0794920282
8200,106.6700000000,15253.8685847427,10169.2799063639,1079.4039103234,1219.5759869395,2785.6087811158
8201,89.0600000000,12957.8744458623,8638.7213991508,1093.7544670621,1018.5728288856,2206.8257507638
8202,80.4200000000,6987.8894220337,4658.4761484525,754.7330514445,919.6228324369,655.0573896998
8203,29.0500000000,2534.1348282095,1689.1458171749,756.5599770292,332.2704361583,-243.8414021529
8204,26.9000000000,3214.5014426066,2143.0779781948,939.0386843848,307.6897103952,-175.3049303683
8205,503.2800000000,71624.7213874778,47750.0124131549,1075.4639149027,5753.5888422906,17045.6562171297
8206,39.7700000000,3471.4135046138,2314.4611704371,756.8474066171,454.9013867286,-54.7964591690
8207,113.3000000000,13499.4908571131,8999.2827782668,937.0984891794,1295.8307221202,2267.2788675467
8208,132.4100000000,19215.0327702808,12809.5457318918,1091.5804976578,1514.2844309269,3799.6221098044
8209,5.4300000000,788.5705108891,525.9669768799,1092.1959456200,62.1001821135,-891.6925937244
8210,148.6900000000,21621.4820963104,14414.3588481015,1093.2784533794,1700.5371662304,4413.3076285990
8211,237.6600000000,34119.3410782637,22746.5749446631,1082.6437912211,2717.4015618819,7572.7207804975
8212,2.2000000000,262.1999683996,174.6137368685,937.2848285391,25.1619930915,-874.8605900995
8213,17.7600000000,2115.4254066174,1409.9772367073,936.8966040123,203.1220226286,-434.5704567307
8214,86.3800000000,7518.0280546300,5012.1247906318,755.4932545847,987.8701694997,762.5398399137
8215,5.7900000000,504.4697774724,336.2246013351,755.9935047728,66.2205242691,-653.9688529046
8216,73.9000000000,6426.0934308351,4284.3061944591,755.0768121019,845.1009205141,541.6095037600
8217,4.3400000000,378.8123482070,252.3627068764,756.8298005211,49.6421317143,-680.0222909050
8218,82.6900000000,9819.6073281645,6546.3386533926,934.9012987172,945.6387577373,1392.7286183174
8219,136.0200000000,16108.1010940477,10738.4616284183,933.0839460749,1555.3852425054,2881.1702770491
8220,137.6200000000,11919.7712719485,7946.7763957764,753.2396180813,1573.4325238832,1646.3227342077
8221,27.3000000000,2374.6839252521,1583.3040190011,755.2275891446,312.2014522461,-276.0491351397
8222,72.2400000000,6298.6474610744,4199.3243850768,756.3298557505,826.2480174887,516.7452027584
8223,13.2100000000,1575.5315837746,1050.3439631089,937.7632772109,151.0899267861,-563.6655833313
8224,49.1300000000,4283.6731694710,2855.9271709786,756.3298557505,561.9264271764,109.4897155656
8225,39.0700000000,3378.7814493265,2252.4703086623,752.5246171233,446.6553728904,-72.8688493496
8226,46.1900000000,5516.0733902025,3677.1243308563,938.6129255746,528.3227094945,372.0134242770
8227,395.9300000000,56937.5375688472,37958.1323360064,1084.0440787886,4527.2006405422,13368.1605135100
8228,17.9100000000,1563.3144548060,1042.4527558795,756.8474066171,204.8600411443,-440.8457488349
8229,31.8100000000,3781.4881049549,2521.2556484722,935.5962830805,363.7896514446,-39.1534780424
8230,242.2600000000,28607.8703160298,19072.1959784095,931.2135751301,2769.9979061748,5834.4628563155
8231,28.9300000000,4187.1421837356,2791.5458163543,1089.3723944003,330.8358542689,-24.6118812879
8232,72.0100000000,8594.8352526046,5729.6673824343,938.2513041608,823.6375966710,1103.2789693385
8233,64.1600000000,7627.1699721442,5084.5322244189,935.5962830805,733.7549209899,873.2865436549
8234,65.7600000000,5733.6525060943,3822.3999868766,756.3298557505,752.1327468170,402.7899166503
8235,40.8700000000,5963.7208696136,3975.6058134004,1096.1853728800,467.4555228660,424.4741604671
8236,165.1800000000,19615.4642455705,13076.6715888062,934.9012987172,1888.9903253483,3714.9010326987
8237,173.4500000000,15042.2921007332,10028.2268715208,753.8312137160,1983.2251994800,2277.0088160164
8238,48.2800000000,4211.6361275715,2807.4768409597,756.5599770292,552.2208832262,95.3784263564
8239,35.1300000000,4194.2116001916,2795.8546705979,938.4454697809,401.8146553313,58.0968044815
8240,88.6800000000,12950.8347939646,8633.9830773598,1096.8788562489,1014.3060973862,2205.6667629696
8241,70.9600000000,8465.0085326051,5643.1672380049,937.8995482845,811.6135038554,1072.3282424602
8242,156.2600000000,22722.2596837007,15147.8706001350,1093.2784533794,1787.1137103717,4693.9969198145
8243,51.3800000000,7508.4781715240,5005.9708166759,1097.4304909789,587.6836884535,817.3931754156
8244,58.7200000000,8506.9518400826,5671.4421806213,1090.1749041379,671.5190210949,1073.8157342284
8245,18.2900000000,2184.9078083079,1456.7238880977,938.8222665727,209.2038360283,-419.8421823908
8246,213.2400000000,30892.7522203543,20595.0252067477,1090.1749041379,2438.6021127091,6768.9499967596
8247,104.4300000000,9088.9982605349,6059.4344483758,755.4932545847,1194.2959226772,1079.7746348972
8248,50.4600000000,4399.6366401691,2933.2449962504,756.3298557505,577.1383577309,132.9234304373
8249,11.8100000000,1408.8465441103,939.2854319533,937.8995482845,135.0782903119,-603.4167264394
8250,46.4400000000,4045.4803286363,2696.9543196192,755.9089524359,531.1309473776,61.4861092036
8251,7.9500000000,693.5067774274,462.0881660777,756.5599770292,90.9311520640,-616.0725177435
8252,43.7300000000,5225.6560626463,3483.5689844760,939.0386843848,500.1959492782,302.8524445073
8253,31.5300000000,3766.1785869026,2511.0483347197,938.7575205857,360.6438080031,-44.2710764060
8254,8.7700000000,1264.8960806691,843.3081561130,1086.4759890134,100.2847270752,-765.1727915326
8255,31.5800000000,4599.3854319251,3066.4993198279,1094.5951237908,361.1856505257,77.1053377807
8256,62.5600000000,7468.0562194492,4978.8461115551,938.3519954833,715.5538205185,835.3042918922
8257,306.5500000000,36158.2983567129,24105.1942521234,930.4637478382,3504.9689331737,7617.6714235776
8258,48.4400000000,5788.4925605897,3859.2479926058,939.0386843848,554.0702442954,436.1356393037
8259,22.6300000000,1964.6426678098,1309.9688697711,754.3228133681,258.7666729342,-358.4156882636
8260,9.7900000000,1168.3049045101,778.6849651341,938.1427889439,111.9756684246,-660.4985179926
8261,35.2900000000,3079.5219858767,2052.9820825691,756.7192474217,403.6511254179,-133.8304695320
8262,70.0700000000,10245.1464409222,6830.0152467612,1097.8712831691,801.4688115057,1515.7910994863
8263,239.1200000000,20679.1456402085,13785.9525372760,752.5246171233,2733.6634954072,3407.0049904020
8264,0.7500000000,89.5660325320,60.0124148953,938.6129255746,8.5785241853,-917.6378321232
8265,16.7000000000,1457.3765990856,971.3371061397,756.7447129152,191.0171712232,-461.7223911925
8266,159.6700000000,13838.8305830425,9226.0807395927,753.5492527343,1825.6023146627,2033.5982760528
8267,50.1500000000,5982.5278735928,3988.2357626587,937.8995482845,573.5966349824,482.7959276672
8268,113.7100000000,16473.5268006776,10982.4113412879,1090.1749041379,1300.3819463335,3100.5586089183
8269,87.8700000000,12835.5724775893,8556.9117358629,1097.0767788299,1005.0465826240,2176.5373802725
8270,69.0800000000,6022.3857213069,4014.9671279679,756.2725330342,790.0995788447,461.0464814601
8271,29.8700000000,2606.9517480195,1737.7876083569,756.7903865069,341.6596709696,-229.2859178139
8272,27.6600000000,3289.6694275147,2192.9905985614,935.9015508839,316.3335243574,-155.5562462879
8273,50.4800000000,4403.5499527715,2935.6189374351,756.5599770292,577.3842209043,133.9868174030
8274,138.6600000000,20162.9881463070,13442.0293163361,1093.2784533794,1585.8261044422,4041.8542721494
8275,80.8500000000,9626.9967473061,6417.8182007644,936.6776962357,924.6756480508,1347.8252022553
8276,45.6900000000,5454.9822946984,3636.9804401422,938.4454697809,522.5992485650,356.9571362103
8277,7.1000000000,614.9569541552,409.8113387956,753.2396180813,81.1754898966,-629.2694926183
8278,62.7700000000,7478.9324015974,4985.5637853681,937.0984891794,717.9108069505,838.3593200995
8279,1.5200000000,132.4563793571,88.5296863513,756.0716187804,17.3844898290,-729.5294156036
8280,66.6000000000,7950.3283921885,5300.4610156556,938.3519954833,761.7628588001,949.7525222496
8281,12.8200000000,1874.9962164912,1250.1782781217,1098.1153248667,146.6375817803,-619.9349682775
8282,19.7500000000,2889.8984552222,1926.7177691789,1098.5078760990,225.9065221999,-361.2337122556
8283,16.9600000000,1471.6541826747,981.3829336432,754.0882497416,193.9265093921,-457.7435101022
8284,186.9600000000,16181.4105709780,10787.5160148002,752.8992265782,2137.4571927185,2503.5381368811
8285,73.7600000000,10763.0059051308,7175.2243958430,1096.1853728800,843.6388394078,1647.9572970000
8286,25.9400000000,2260.0943052911,1506.7843245017,755.9935047728,296.6770983662,-299.3606223497
8287,26.0100000000,3104.4530609672,2069.4058266129,938.2513041608,297.4977626637,-200.7018324702
8288,6.3700000000,555.7996132059,370.3989202179,756.6624014288,72.8602654142,-644.1219738549
8289,56.5700000000,8230.7091556527,5487.1878516828,1093.7544670621,646.9870304296,1002.7798064782
8290,47.7000000000,4155.9945397989,2770.7397702614,755.9935047728,545.5473242895,83.7139404751
8291,19.0400000000,1660.2975963205,1107.0766654064,756.3829978112,217.7722817560,-420.9343486532
8292,209.1700000000,30354.2663285224,20236.5787621093,1091.5804976578,2392.1371075974,6633.9699611579
8293,21.5700000000,1878.6364810089,1252.6630084682,755.8173576902,246.6916852215,-376.5355703710
8294,3.3500000000,400.0128679542,266.9992145009,938.5322790142,38.3172509988,-843.8358765597
8295,211.3500000000,24929.2329397856,16619.2886030827,930.4637478382,2416.4905693240,4962.9900195407
8296,95.9000000000,13984.2868977561,9322.4008531217,1095.6242774865,1096.8521947193,2469.4095724285
8297,66.8000000000,5810.5819123385,3873.4401893419,755.2275891446,763.9215021992,417.9926316527
8298,34.7100000000,3029.3704443842,2019.5910043067,756.7903865069,397.0206621813,-144.0316086106
8299,29.4600000000,2567.2137735927,1711.5739361253,756.0716187804,336.9388620800,-237.3706433930
8300,60.0000000000,7162.4580109807,4774.7443454914,938.3519954833,686.2728457658,763.0888242401
8301,34.8400000000,5088.0365834656,3391.5963091635,1096.8788562489,398.4937351481,201.0676829050
8302,83.8800000000,9999.5736799773,6666.5691299542,937.4569555241,959.3663581488,1436.1812363502
8303,41.5800000000,3605.9873482184,2403.7123951584,753.8312137160,475.4252164565,-26.9814771125
8304,7.9600000000,1140.6340447250,760.7321559482,1081.1023166841,91.0114262210,-792.2118541284
8305,19.3600000000,1684.5253285840,1123.2343281226,755.3660261078,221.4038240136,-415.4788496600
8306,44.4300000000,6323.0932507663,4214.9345902785,1075.4639149027,507.9318714492,524.7628741359
8307,110.8600000000,13059.7236703847,8706.3411968496,929.6388554362,1267.4809591461,2156.2626589528
8308,19.6900000000,2874.7965631334,1916.4247792763,1096.6652581846,225.2094904270,-363.5029647545
8309,52.6900000000,6294.8746560613,4196.2545851122,938.8824522502,602.6781734792,557.0594452197
8310,80.9100000000,11816.1033285935,7877.2559438637,1096.8788562489,925.4342167289,1916.5343117521
8311,84.5900000000,12359.1525389783,8239.5728748653,1097.2602780930,967.5349187155,2054.7844673045
8312,46.0900000000,5507.6718025925,3671.4084885409,939.0386843848,527.1902881828,370.0343414840
8313,26.3500000000,3855.2344714033,2570.3177114327,1098.4202960231,301.3986568370,-114.9021928894
8314,10.4500000000,1529.0855117505,1019.3681220656,1098.5078760990,119.5302864298,-708.3207728439
8315,54.1000000000,7896.5816080538,5264.4759075619,1096.4346045105,618.7791576482,916.8919383333
8316,85.5500000000,12432.3816974339,8288.2598960282,1092.7603591096,978.4056286864,2072.9558136097
8317,57.8400000000,5046.6953889846,3364.7453313248,756.6624014288,661.5757851735,263.7118710575
8318,249.7200000000,35850.7189012203,23900.3867172185,1082.6437912211,2855.2954558325,8012.3929369482
8319,4.3200000000,516.2671613017,343.9537270057,939.0835389281,49.4134772609,-816.1835818930
8320,34.9000000000,3041.7388683346,2028.0653378400,756.1438402539,399.1607085885,-141.6310183478
8321,76.8200000000,11007.9783060017,7338.8278573831,1081.1023166841,878.3288646107,1709.7192673238
8322,113.6100000000,13511.9068568309,9008.3326384018,935.9015508839,1299.3004953811,2268.3721721642
8323,3.4400000000,299.3981999065,199.4875538560,755.4932545847,39.3409745668,-694.9235831010
8324,12.7300000000,1109.7998006983,740.1328291456,756.2725330342,145.5988366921,-532.2043981737
8325,2.3200000000,202.4262327532,135.0052139112,756.6624014288,26.5362348133,-715.7776174001
8326,4.7700000000,416.2459584197,277.6044954417,756.7192474217,54.5598149120,-672.6375993557
8327,44.1200000000,6422.6457899729,4282.0198452462,1094.1922130533,504.6026823407,541.8310493326
8328,253.1600000000,36028.6807869454,24019.3532815870,1075.4639149027,2894.1713386470,8039.6922518087
8329,46.6000000000,4067.2669772408,2711.6368075831,756.8108245191,533.0225140493,65.7968310893
8330,584.8300000000,83230.5790197080,55487.0156336661,1075.4639149027,6685.8833306247,19982.2161405145
8331,30.1500000000,4393.0652754653,2928.3042594405,1094.9662915433,344.8336780500,24.9610464316
8332,49.5400000000,5910.8874228815,3940.3356288619,938.0257820855,566.6232804046,465.9027315295
8333,150.3400000000,21711.1139366323,14474.0221301852,1087.5315179624,1719.1755362916,4430.3847521931
8334,41.9600000000,6130.6305773203,4086.6292025237,1097.2602780930,479.9357511444,466.8053455592
8335,362.0900000000,51885.9524189033,34590.9386204704,1081.1023166841,4139.9908693945,12073.9206123543
8336,19.4800000000,1695.4293413312,1130.4294718506,755.4932545847,222.7797048143,-413.2730899184
8337,34.9200000000,3044.6950351705,2029.5929133858,756.3298557505,399.3989586200,-140.6266925857
8338,32.6800000000,4772.5899984975,3181.9008384357,1096.8788562489,373.7880385947,120.0222652182
8339,73.1400000000,10678.6501080538,7119.5180550115,1096.6652581846,836.5577516422,1625.9090432155
8340,204.1800000000,17734.2276077226,11822.5421856589,754.5370947577,2334.7931099452,2822.3552173607
8341,48.9500000000,7103.5107175081,4735.7766793802,1091.5804976578,559.8083444896,716.3451959805
8342,39.6600000000,5794.5855266093,3862.8178668886,1097.2602780930,453.6285007242,380.8788809036
8343,141.6600000000,20621.7588986301,13747.5373978956,1094.1922130533,1620.1726196825,4159.8566679987
8344,48.7500000000,5820.3192573112,3879.8406975459,938.4454697809,557.5993295588,444.4337604256
8345,22.2500000000,1941.9041310155,1294.5343501443,756.7903865069,254.5004244752,-363.9210301108
8346,14.0800000000,2057.9853313683,1371.8781491552,1097.5884505866,161.0474940395,-572.5287624130
8347,192.8400000000,27937.3397963474,18624.4393643285,1090.1749041379,2205.3087198219,6017.4168080591
8348,31.4100000000,2741.2286341737,1827.6658467953,756.7683859227,359.2735135506,-202.4791120949
8349,124.0000000000,10786.1101366762,7190.8390862966,755.2275891446,1418.0578783339,1421.9855829011
8350,75.1000000000,10937.7405300056,7291.7679678856,1094.5951237908,858.9310435237,1692.4463948054
8351,167.8000000000,19871.6318451787,13247.6467217913,933.0839460749,1918.7887346890,3772.1124426234
8352,12.8600000000,1520.1858482518,1013.5701675987,931.8958594654,147.0456904942,-572.3258693065
8353,71.0000000000,8476.7726619302,5650.9435503187,938.4454697809,812.0933825370,1075.2902592936
8354,30.6200000000,4470.6079615615,2980.0405317747,1096.6652581846,350.2242050216,43.6779665805
8355,18.2700000000,2181.5627156785,1454.2935938771,938.5322790142,208.9719927607,-420.2351499735
8356,37.7900000000,3298.4605158389,2199.1607313518,756.8298005211,432.2525708489,-89.7825868830
8357,116.4300000000,16882.4454134424,11254.5938540709,1090.9087661794,1331.5107040242,3205.4320891679
8358,8.6800000000,1037.0872708056,691.3714169342,938.9383947274,99.2837610986,-692.5063019546
8359,56.0500000000,6686.3546822508,4457.8784786353,937.8995482845,641.0785920391,649.4980632918
8360,55.5000000000,4834.7148630343,3223.1893088132,755.9089524359,634.7495172148,220.8670845705
8361,9.3200000000,813.2939900360,542.2971538862,756.7192474217,106.6032442305,-592.3256555024
8362,9.1900000000,1342.9917165493,895.0549086778,1097.4304909789,105.1150855759,-754.6087686833
8363,37.9500000000,3311.8228703771,2208.1521994881,756.7447129152,434.0779429892,-87.1519850154
8364,1.9300000000,168.4273554632,112.4377357589,756.7447129152,22.0756371533,-722.8307303643
8365,156.9000000000,13638.6770341456,9092.5482024832,754.9124345824,1794.2305140976,1996.9858829825
8366,11.9500000000,1747.5090866539,1165.2839108702,1097.9977895315,136.6859398872,-652.4585536350
8367,14.3300000000,1249.7151459047,833.3670730305,756.4322921394,163.9021317763,-503.9863510415
8368,54.9600000000,8031.6457825410,5354.4877722672,1097.4304909789,628.6316760881,951.0958432068
8369,59.7000000000,7131.0136897584,4754.3188792179,938.7575205857,682.8555451247,755.0817448301
8370,48.8900000000,4266.7516053725,2844.3806224959,756.7683859227,559.2130556348,106.3895413191
8371,268.4600000000,38389.9274422050,25593.4987117102,1079.4039103234,3069.3481714989,8647.6766486726
8372,161.9200000000,14014.1955479929,9342.7594056752,752.8992265782,1851.1824381953,2067.3544775443
8373,44.1800000000,5271.3566076484,3514.3533987146,938.0257820855,505.3172492587,313.6601775896
8374,28.5800000000,3415.0093512722,2276.6980155465,938.9903837852,326.9052242817,-127.5842723412
8375,37.7600000000,4509.8617510611,3006.3045408895,938.6878670654,431.9017432568,132.9675998494
8376,182.3100000000,21503.8961781514,14335.9428645722,930.4637478382,2084.4589339648,4153.0306317763
8377,42.6600000000,6242.1806632799,4161.4863444764,1098.5078760990,487.9580879518,494.2283547526
8378,162.3900000000,19259.9191920218,12840.1158742228,934.0736028865,1857.0114288356,3628.7182860769
8379,158.8500000000,13802.8629033829,9201.9281944740,754.7330514445,1816.4895166949,2029.7121407695
8380,37.5600000000,3277.4175472816,2184.7246045301,756.6918581469,429.6141280912,-93.6130434866
8381,127.8000000000,15121.6018470394,10081.0124021384,932.5173167244,1461.3513389743,2646.7207892023
8382,105.2200000000,12519.3861980937,8346.6511558438,936.1820858981,1203.3645850424,2033.1883713093
8383,9.5600000000,834.0182681616,556.0941421342,756.5966414806,109.3466582684,-588.0191737215
8384,46.3800000000,4045.1826303391,2697.0061555010,756.4780410728,530.4832994417,61.2151343236
8385,101.9800000000,14885.2752752186,9923.8396418407,1096.4346045105,1166.4158687053,2698.5851601620
8386,22.7300000000,3316.7451765676,2211.0321101264,1096.1853728800,259.9770989661,-250.4494054050
8387,16.5000000000,1438.2772836031,958.5903623510,756.2106627622,188.7165582911,-465.2402998012
8388,74.0000000000,10801.2391681328,7200.8348620674,1096.4346045105,846.3892359698,1657.5804655851
8389,46.3400000000,4042.4030271678,2694.8671198147,756.5599770292,530.0313945465,60.9445357775
8390,197.2900000000,23399.1591686309,15599.4530964770,934.0736028865,2256.1105043104,4609.5219649570
8391,21.0000000000,2504.6300726167,1669.5765980762,937.7632772109,240.1883771770,-342.8981798473
8392,2.1100000000,184.1255707056,122.6624514743,756.7192474217,24.1344254642,-719.3905536546
8393,13.0300000000,1895.8129803457,1263.8129454313,1093.7544670621,149.0231749425,-610.7776070903
8394,143.1200000000,12445.2299299204,8297.0718554665,755.0768121019,1636.6825946412,1756.3986677108
8395,42.7000000000,6246.6801940589,4164.0820613809,1098.3260134850,488.4133336890,495.8587855041
8396,6.5100000000,777.4331623775,518.2890377320,938.6129255746,74.4615899288,-753.9303908578
8397,80.4800000000,11721.2963762297,7814.6272989162,1094.5951237908,920.4629877867,1891.6109657359
8398,33.7700000000,4918.3421797375,3278.4693188943,1094.5951237908,386.2330404766,159.0446965758
8399,4.2900000000,620.9070158391,413.5623431636,1089.3723944003,49.0593091882,-931.0870309129
8400,249.0600000000,21556.1730680776,14370.5124054303,752.8992265782,2847.4277300946,3585.3337059745
8401,55.7200000000,8135.2800659113,5423.4821253520,1096.6652581846,637.3119759571,977.8207064177
8402,2.8400000000,247.4842877462,165.2554145224,756.0716187804,32.4815467857,-706.3242923424
8403,81.6300000000,11911.3906187070,7940.5816647329,1096.1853728800,933.6529075496,1940.9706735445
8404,26.9700000000,3945.5026893154,2630.2619063974,1098.3260134850,308.4896395689,-91.5748701358
8405,19.7500000000,1723.4502471257,1149.1534927588,756.7192474217,225.9027975915,-408.3252906463
8406,43.6200000000,3804.8063028638,2536.5926907086,756.5205193927,498.9178165087,12.7752762539
8407,61.6300000000,8993.0050695934,5995.2986063044,1096.1853728800,704.9005107470,1196.6205796620
8408,82.1200000000,7153.6357577005,4769.0045895705,755.9089524359,939.2005469132,689.5216687810
8409,111.0600000000,16116.7701794985,10744.1629510168,1091.5804976578,1270.1187893568,3010.9079414671
8410,45.0400000000,6585.4345040550,4390.7240872036,1097.8712831691,515.1727596720,581.6663740104
8411,128.8100000000,18730.6685642998,12486.7581974086,1093.2784533794,1473.1736658964,3677.4582476153
8412,82.7900000000,7203.6080554480,4802.4900800833,755.3660261078,946.7986875047,698.9532617522
8413,48.7000000000,5804.1538459362,3869.0728011385,937.2848285391,556.9950288900,440.8011873685
8414,28.1300000000,4071.3553276351,2714.0028770111,1089.3723944003,321.6872651429,-53.7072089192
8415,129.7600000000,18906.9369865464,12605.0187895005,1094.9662915433,1484.1001016175,3722.8518038852
8416,113.0500000000,9819.0539281665,6546.1625657819,754.5370947577,1292.7238763802,1225.6303912466
8417,94.8800000000,8269.3462414781,5512.7521890457,756.1438402539,1085.1681384207,915.2820737578
8418,165.5000000000,14391.3188471341,9594.4321819577,755.0768121019,1892.6143754410,2149.1954776335
8419,123.3500000000,10729.5700432178,7153.1413715585,755.2275891446,1410.6245104233,1410.5765720914
8420,24.7100000000,2952.5850619292,1968.4410308497,938.9903837852,282.6391914626,-237.4855441683
8421,3.8100000000,455.0948435172,303.1446681754,938.7575205857,43.5792232316,-830.3865684755
8422,64.0300000000,5583.4482716597,3722.5452874291,756.3829978112,732.3507983633,372.1691880560
8423,438.4800000000,51503.7332014373,34336.2114509812,927.7291392802,5012.7834119527,11227.0091992231
8424,189.3400000000,27496.8582931376,18330.9231571858,1092.1959456200,2165.3864606589,5908.3527296730
8425,17.1700000000,1493.0449825093,995.6486226560,755.0768121019,196.3515941167,-454.0320463653
8426,52.5900000000,4567.7491913514,3045.0134722187,754.5370947577,601.3653132139,166.8333111610
8427,19.1800000000,2289.2506616436,1526.1867971270,938.2513041608,219.3774351361,-394.5648747803
8428,46.8700000000,5597.2799263648,3731.6810716702,938.6129255746,536.1005714226,390.8853576974
8429,3.3500000000,399.2590427903,266.5157036414,937.2848285391,38.3148531167,-842.8563425069
8430,85.7400000000,7414.8124255247,4942.9209551202,752.5246171233,980.1953332896,739.1715199917
8431,20.1800000000,2952.5097393897,1968.2613105566,1098.4202960231,230.8244741924,-344.9963413823
8432,167.1200000000,24252.0676426957,16168.4005573553,1091.5804976578,1911.2394388377,5080.8471488449
8433,53.7200000000,4685.3646162530,3123.2935134127,756.4780410728,614.4364563606,191.1566054069
8434,125.8900000000,14787.0027657566,9857.8155456043,927.7291392802,1439.1974633523,2562.2606175197
8435,4.0700000000,355.2312574543,236.6623081277,756.8108245191,46.5536830940,-684.7955582865
8436,96.4100000000,8401.3944301451,5600.9781564928,756.0716187804,1102.6570160601,941.6876388117
8437,188.0200000000,16305.8619820113,10870.2917233278,753.8312137160,2149.8184030339,2531.9206419335
8438,272.1200000000,32133.9621497484,21422.8307768689,931.2135751301,3111.4167845632,6668.5010131861
8439,47.9000000000,5722.0931666456,3814.7652320419,938.8222665727,547.8875749455,420.6180930854
8440,15.9600000000,2316.0782645849,1543.8214725733,1091.5804976578,182.5238238622,-501.8475295084
8441,3.2900000000,392.2102695175,261.0927857684,937.4569555241,37.6289379865,-843.9684097616
8442,145.1000000000,21132.7050719548,14088.9392712829,1094.5951237908,1659.5325488054,4289.6381280757
8443,36.9300000000,3208.9375324012,2139.4483052152,754.7330514445,422.3037950994,-107.5476193579
8444,31.5200000000,2743.3230410041,1828.6359103466,755.4932545847,360.4731157980,-201.2792397252
8445,84.2600000000,7345.7762142055,4897.0432394154,756.2725330342,963.7201869348,728.7402548211
8446,59.8300000000,7143.1733572293,4762.4304134762,938.4454697809,684.3316489745,757.9658249978
8447,36.6400000000,4326.7248756680,2884.8699799275,931.2135751301,418.9413162810,91.7000043294
8448,17.9600000000,1565.5430311220,1043.7983945600,756.2106627622,205.4151143580,-439.8811405583
8449,38.2000000000,4562.8931817215,3041.5515040267,938.7575205857,436.9360439492,145.6481131599
8450,64.1300000000,7572.9494071122,5048.5224648731,931.2135751301,733.2616433707,859.9517237383
8451,93.6100000000,13612.1254895125,9075.0756298106,1093.2784533794,1070.5984540375,2373.1729522850
8452,65.2800000000,9543.2366727892,6362.3393996611,1097.7350963539,746.6775900371,1336.4845867371
8453,3.9200000000,573.5301376813,382.0742544022,1098.4202960231,44.8380544516,-951.8024671956
8454,74.3000000000,6472.4200779000,4315.1269113907,755.9089524359,849.7637680912,551.6204459823
8455,132.6800000000,19293.4174762153,12862.0432798444,1093.2784533794,1517.4340656093,3820.6616773822
8456,44.7300000000,3903.6980836227,2602.3056759005,756.7683859227,511.6301897841,32.9938320154
8457,41.7800000000,3642.3751510742,2428.2440079503,756.2725330342,477.8569832677,-19.9983731780
8458,64.6700000000,9439.4072567993,6293.1666021429,1096.4346045105,739.6755660833,1310.1304840625
8459,51.7000000000,4511.9872775161,3007.7812114478,756.7683859227,591.3543664618,156.0833136837
8460,104.4600000000,14968.6724010015,9979.0159280270,1081.1023166841,1194.3534652074,2714.2006910830
8461,37.0800000000,5415.1663752842,3610.4089742709,1096.8788562489,424.1144574998,283.7640872647
8462,517.3700000000,73815.7947592319,49210.8150399433,1077.5309870471,5914.9348940778,17612.5138381637
8463,23.2000000000,3394.7161600584,2262.7731940356,1098.5078760990,265.3686741791,-231.9335842553
8464,37.3400000000,3250.6789851332,2166.9415278735,755.6102914559,427.0388213848,-98.9116555811
8465,9.8500000000,1176.6726031620,784.3897858988,938.8222665727,112.6658165598,-659.2052658693
8466,62.9400000000,7518.0234779463,5011.9918471670,938.7575205857,719.9150420461,847.3590681476
8467,102.3600000000,12199.4494388096,8133.3240594005,937.2848285391,1170.7189149319,1958.1216359381
8468,39.3300000000,4687.4203441616,3124.6668702782,937.2848285391,449.8278128592,175.6408324851
8469,21.0500000000,1829.0857042254,1219.2554857678,754.7330514445,240.7120196816,-385.6148526685
8470,0.4800000000,41.8962965759,27.7321655908,756.8298005211,5.4903740145,-748.1560435506
8471,130.6300000000,15425.7661164987,10284.0272432600,931.2135751301,1493.6218380402,2716.9034600684
8472,183.5000000000,26388.5993581781,17592.2074790500,1084.0440787886,2098.2025043303,5614.1452960092
8473,107.9700000000,12871.4111853499,8581.2495589228,937.4569555241,1234.8925332537,2117.8121376493
8474,78.8700000000,6869.1728909214,4579.1792198448,755.8173576902,902.0200840715,632.1562293149
8475,111.0700000000,13197.0483580405,8797.7854019880,935.2637903541,1270.2129510948,2193.7862146035
8476,150.0200000000,17766.0441562200,11844.2042119386,933.0839460749,1715.4748866391,3273.2811115673
8477,82.5100000000,9691.6005894239,6461.1150579803,927.7291392802,943.2693835984,1359.4870085649
8478,15.4900000000,1848.5232860941,1232.3535969948,938.1427889439,177.1708992745,-499.1439991192
8479,45.6200000000,3982.0438541736,2654.7436762423,756.8474066171,521.8154705195,48.6373007946
8480,150.6500000000,21755.8820976031,14504.0512217416,1087.5315179624,1722.7204638973,4441.5788940018
8481,195.4400000000,23079.0150027444,15385.9732262799,931.2135751301,2234.6585931760,4527.1696081585
8482,47.3700000000,4134.6407683326,2756.5772597273,756.8298005211,541.8312855547,79.4024225294
8483,42.1300000000,3676.9627433566,2451.1024543548,756.7903865069,481.8922644107,-12.8223619158
8484,23.0300000000,3369.4895588774,2246.1334955763,1098.4202960231,263.4235699034,-238.4878026255
8485,1.8100000000,263.3477739390,175.9739544271,1093.7544670621,20.7008401110,-1027.0814876612
8486,128.8400000000,15316.1561597733,10211.0853763123,935.5962830805,1473.4567334840,2696.0177668965
8487,356.6900000000,30846.6228605134,20564.2196698248,752.5246171233,4077.7451998025,5452.1333737628
8488,17.1100000000,2486.4763394868,1657.6519792056,1092.7603591096,195.6811257373,-459.6171245657
8489,416.9000000000,59739.9916137998,39826.5658114083,1081.1023166841,4766.6662803462,14065.6572053612
8490,292.9900000000,34634.4674711733,23089.6228423695,931.8958594654,3350.1490558242,7262.7997135142
8491,156.4800000000,18582.3213775691,12388.4257157111,934.9012987172,1789.4975548523,3469.4968082884
8492,159.2400000000,18930.0272188940,12620.2852181857,935.5962830805,1821.1211598882,3553.0245577396
8493,191.4700000000,22708.8904963139,15139.5635594347,934.0736028865,2189.5558733860,4445.6974606067
8494,26.9100000000,3932.5252548795,2621.7980068350,1097.4304909789,307.7961863815,-94.4994293160
8495,10.8100000000,942.2895415606,628.4092375412,756.2106627622,123.6379390986,-565.9682978414
8496,142.2500000000,16778.7243230873,11185.5038076400,930.4637478382,1626.4290678322,3036.3276997769
8497,43.2500000000,5166.6081306351,3444.4942772077,938.8222665727,494.7001590061,288.5914278486
8498,86.1900000000,10207.0080377589,6804.5697447403,933.0839460749,985.5804591350,1483.7738878087
8499,45.5700000000,3977.6794922115,2652.0430214343,756.8474066171,521.2435552734,47.5455088866
8500,38.5600000000,3362.4514345650,2241.8302474480,756.3829978112,441.0346210353,-76.7964317295
8501,55.0700000000,8035.7746094842,5357.5008822294,1096.1853728800,629.8697245958,952.2186297789
8502,50.0500000000,4340.5403265592,2893.6410362098,753.8312137160,572.2710938828,120.7969827506
8503,32.7300000000,2851.1750894975,1901.0238984633,755.9089524359,374.3306612332,-180.0884226348
8504,298.2000000000,43009.3513404232,28672.4773078431,1086.4759890134,3409.9094200492,9840.4886235174
8505,64.3000000000,9376.3258344704,6250.5155847266,1095.6242774865,735.4285309745,1294.7574412828
8506,32.2400000000,2813.9203293186,1876.1903463614,756.8108245191,368.7692243122,-187.8500658742
8507,26.9200000000,2349.7724803672,1566.3797886272,756.8474066171,307.9191684872,-281.3738833643
8508,46.1300000000,6743.7118216263,4495.7626579797,1097.7350963539,527.6384379353,622.5756293575
8509,24.1000000000,2879.2271628597,1919.3630837733,938.8824522502,275.6603526447,-254.6787258085
8510,147.3500000000,17532.1379613107,11687.7773940029,936.1820858981,1685.1907584680,3222.9877229417
8511,26.0100000000,3108.3585336706,2072.0104036489,939.0835389281,297.5103110086,-200.2457199150
8512,57.9800000000,8465.2465581755,5643.8709749687,1096.6652581846,663.1613131011,1061.5490119211
8513,22.3700000000,1949.6761743451,1299.7545811571,756.1438402539,255.8517206626,-362.0739677285
8514,122.1500000000,17781.6451324839,11854.4338873657,1094.1922130533,1397.0357581125,3435.9832739524
8515,54.8600000000,4781.3694646658,3187.7601580966,756.1438402539,627.4486095464,210.0168567690
8516,23.0100000000,3358.6015305234,2238.9150411470,1096.4346045105,263.1813016171,-239.9294167512
8517,4.5400000000,540.7675307457,360.2131626624,936.8966040123,51.9242107395,-808.2664466685
8518,264.8700000000,38295.1149489291,25529.6912230921,1088.4939688877,3028.9218372787,8648.0079196706
8519,8.9200000000,1304.5995515680,869.9694203424,1098.1153248667,102.0286450453,-765.5138386864
8520,354.0400000000,50991.8229822240,33994.2308020175,1085.3172731391,4048.3319878753,11863.9429191922
8521,121.5700000000,10559.0657766227,7039.2821564247,754.5370947577,1390.1498598101,1375.0966656302
8522,171.0800000000,20337.5348945515,13558.7525984504,935.5962830805,1956.5273049087,3886.6587081119
8523,101.9000000000,8863.7469590912,5909.1167852005,755.2275891446,1165.3233693728,1034.0792153733
8524,40.0400000000,5840.7284412982,3893.4465114193,1095.9158827522,457.9591724841,393.4068746427
8525,57.1600000000,6814.2063846865,4543.0144723709,937.4569555241,653.7599073889,679.9750494026
8526,140.2200000000,12136.0579282335,8090.6370111002,752.8992265782,1603.0928945389,1689.4287960162
8527,45.7000000000,3988.8765698290,2659.5146801594,756.8298005211,522.7293592960,49.8027298524
8528,26.3800000000,3857.6811469398,2571.6610446790,1097.9977895315,301.7385016088,-113.7161888796
8529,40.2100000000,5877.2436203352,3918.5690779736,1097.5884505866,459.9232766568,401.1628151182
8530,27.1900000000,2372.6892262960,1581.7000321680,756.7192474217,311.0023831146,-276.7324364083
8531,91.3900000000,10888.9538343474,7259.6805997465,937.0984891794,1045.2424509671,1646.9322944545
8532,23.3600000000,2791.0551435505,1860.3349310926,938.9383947274,267.1968501456,-275.4150324151
8533,162.8200000000,14111.8456537294,9407.6315233771,753.5492527343,1861.6181428783,2089.0467347396
8534,15.9700000000,1889.6086189141,1260.1265502673,932.5173167244,182.6117440017,-485.6469920793
8535,46.7700000000,6725.8571770136,4483.5431588076,1084.0440787886,534.7843658176,623.4855735999
8536,27.3500000000,3267.2076849218,2177.7778527749,938.8222665727,312.8335109553,-162.2259453811
8537,43.6100000000,3801.9143211667,2534.7014696767,756.2725330342,498.7875308833,12.1527875725
8538,160.6400000000,13958.4003575664,9305.4498866619,754.7330514445,1836.9586148056,2061.2588046545
8539,53.9200000000,6430.9358816902,4287.5981180641,937.7632772109,616.7122522563,588.8622341589
8540,6.4700000000,768.3257880424,512.1829753266,934.9012987172,73.9906005873,-752.7490865886
8541,123.3600000000,14608.8468678263,9739.0404471596,933.0839460749,1410.6184643101,2526.1040102816
8542,42.1300000000,6108.8845251939,4072.2387304988,1090.9087661794,481.8049124842,463.9321160315
8543,187.7300000000,22231.8322186853,14821.2034752625,933.0839460749,2146.6877780880,4330.8570192599
8544,33.0000000000,4815.3361560374,3210.2485445105,1096.1853728800,377.4414547242,131.4607839227
8545,67.5800000000,5853.3508396911,3902.1166607064,753.2396180813,772.6534658046,425.3410950989
8546,73.3400000000,10707.8506825904,7138.6823028043,1096.6652581846,838.8453036018,1633.6578179997
8547,71.8100000000,6255.5112489098,4170.4122893623,755.9089524359,821.2858167783,507.9041903333
8548,190.3100000000,22571.3111733091,15047.5856520262,934.0736028865,2176.2906892155,4413.3612291809
8549,1.9500000000,170.1534669116,113.5789549756,756.6918581469,22.3042478642,-722.4215940750
8550,23.2800000000,2031.1047917840,1354.1720658250,756.6307199789,266.2762994784,-345.9742934982
8551,46.9900000000,6856.7468476423,4570.8836892037,1096.1853728800,537.4537562876,652.2240292710
8552,75.6200000000,6592.5420996704,4395.1723484194,756.2725330342,864.9005522906,576.1966659261
8553,18.2000000000,2658.5571764211,1772.1928874274,1097.0767788299,208.1694298823,-418.8819197185
8554,34.1200000000,2976.4089617386,1984.2609484515,756.5599770292,390.2604916255,-154.6724553675
8555,174.6100000000,15112.5165800090,10074.7694209652,752.8992265782,1996.2633740938,2288.5845583717
8556,53.9600000000,6439.4006789952,4292.9240686523,938.1427889439,617.1815187122,591.1523026867
8557,87.0700000000,12718.7128214829,8478.7267555352,1097.0767788299,995.8962780138,2147.0130091040
8558,30.4900000000,2645.6801904334,1763.6446923442,754.0882497416,348.6332117549,-220.6859634074
8559,2.2900000000,273.6693980048,182.3369155211,939.0835389281,26.1937182703,-873.9447747146
8560,103.9200000000,12388.5991514454,8259.2351231417,937.4569555241,1188.5711962186,2003.3358765609
8561,139.9900000000,20190.7414290605,13460.4955687272,1086.4759890134,1600.7820915919,4042.9877797280
8562,86.3800000000,10292.0213613189,6861.2242348341,937.0984891794,987.9422575176,1505.7563797878
8563,24.7000000000,2155.1413573292,1436.5939429010,756.6624014288,282.5193965039,-320.6343835046
8564,180.0200000000,26054.9372940229,17369.6184128709,1089.3723944003,2058.6612680779,5537.2852186738
8565,45.1100000000,6580.3011984756,4387.1400171900,1095.9158827522,515.9475092597,581.2977892737
8566,3.9800000000,475.5681321926,317.0643271167,938.9903837852,45.5242404703,-826.0108191797
8567,50.2000000000,5998.3719186097,3998.5334586387,938.9903837852,574.2002189973,486.6478571885
8568,55.5700000000,8119.1406382672,5412.9185988803,1097.2602780930,635.6060460222,973.3557152716
8569,36.6100000000,5354.4158725227,3570.0967323682,1098.1153248667,418.7520958640,267.4517194239
8570,267.8000000000,31686.7368907446,21124.3032608445,932.5173167244,3062.2057009180,6567.7106122577
8571,154.2900000000,18341.5843984122,12228.0898950901,935.5962830805,1764.5113272993,3413.3868929422
8572,48.0600000000,4189.8647621021,2793.2410195838,756.2725330342,549.6842177081,90.6669917760
8573,21.6000000000,1870.8549591200,1247.2519006824,753.2396180813,246.9564199671,-376.5929796108
8574,40.5900000000,4847.8625125946,3231.9085465758,938.6878670654,464.2714978494,212.9946011039
8575,104.6000000000,9092.4513560971,6061.6988016554,754.9124345824,1196.1536760650,1079.6864437942
8576,52.0300000000,7611.5871310746,5074.7877784023,1098.3260134850,595.1322190126,843.3411201748
8577,99.9600000000,11902.4687057603,7934.9554965233,936.6776962357,1143.2353466810,1887.6001663204
8578,61.5800000000,5367.8251590474,3578.7373527771,756.2106627622,704.3130702766,328.5640732315
8579,1.8200000000,158.8433940876,105.6762734812,756.7903865069,20.8175628110,-724.4408287115
8580,14.3500000000,1714.3945969725,1143.1500719532,938.8824522502,164.1380108071,-531.7759380380
8581,310.4300000000,44566.4691194370,29710.6531433009,1082.6437912211,3549.4528606202,10223.7193242947
8582,52.3100000000,7584.9928676215,5056.7360060040,1090.9087661794,598.2248984584,839.1231969797
8583,34.5100000000,3011.4566090282,2007.7906530786,756.7192474217,394.7293946776,-147.7826861497
8584,43.4400000000,3786.5918302861,2524.2879541910,756.2106627622,496.8392298281,9.2539835048
8585,238.5100000000,20672.0077808070,13781.3549509121,753.5492527343,2727.0270437164,3410.0765334442
8586,106.9100000000,9311.3132213568,6207.6411308535,755.8173576902,1222.7078380637,1125.1468947494
8587,316.0700000000,45586.7393634056,30391.5285491504,1086.4759890134,3614.2524158114,10494.4824094303
8588,225.6100000000,32389.3988919762,21592.7631721077,1082.6437912211,2579.6220078102,7134.3699208371
8589,172.2200000000,20358.1964841307,13571.9517563821,931.8958594654,1969.2230806309,3885.1257876524
8590,15.6600000000,1870.7302503062,1247.2284794415,938.8222665727,179.1214910991,-494.4419868071
8591,23.3700000000,2039.7431171270,1360.0954334565,756.8108245191,267.3119346209,-344.4750754695
8592,198.7700000000,28768.6917338792,19178.9536642117,1089.3723944003,2273.0813257185,6227.2843495488
8593,92.1700000000,10992.9406568136,7328.8925784095,937.7632772109,1054.1982249715,1672.0865762217
8594,129.0700000000,18814.0902465212,12542.9577979224,1095.3085042616,1476.2209805229,3699.6029638143
8595,48.0300000000,4179.1193973084,2785.9749083356,755.3660261078,549.2781852983,88.5002775667
8596,47.6700000000,6973.7528068101,4649.3923447936,1098.3260134850,545.2614430200,680.7730055115
8597,32.7700000000,2858.4021674655,1905.4787198146,756.5205193927,374.8174426178,-178.4145143596
8598,61.2100000000,8867.6860036010,5911.7575272578,1090.1749041379,699.9945381679,1165.7590340374
8599,53.5800000000,4675.8226454494,3117.0238968729,756.7447129152,612.8562894693,189.1977461920
8600,41.6400000000,6079.5596185310,4053.2384081694,1096.6652581846,476.2683179981,453.3876341789
8601,39.3200000000,4663.4646384032,3108.8532704064,934.0736028865,449.6440013659,170.8937637444
8602,41.1700000000,5945.5006037725,3963.8400854449,1087.5315179624,470.7892565460,423.3397438192
8603,63.2900000000,9257.7187772606,6172.2252300707,1098.2245360874,723.9250276419,1263.3439834607
8604,191.6300000000,16585.5996347696,11057.2039151702,752.8992265782,2190.8478917450,2584.6486012761
8605,14.8000000000,2162.8158220816,1441.5928617643,1097.4304909789,169.2821835172,-545.4897141787
8606,11.4300000000,1672.4830047184,1114.5838257750,1098.5078760990,130.7398252529,-671.3485224084
8607,23.4700000000,2801.7148252953,1867.8404045834,938.3519954833,268.4470615021,-272.9246362735
8608,5.0500000000,440.7839535588,293.9609552627,756.8298005211,57.7633099441,-667.7701121691
8609,15.6500000000,2284.3161213686,1522.8656360955,1096.4346045105,178.9998857152,-513.9840049526
8610,13.0600000000,1137.4590840045,758.5570440168,755.8173576902,149.3645530363,-526.2798707389
8611,59.0400000000,7051.4363819558,4700.9578859285,938.6878670654,675.3039968718,736.4866320900
8612,118.9000000000,14147.0729799785,9431.5925173124,936.1820858981,1359.8179924115,2419.4803843564
8613,59.3900000000,8682.1817707866,5788.5667825684,1097.7350963539,679.3073234115,1116.5725684528
8614,32.7800000000,2856.9684843555,1904.8127482475,756.1438402539,374.9136970640,-178.9018012098
8615,3.5400000000,422.9927607944,281.8349574371,938.9903837852,40.4914098655,-838.3239902935
8616,215.9300000000,31100.0574413954,20733.3234303326,1085.3172731391,2469.0891598178,6812.3275781059
8617,109.4000000000,9481.8567406829,6321.2681990411,753.5492527343,1250.8354307265,1156.2038581810
8618,148.3500000000,12908.0233726985,8605.5669390812,755.3660261078,1696.5525460963,1850.5378614132
8619,18.6100000000,2221.8695667397,1480.8552280709,938.4454697809,212.8599697044,-410.2911008165
8620,75.6200000000,6583.1908102777,4388.6433109640,755.6102914559,864.8279505388,574.1092573189
8621,88.9900000000,10617.8819491769,7078.4047242798,938.0257820855,1017.8402447155,1583.6111980961
8622,54.7100000000,6525.1576796601,4350.3052203393,937.7632772109,625.7479102548,611.3412718550
8623,210.3200000000,30137.9588299697,20092.2787071038,1081.1023166841,2404.7139651773,6559.8638410046
8624,152.1600000000,18046.6118865573,12030.7102890283,934.0736028865,1740.0262270560,3341.8017675865
8625,13.1100000000,1144.2926002288,762.6345537475,756.8298005211,149.9558402707,-525.1275943105
8626,12.3300000000,1464.2128232709,976.3487967163,934.9012987172,141.0052712892,-588.0425434517
8627,63.4500000000,5511.0037305808,3673.7409502882,754.5370947577,725.5491371634,357.1765483715
8628,31.8100000000,4651.7375771098,3100.7267283500,1097.9977895315,363.8476776413,89.1653815870
8629,160.4900000000,18951.8579502172,12634.6620417194,931.2135751301,1835.0407164286,3550.9416169391
8630,26.9300000000,2349.8630071431,1566.7214671631,756.6918581469,308.0273820420,-281.5777002088
8631,84.7100000000,10079.0458547854,6719.2391136409,936.1820858981,968.7988405146,1454.8258147318
8632,134.4100000000,19519.6615780111,13012.8126131776,1092.1959456200,1537.1796460186,3877.4733731950
8633,14.1200000000,1231.2711165990,821.0818601764,756.3829978112,161.4991921426,-507.6929335312
8634,148.5600000000,12913.7148514511,8608.9020215000,754.9124345824,1698.8584141130,1851.0419812556
8635,43.3500000000,6310.5551902839,4206.8966900664,1094.1922130533,495.7961532065,513.6701339576
8636,49.5100000000,7107.8371488043,4738.8697801381,1082.6437912211,566.0967404223,720.2268370227
8637,13.9700000000,1666.5187316868,1110.7422965162,937.8995482845,159.7835491666,-541.9066622805
8638,39.4000000000,5756.5978252245,3837.9499407069,1097.2602780930,450.6546376332,370.7329687915
8639,30.7500000000,2682.2052685250,1788.1562508663,756.5205193927,351.7130412114,-214.1845429454
8640,30.6000000000,4433.1186360103,2955.8787636289,1090.1749041379,349.9400893308,37.1248789127
8641,46.6200000000,6821.6235940485,4547.9500830617,1098.5078760990,533.2537754410,641.9118594467
8642,47.9100000000,5714.1346085270,3809.4564632160,937.7632772109,547.9726262166,418.9422418835
8643,59.3100000000,5164.4973400840,3443.2661142165,755.7180513530,678.3078648438,287.2053096708
8644,37.2900000000,3252.6645353918,2168.4428743537,756.5205193927,426.5164002203,-98.8152585749
8645,60.9400000000,5313.3939130381,3542.1228702661,756.3298557505,697.0037954840,317.9373915375
8646,55.0600000000,4801.7666387656,3201.1878043395,756.4322921394,629.7593423310,214.3871999557
8647,2.4700000000,295.0352397605,197.0440343140,938.7575205857,28.2521473444,-869.0184624836
8648,47.0300000000,5573.8877683228,3715.5956034393,933.6011095794,537.7998235452,386.8912317589
8649,3.8500000000,335.8755577848,223.9305270339,756.5966414806,44.0360496164,-688.6876603462
8650,34.7300000000,3027.3557611841,2018.3652629502,756.2106627622,397.2197617848,-144.4399263131
8651,264.3100000000,31273.7917385837,20849.3665589680,932.5173167244,3022.2986886095,6469.6091742817
8652,146.1500000000,21130.4830663570,14087.2669126332,1088.4939688877,1671.2988504484,4283.4233343877
8653,84.8600000000,7390.8711997412,4927.1411666416,755.8173576902,970.5264908623,737.3861845472
8654,38.4700000000,5629.0832188555,3752.6189109007,1098.5078760990,440.0315903307,337.9248415252
8655,166.5300000000,14433.3967369829,9622.1915405770,753.5492527343,1904.0367849989,2153.6191586727
8656,143.1100000000,12455.4873222747,8303.6694292557,755.4932545847,1636.6531599573,1759.6714784771
8657,167.9300000000,14602.6234078503,9735.2309770807,755.0768121019,1920.4032149112,2191.9124037565
8658,154.5800000000,22150.6546022096,14767.1536154660,1081.1023166841,1767.4053097048,4534.9933603547
8659,3.7400000000,546.5494036882,364.3586353910,1097.4304909789,42.7780652942,-958.0177879759
8660,37.2500000000,4375.3741601750,2916.7319404597,927.7291392802,425.8488006186,105.0642798165
8661,85.8700000000,12451.2203697698,8301.1020275553,1090.9087661794,982.0220231432,2077.1875528920
8662,35.2200000000,3062.6117812451,2041.5825292845,755.0768121019,402.7666362721,-136.8141964134
8663,30.5900000000,2669.0596810000,1779.2994859063,756.6624014288,349.8894064394,-216.7916127746
8664,409.3300000000,58534.4148100938,39022.7870091095,1079.4039103234,4679.9384900530,13752.2854006080
8665,116.4900000000,10135.8654714233,6757.0946983124,755.3660261078,1332.1968729003,1291.2078741027
8666,74.2500000000,8841.1194618117,5893.9146741713,936.6776962357,849.1919216793,1161.3351697254
8667,55.9100000000,8180.1198973875,5453.2416310126,1098.4202960231,639.5141898958,988.9437804560
8668,76.0200000000,6618.0132953889,4412.1119917713,755.6102914559,869.4025495896,580.8884625721
8669,144.8100000000,21069.2768752000,14045.9210897303,1093.7544670621,1656.1815781600,4273.4197402476
8670,185.9700000000,26648.7077006917,17765.3332889091,1081.1023166841,2126.3058962724,5675.9661988260
8671,60.8300000000,7256.5736899432,4838.0654391878,937.8995482845,695.7504148749,784.8582875959
8672,104.8500000000,15159.2962675849,10106.0827851499,1088.4939688877,1199.0125519639,2765.7069615835
8673,384.0200000000,45238.9958858122,30159.0164480796,929.6388554362,4390.5650183230,9759.7755639734
8674,250.6100000000,35755.7962862383,23837.3162195635,1077.5309870471,2865.1484117843,7975.8006678434
8675,24.3300000000,2905.1680827837,1937.1645137192,938.5322790142,278.2861841198,-248.8148940694
8676,75.6900000000,9005.8196287180,6004.1641254002,936.1820858981,865.6402341937,1199.8331832260
8677,71.7300000000,8537.9845032974,5691.6117319169,936.4401288793,820.3613621206,1089.5712803807
8678,219.6900000000,31265.3692608786,20843.7176313772,1075.4639149027,2511.5361881315,6834.6515264673
8679,118.4700000000,14068.5558128873,9379.3507356676,934.9012987172,1354.8170713405,2399.4867071621
8680,31.1300000000,3719.9788070016,2480.3352695840,939.0386843848,356.0736313979,-55.4687783652
8681,35.3100000000,3081.9963168635,2054.9534702796,756.8298005211,403.8856384407,-133.6725923780
8682,77.5900000000,6759.0184905015,4505.8870949735,755.9089524359,887.3912619946,609.8311810976
8683,20.7600000000,3036.6604805803,2024.2911720352,1098.2245360874,237.4574747013,-323.3127022436
8684,23.2800000000,2030.2420514069,1353.6703249755,756.4322921394,266.2694785591,-346.1300442671
8685,78.6500000000,9349.7025921001,6233.1042420562,935.5962830805,899.4673400226,1281.5347269407
8686,9.4000000000,1375.1473963502,916.6972020018,1098.3260134850,107.5195629198,-747.3953820564
8687,21.1300000000,3091.8255371567,2061.1399391216,1098.5078760990,241.6913829916,-309.5136610555
8688,39.5700000000,3452.5888060533,2302.0119807932,756.6624014288,452.6029360186,-58.6885121874
8689,14.3000000000,1242.5617848182,828.1735375027,754.7330514445,163.5240798787,-503.8688840076
8690,26.2900000000,2289.2368078032,1526.2442947384,755.7180513530,300.6695964718,-293.3951347599
8691,312.1300000000,36897.0146823349,24597.6174819675,931.8958594654,3569.0024396546,7798.4989012474
8692,13.1300000000,1569.0112989377,1045.9245112704,939.0386843848,150.1846058546,-566.1365025721
8693,112.4100000000,13348.9183669002,8899.1791962989,934.9012987172,1285.5152105122,2229.3226613718
8694,89.4100000000,10656.0450793667,7104.0220315442,937.2848285391,1022.6062737794,1592.1319455040
8695,158.3900000000,13768.1966567133,9178.5297457690,754.9124345824,1811.2694144545,2023.4850619073
8696,34.3700000000,5019.3977432179,3346.0103372662,1096.8788562489,393.1179585833,183.3905911196
8697,184.5200000000,26613.2981533698,17741.9062074549,1086.4759890134,2109.9815096831,5674.9344472184
8698,69.0000000000,10027.2862317117,6685.2557842689,1092.7603591096,789.1290283969,1460.1410599363
8699,185.0600000000,16080.3135593329,10720.2463465622,754.7330514445,2116.2074281370,2489.1267331892
8700,60.5900000000,7234.8596027893,4823.0283640691,938.5322790142,693.0275337368,780.2714259692
8701,31.2700000000,4561.4280309539,3040.7031832698,1095.9158827522,357.6519311583,67.1570337737
8702,37.7800000000,5523.0312729469,3682.3128717217,1097.7350963539,432.1305047733,310.8528000980
8703,138.0900000000,11988.4006185532,7992.1333064825,754.3228133681,1579.0141345772,1662.9303641255
8704,48.9400000000,7151.9058332889,4768.3456196818,1097.4304909789,559.7750041439,726.3547184842
8705,247.3900000000,29320.0955774056,19546.4045308588,933.6011095794,2828.9665819021,6011.1233550653
8706,199.6600000000,17304.8219090014,11536.7270786677,753.5492527343,2282.8318290571,2731.7137485422
8707,64.5000000000,5626.5644206372,3751.0686422781,756.5599770292,737.7433091983,381.1924921316
8708,35.7700000000,5229.1908055403,3486.2133696773,1097.7350963539,409.1399723595,236.1023671496
8709,16.9000000000,1470.0424299180,980.1405831911,755.2275891446,193.2675656762,-458.5933080940
8710,41.3300000000,3602.6666746253,2401.8014078906,756.2106627622,472.7063851012,-28.0517811287
8711,10.8800000000,949.6108307378,633.0003904137,756.8108245191,124.4481749540,-564.6485591491
8712,1.8300000000,159.6918456830,106.5226552276,756.7192474217,20.9317528908,-724.4818098570
8713,172.9300000000,25052.9152197799,16701.9165912365,1090.1749041379,1977.6189427442,5283.2047816613
8714,64.9800000000,7720.7544999142,5147.0037045644,935.2637903541,743.1208927896,895.3661122060
8715,293.5000000000,34658.6722436835,23105.6715984932,931.2135751301,3355.8754456464,7265.9116244137
8716,160.7700000000,22990.1982972633,15326.9051220318,1079.4039103234,1838.1103536165,4745.7789112917
8717,5.3700000000,784.8992350460,522.9811728824,1097.5884505866,61.4222331670,-897.0926215900
8718,0.9300000000,135.9781103191,90.6022430693,1097.8712831691,10.6374481904,-1063.1328641096
8719,212.8700000000,25228.8643258108,16818.9992474831,933.6011095794,2434.2217401249,5042.0422286233
8720,50.9000000000,7431.5462195780,4953.9580544293,1096.6652581846,582.1819737296,798.7409332345
8721,109.0500000000,15912.4972065417,10608.7021437797,1096.1853728800,1247.2724435659,2960.3372463161
8722,66.1800000000,9671.2939936056,6447.5636784401,1097.4304909789,756.9658719707,1369.3339522158
8723,117.9400000000,10267.4097350456,6845.0319021275,755.6102914559,1348.8205301051,1317.9470113571
8724,73.6200000000,8769.0100470255,5845.7450397790,936.8966040123,841.9956816393,1144.3727215949
8725,26.9800000000,2346.8488023187,1564.4551616320,755.2275891446,308.5419480439,-281.3758965019
8726,33.9100000000,4960.7710861953,3307.2997091831,1098.3260134850,387.8711041075,167.2742594197
8727,16.6600000000,1451.0006385540,967.3342120949,755.8173576902,190.5370178855,-462.6879491166
8728,68.0400000000,8063.9447960171,5375.7553411462,933.6011095794,778.0544332132,976.5339120783
8729,58.4900000000,6880.7692693113,4587.4229383969,928.7304688664,668.6984980857,695.9173639623
8730,38.4600000000,5547.0813298212,3697.5819152648,1086.4759890134,439.7891223846,323.2343031583
8731,29.2200000000,3478.0413660442,2318.3754508827,936.4401288793,334.1831730261,-110.9573867438
8732,147.7300000000,17569.8794116683,11713.4587659685,935.9015508839,1689.5137944076,3231.0053004083
8733,94.4200000000,13502.1118568614,9001.5157065901,1079.4039103234,1079.5196839489,2341.6725559990
8734,31.4100000000,2736.6831969619,1824.3297813182,755.9935047728,359.2377663718,-202.8778555009
8735,40.3500000000,3518.9118030184,2345.7739833452,756.4322921394,461.5108874511,-44.8053599173
8736,11.6600000000,1017.4304739431,678.1331723542,756.6918581469,133.3679641519,-550.7625207098
8737,57.0600000000,4955.9948442387,3303.9012573061,754.5370947577,652.4796495909,245.0768425839
8738,19.9900000000,2385.1158575575,1590.3336592163,938.0257820855,228.6394706356,-371.8830543799
8739,21.8400000000,1904.6600688456,1269.8926827132,756.4322921394,249.7992015349,-371.4641075418
8740,70.2100000000,10209.4576500232,6806.3067223580,1093.2784533794,802.9774325176,1506.8950417682
8741,20.6500000000,3013.2330794598,2009.0628308360,1096.1853728800,236.1868496986,-328.2019739549
8742,91.3300000000,7954.3750491677,5302.9400691820,755.8173576902,1044.5225596330,851.0950626625
8743,32.2900000000,4721.9304107159,3147.6059661436,1097.9977895315,369.3379915447,106.9886634961
8744,49.9600000000,7297.8855238462,4864.8432203891,1097.0767788299,571.4365229077,764.5290017196
8745,96.3900000000,13987.8937295323,9325.5161924359,1091.5804976578,1102.3478309572,2468.4492084814
8746,75.0400000000,6538.0677204719,4358.4670543438,755.9935047728,858.2362938089,565.3708675463
8747,77.3000000000,9223.0843316257,6148.3435217917,938.0257820855,884.1336208171,1252.5814069315
8748,90.4400000000,7882.3743052201,5255.0422289887,756.1438402539,1034.3866614541,836.8015745234
8749,43.8200000000,6394.1827381078,4262.6147892341,1096.1853728800,501.1965013944,534.1860745993
8750,222.5400000000,26139.4836404120,17426.5503278098,927.7291392802,2544.1179084473,5241.0862648747
8751,4.6300000000,403.7809578185,268.9703251580,756.4322921394,52.9565157100,-674.5781751889
8752,132.7200000000,11540.8811926987,7693.6484477962,755.0768121019,1517.7509360032,1574.4049967974
8753,6.4400000000,562.0063052761,374.7924525298,756.7447129152,73.6617115376,-643.1925717064
8754,27.8300000000,2427.5048007496,1618.2409510102,756.5205193927,318.3145995744,-265.5712692277
8755,38.6200000000,5643.7802059995,3762.3989524067,1097.4304909789,441.7349950968,342.2157675170
8756,51.1600000000,4464.3906148329,2976.1784278754,756.7192474217,585.1740316345,146.3189079013
8757,192.4700000000,22856.2077935885,15237.4435159651,934.9012987172,2201.0774180881,4482.7855608181
8758,55.4500000000,8103.2525225964,5402.0128116661,1097.4304909789,634.2362889207,969.5729310307
8759,25.5700000000,3731.1559245417,2487.4111238922,1096.1853728800,292.4599393121,-144.9005115426
8760,148.4200000000,21406.5993492475,14271.3687957590,1086.4759890134,1697.1789273096,4351.5756371655
8761,12.5900000000,1840.5231266914,1227.4376239072,1097.7350963539,144.0053746717,-628.6549682414
8762,116.3300000000,10075.7665460382,6717.3423793895,753.2396180813,1330.0203858693,1275.1641626982
8763,195.4800000000,27890.1203385095,18593.1066512595,1077.5309870471,2234.8637785228,5984.6189216801
8764,18.3900000000,1604.5769053151,1069.6566948347,756.6624014288,210.3454130246,-432.0876039730
8765,126.6100000000,18358.5537558700,12239.0911295761,1090.9087661794,1447.9306899984,3580.6231701161
8766,46.3100000000,6747.6899803249,4498.9401804131,1094.9662915433,529.6599545770,624.1235537917
8767,41.9700000000,5010.8471636790,3340.8093945280,938.4454697809,480.0501304940,251.5421688760
8768,41.4900000000,6067.2930548345,4045.0085181930,1097.9977895315,474.5690080269,449.7177390830
8769,286.6700000000,33672.1747784529,22447.7597442974,927.7291392802,3277.2637764653,7019.4221184100
8770,162.8000000000,19362.1902675123,12908.4416669810,935.9015508839,1861.8618136435,3655.9852360039
8771,33.0000000000,4813.7871768942,3209.0077875098,1095.9158827522,377.4388784209,131.4246282112
8772,24.8900000000,3638.0152626248,2425.4199322080,1097.5884505866,284.6926226309,-169.6857428007
8773,10.8300000000,1293.3335097617,861.9965048595,938.6129255746,123.8738892363,-631.1498099087
8774,92.3000000000,13464.0168614343,8976.2455594681,1095.9158827522,1055.6851054016,2336.1703138124
8775,95.3000000000,8303.2763027848,5535.2531590166,755.9935047728,1089.9509434967,922.0786954987
8776,19.2400000000,1678.0792110333,1118.4767311546,756.4780410728,220.0624985178,-416.9380597119
8777,70.4000000000,8382.6910452733,5588.3042836588,936.6776962357,805.1597479626,1052.5493174163
8778,82.3200000000,11901.8909751797,7934.5278065226,1088.4939688877,941.3706559625,1937.4985438069
8779,93.5200000000,8126.1802878462,5417.6352244966,754.7330514445,1069.4246119063,884.3873999989
8780,23.6700000000,2065.6349760692,1377.3622630470,756.7447129152,270.7411043624,-339.2131042554
8781,53.0800000000,4631.3726010945,3087.8115591993,756.6624014288,607.1307516772,179.7678887891
8782,78.5300000000,6843.2891256021,4562.2298366375,756.0716187804,898.1605172825,626.8271529017
8783,14.9000000000,1777.4609235600,1185.2887593696,937.8995482845,170.4205356179,-516.1479197120
8784,48.8400000000,7081.8400239846,4721.1119348091,1090.9087661794,558.5414651253,711.2778578708
8785,64.1500000000,5591.8477420086,3727.8514091428,756.2106627622,733.7071039013,374.0785662022
8786,97.6900000000,14254.8542146452,9503.1860887165,1096.1853728800,1117.3410821820,2538.1416708667
8787,49.6600000000,7241.4983038849,4827.2482789065,1095.6242774865,567.9841500496,750.6415974423
8788,80.2600000000,9577.9521589354,6385.2167140996,938.1427889439,917.9946014055,1336.5980544863
8789,83.3000000000,7261.1210741904,4840.8813298726,756.2106627622,952.7326851907,711.2963963650
8790,13.3200000000,1162.6660266899,775.0879298897,756.8474066171,152.3582215546,-521.6275313715
8791,11.7600000000,1025.6866695297,683.7480394228,756.4780410728,134.5080552271,-549.0474661930
8792,41.5000000000,3621.8079693794,2414.6975922891,756.7683859227,474.6848396164,-24.3428484487
8793,110.4100000000,13146.7744077930,8764.4694136289,936.6776962357,1262.7512467692,2182.8760511593
8794,52.0900000000,6222.0184773788,4148.0295428670,938.7575205857,595.8114798249,539.4199341012
8795,16.7400000000,1459.7364371011,973.3049016698,756.3829978112,191.4657561237,-461.4172185037
8796,46.6300000000,5569.8353158029,3713.5221851489,938.7575205857,533.3593646426,384.1962454257
8797,62.1700000000,7421.5002423778,4947.9216015454,938.3519954833,711.0930470210,824.1335983280
8798,12.3200000000,1791.4900761756,1194.0888986593,1093.2784533794,140.9013241506,-636.7786000138
8799,58.8300000000,7028.4204975533,4685.5039986231,938.8824522502,672.9086533646,731.1253933155
8800,89.5000000000,13006.4075034521,8670.7949681525,1092.7603591096,1023.5804063989,2219.2717697911
8801,10.5100000000,1537.1458841905,1024.6306506255,1098.1153248667,120.2153654065,-705.8154567082
8802,61.1400000000,5330.1775188290,3553.6514604868,756.2725330342,699.2861646000,320.9673607080
8803,44.0000000000,3839.9891723541,2559.9425602463,756.7683859227,503.2803118824,19.9979143027
8804,22.5800000000,2693.0736685565,1794.9908026265,937.7632772109,258.2596931741,-297.9401044550
8805,13.4900000000,1611.9130912758,1074.4957752289,938.9903837852,154.3020110413,-555.8750787796
8806,216.6400000000,25485.5505984545,16990.4553273960,928.7304688664,2476.7796653324,5089.5851368598
8807,415.5200000000,48881.8130754700,32587.6933179454,928.7304688664,4750.5146165939,10614.8746720643
8808,21.0300000000,2497.3556912722,1664.5946698113,934.9012987172,240.4980417852,-342.6383190415
8809,38.4000000000,3348.4993539237,2232.6046085696,756.3829978112,439.2046018609,-79.6928543181
8810,296.6500000000,42588.1617893921,28392.0111175234,1082.6437912211,3391.8925074992,9721.6143731484
8811,194.0700000000,22891.0160237719,15260.8424042220,930.4637478382,2218.9180259697,4480.7918457419
8812,31.5000000000,4583.1242425855,3055.5477541441,1093.7544670621,360.2632395003,73.5587818790
8813,205.7300000000,29776.0373819538,19850.9924718525,1089.3723944003,2352.6740511146,6482.9984645864
8814,70.5800000000,8417.9424059662,5612.2856536269,937.7632772109,807.2616981500,1060.6317769783
8815,75.8600000000,11016.7511889586,7344.0574179161,1092.1959456200,867.5727099693,1712.9251154533
8816,248.0600000000,29376.3825716033,19584.4022965807,933.0839460749,2836.5597945587,6022.3365343889
8817,198.5400000000,28391.3290411063,18927.5114046678,1079.4039103234,2269.9410935312,6114.4726325839
8818,157.0000000000,22815.7092518658,15210.3231058978,1092.7603591096,1795.5544559177,4717.0713309406
8819,81.3600000000,9693.8974063082,6462.7678699216,937.0984891794,930.5276924246,1363.5033547827
8820,48.1900000000,7050.6166670560,4700.6711299174,1098.4202960231,551.2106744962,700.3145666194
8821,60.1800000000,7163.1940249329,4775.8534288183,936.4401288793,688.2663707293,762.6340965061
8822,384.2600000000,45135.0677795664,30090.3358414513,927.7291392802,4392.9304731731,9724.0723256618
8823,46.3800000000,6760.6531776064,4507.4292787329,1095.3085042616,530.4650893054,627.4503053064
8824,70.8500000000,8446.2302721315,5630.9010797394,937.4569555241,810.3374639347,1067.5347729333
8825,46.0100000000,4015.5959131696,2677.1322615228,756.7903865069,526.2725631507,55.4007019892
8826,138.2000000000,20083.6370611965,13388.7275243532,1092.7603591096,1580.5453873110,4021.6037904227
8827,29.6300000000,3535.3168013722,2357.1016734813,938.0257820855,338.8988251592,-98.7094793539
8828,20.0400000000,2389.0254714681,1592.6659931875,937.4569555241,229.2048380699,-370.3023153134
8829,97.2400000000,11592.2573276227,7728.3464587459,937.4569555241,1112.1695835287,1814.2843298240
8830,108.6800000000,15820.7874989631,10547.2909872379,1094.1922130533,1242.9786835175,2936.3256151544
8831,333.0100000000,39279.3180093588,26186.2182163355,930.4637478382,3807.5018901849,8355.1341550002
8832,39.2300000000,5724.4132545862,3816.1563823817,1096.1853728800,448.6978263282,363.3736729964
8833,32.8500000000,3920.2059359709,2613.6730134066,938.1427889439,375.7304093717,-7.3402757513
8834,8.8600000000,772.7537323157,514.9213630221,756.4780410728,101.3385518123,-599.9842235914
8835,35.6600000000,5210.1593514596,3473.2203567088,1097.2602780930,407.8767608629,231.8019557948
8836,132.6400000000,11520.5600445113,7680.3376242602,754.5370947577,1516.7350284216,1568.9502970718
8837,140.2600000000,20383.0024182592,13589.1030383231,1092.7603591096,1604.1048916370,4097.0341291894
8838,35.3600000000,5117.7790396437,3411.8893310996,1089.3723944003,404.3676393691,212.1496747746
8839,69.8300000000,6090.4506916037,4060.2815674365,756.4780410728,798.6987667100,474.9923163843
8840,231.8800000000,27481.8859391601,18321.0485339799,933.6011095794,2651.6058491106,5575.6304464903
8841,11.9300000000,1425.3975968560,950.6356982845,938.9383947274,136.4579804040,-600.6344765598
8842,54.0800000000,4717.5907576443,3145.3060043947,756.5599770292,618.5605916503,197.1641845702
8843,49.4000000000,4298.3239272754,2865.5741914309,755.3660261078,564.9457079687,112.4380017679
8844,144.5500000000,17155.3023454059,11436.8680224249,934.5057179604,1653.0356977039,3130.8929073167
8845,5.3200000000,635.5804359508,423.3889155382,938.8824522502,60.8511649821,-787.5420968198
8846,83.5200000000,9905.7112563437,6604.0137519284,934.0736028865,955.0932602768,1412.5306412521
8847,510.6900000000,72862.7253717691,48575.1532740883,1077.5309870471,5838.5644723440,17371.4766382897
8848,134.5700000000,11637.6406356760,7758.5088409481,752.5246171233,1538.4288080334,1588.1783695713
8849,13.5700000000,1183.5517096529,789.2647121732,756.4780410728,155.2104004619,-517.4014440550
8850,170.4200000000,24639.4589405991,16425.8645819240,1088.4939688877,1948.8385227056,5176.2618670818
8851,98.7900000000,11737.9707147818,7825.2410973465,935.2637903541,1129.7770544581,1847.6887726231
8852,41.4000000000,3609.6899901506,2406.5173115860,756.3298557505,473.5142292917,-26.6714064776
8853,24.4800000000,2127.9465506430,1418.6954642172,754.9124345824,279.9411280122,-325.6024761688
8854,42.0600000000,3665.2074445794,2443.4193432961,756.0716187804,481.0471330307,-15.3306505278
8855,33.8200000000,4039.7132828749,2692.9351356250,938.7575205857,386.8370944073,21.1835322568
8856,19.9700000000,1741.9069662584,1161.0878823499,756.5205193927,228.4133148940,-404.1147503782
8857,38.0000000000,4539.0036886235,3026.3942706180,938.7575205857,434.6484206824,139.2034767374
8858,31.4500000000,2745.0802652324,1830.3229289940,756.8298005211,359.7338807409,-201.8063450236
8859,45.1700000000,3941.2038506299,2627.4091630407,756.6624014288,516.6559166025,40.4763695580
8860,45.6200000000,6670.2380567271,4446.4793137078,1097.8712831691,521.8068671456,604.0805927047
8861,61.4000000000,7329.5820312369,4886.0725815261,938.3519954833,702.2858788337,802.8715753937
8862,35.9900000000,3133.1530978828,2088.7125918492,755.6102914559,411.5995495886,-122.7693350110
8863,85.1500000000,10099.0339257384,6732.7828223002,934.0736028865,973.7331311371,1458.4443694146
8864,72.4600000000,6313.2780786966,4209.0338981949,755.9935047728,828.7287026838,519.5219730451
8865,33.4600000000,2918.5882369056,1945.9347435898,756.5205193927,382.7095401279,-166.5765662048
8866,51.3900000000,4482.1460839397,2988.2321722922,756.4780410728,587.7864760308,149.6493945440
8867,297.5200000000,42911.2750194591,28607.6074496805,1086.4759890134,3402.1336373342,9815.0579434310
8868,166.7800000000,24236.9680829693,16157.5528083011,1092.7603591096,1907.4049182035,5079.2499973551
8869,25.4500000000,3038.5051302271,2025.8099520010,938.4454697809,291.0954448671,-216.8457364220
8870,88.3700000000,10534.8393669480,7023.3959371711,937.4569555241,1010.7201367383,1563.2663375145
8871,20.0000000000,2918.3855491136,1945.2830584285,1096.1853728800,228.7523968025,-351.8352789975
8872,83.2700000000,12150.6982337343,8100.0310957516,1096.1853728800,952.4106040874,2002.0711610153
8873,236.5200000000,27959.1257253896,18639.8025943754,931.8958594654,2704.4515331019,5682.9757384469
8874,83.1800000000,12119.9061231576,8079.4576612743,1094.9662915433,951.3520842520,1994.1300860880
8875,159.1500000000,18772.1193393275,12515.0468958866,930.4637478382,1819.6568446080,3506.9518509947
8876,57.7400000000,5037.6284655331,3358.4904019798,756.6307199789,660.4292754244,262.0780681500
8877,42.6100000000,3718.2893686088,2479.0727034797,756.7192474217,487.3781369810,-4.8807192735
8878,1.9200000000,167.3631748193,111.8355422743,756.2106627622,21.9597449648,-722.6427751820
8879,31.1300000000,3715.5564701233,2476.8200987273,938.2513041608,356.0594137532,-55.5743465180
8880,2.2000000000,262.0459400089,174.9606790075,936.8966040123,25.1615118121,-874.9728548229
8881,6.3300000000,925.3781884001,617.3502842137,1097.7350963539,72.4030199898,-862.1102121574
8882,40.8700000000,4882.2953595157,3254.4868135428,938.8222665727,467.4773525683,221.5089268319
8883,72.7900000000,8563.0226553799,5708.7929900050,928.7304688664,832.1860775459,1093.3131189626
8884,38.1600000000,4555.3232949837,3036.7868829485,938.3519954833,436.4695299071,143.7148866448
8885,15.3900000000,1343.1867225316,895.3128725488,756.7903865069,176.0342261875,-484.9507627116
8886,258.5500000000,30531.5151911563,20354.3604139328,931.2135751301,2956.2575688991,6289.6836331943
8887,240.1700000000,34683.7716786017,23122.4004984287,1087.5315179624,2746.4040744389,7727.4355877717
8888,23.6100000000,2056.3100285870,1370.9700703791,755.8173576902,270.0227486361,-340.5001481184
8889,45.7300000000,5461.7578886659,3641.1437196812,938.6878670654,523.0632076041,358.8630943152
8890,6.5500000000,781.6544560307,521.3803679594,938.1427889439,74.9173266784,-752.7860275509
8891,16.6300000000,1451.5321084520,967.8525791195,756.8298005211,190.2185830436,-463.3688542323
8892,40.3000000000,5896.2409562639,3930.7336172585,1098.4202960231,460.9626516330,406.1243913493
8893,298.2800000000,35138.5024030521,23425.6950188614,929.6388554362,3410.2852290646,7372.8832996899
8894,53.0000000000,6326.8379096996,4218.1031653175,938.3519954833,606.2076804265,564.1750684723
8895,48.5300000000,7016.5059405426,4677.1953385818,1088.4939688877,554.9649894784,695.8516435948
8896,62.6600000000,9164.3730830995,6109.1185961823,1098.1153248667,716.7169168762,1240.4222451744
8897,95.1400000000,13826.0291606529,9217.2736426159,1092.7603591096,1088.0831269809,2427.9120319464
8898,64.4900000000,5585.7146441503,3723.9378177517,753.2396180813,737.3249779482,371.2122303691
8899,227.9700000000,32994.9119815487,21996.3471270136,1089.3723944003,2607.0048288174,7302.1876313174
8900,87.3600000000,10408.7865955640,6938.9718182316,937.0984891794,999.1506785916,1533.5656095614
8901,80.8400000000,9605.1984267938,6403.8301905627,935.2637903541,924.4981990322,1341.6062468448
8902,36.8400000000,3215.5407621991,2143.6964001702,756.8298005211,421.3862056119,-106.3716441042
8903,27.5600000000,4023.8391711507,2682.9946909868,1096.6652581846,315.2246600391,-71.0454380598
8904,73.2900000000,8726.8100384671,5817.5120765432,936.6776962357,838.2124705707,1134.4077951175
8905,52.5600000000,4583.7423634856,3055.6792677786,756.4322921394,601.1651113861,170.4656921816
8906,69.4300000000,6048.1847376662,4032.2756046989,755.9089524359,794.0659275716,465.9342529598
8907,77.1700000000,9212.1147451230,6141.6076879183,938.3519954833,882.6612584625,1249.4938032589
8908,75.8000000000,11057.1232729872,7371.7416657132,1095.9158827522,866.9656661911,1722.5000583307
8909,383.3000000000,54812.1105140326,36541.2880845900,1079.4039103234,4382.3331376574,12809.0853814618
8910,112.8100000000,16393.8863739043,10929.5734892679,1092.7603591096,1290.1687781661,3081.3837473607
8911,12.2700000000,1466.2428513302,977.6192370650,939.0386843848,140.3476857453,-590.7627558649
8912,79.9100000000,6933.9555269772,4622.4558468700,754.0882497416,913.7185946650,643.6928357006
8913,124.7600000000,17755.3255450281,11836.4601507820,1075.4639149027,1426.2790970517,3417.1223822917
8914,17.9900000000,2148.6338162497,1432.3231058688,938.6878670654,205.7709841417,-428.1481408262
8915,26.9500000000,2349.4976142041,1566.4455082602,756.2725330342,308.2394853773,-281.4599124676
8916,22.3900000000,1953.9318594926,1302.4037725411,756.7447129152,256.1002672866,-361.3168932503
8917,19.5900000000,2862.8082401743,1908.9224158527,1097.4304909789,224.0701334528,-367.6148001101
8918,37.2600000000,4431.4202049601,2954.6280519539,935.9015508839,426.1239015747,114.7667005476
8919,18.6500000000,2224.8084714358,1483.4746107833,937.8995482845,213.3116100184,-409.8772976504
8920,108.4800000000,12916.9648379439,8611.6642183726,936.6776962357,1240.6779752696,2127.9449480661
8921,4.3400000000,377.3916845714,251.4264198626,755.0768121019,49.6310960085,-678.7426434017
8922,15.0900000000,1311.2068064970,874.1831784750,754.7330514445,172.5579276483,-490.2673510708
8923,26.4400000000,3149.3157517435,2099.5281480896,936.8966040123,302.3956237781,-189.5046241365
8924,119.3600000000,10379.1408918062,6919.2550746194,755.0768121019,1364.9694975990,1339.8395074859
8925,1.9000000000,277.9865463251,185.2481233465,1098.4202960231,21.7327304740,-1027.4146035185
8926,315.0800000000,45310.7350723420,30206.9221292543,1084.0440787886,3602.7337605689,10417.0351037302
8927,10.8400000000,945.6859860745,630.7376511455,756.5966414806,123.9872150240,-565.6355215756
8928,322.3500000000,38021.9457683458,25348.0280085278,930.4637478382,3685.6197540647,8057.8342579150
8929,51.6400000000,4478.4316176527,2985.5026564069,753.8312137160,590.4511346275,148.6466129022
8930,174.7500000000,25338.8932062102,16893.0782501462,1090.9087661794,1998.4668515695,5356.4393383152
8931,311.0300000000,44569.2722274890,29713.3030323316,1081.1023166841,3556.1914444137,10218.6754340595
8932,32.4400000000,4735.0297110031,3156.6685039595,1096.4346045105,371.0387407413,110.8878617917
8933,3.6600000000,534.8585073526,356.4377954912,1097.4304909789,41.8630264644,-960.8728055819
8934,75.1000000000,8963.6457085211,5975.4093243446,938.2513041608,858.9804681293,1191.0046118864
8935,60.3800000000,8762.2058656413,5841.4866529800,1091.5804976578,690.5255942857,1138.6131207178
8936,22.3600000000,1951.4126794054,1301.1528379503,756.7683859227,255.7579039475,-362.2664484151
8937,32.8900000000,4790.1769112102,3193.6813192677,1094.5951237908,376.1683358388,125.7321323128
8938,62.1700000000,9091.4343027009,6060.8157433191,1097.9977895315,711.1100320326,1221.5107378176
8939,69.6600000000,6068.2204929545,4045.4314794288,755.9089524359,796.6964210664,470.1836400234
8940,249.7200000000,35850.7189012203,23900.3867172185,1082.6437912211,2855.2954558325,8012.3929369482
8941,65.7000000000,7846.8728030910,5230.8649690521,938.6878670654,751.4815818848,925.8383850887
8942,42.4300000000,6208.5261496241,4139.0826494860,1098.5078760990,485.3272778199,485.6083462193
8943,93.1800000000,8085.4207984450,5390.4946645038,754.0882497416,1065.4523670490,875.3855171505
8944,38.3900000000,3337.0861143458,2224.7724325225,754.9124345824,439.0089830223,-81.6077357815
8945,27.1500000000,3244.5957012363,2163.1788614095,939.0835389281,310.5499786191,-168.2166777204
8946,41.8300000000,3643.1786741124,2428.7743886411,755.8173576902,478.4011679563,-19.8142401752
8947,242.0500000000,34995.7812262177,23330.2957960209,1088.4939688877,2767.9636452346,7809.0278160744
8948,28.0500000000,4099.1205276615,2732.6897654322,1097.4304909789,320.8354897065,-51.8352184562
8949,221.9400000000,26283.1345156076,17521.7670927063,933.0839460749,2537.8782585034,5290.4052183229
8950,40.8200000000,3562.7862234114,2375.1771406064,756.8108245191,466.9094211050,-36.1111628192
8951,24.0800000000,3518.2455744012,2345.8743698057,1097.2602780930,275.4254739647,-200.3145474622
8952,35.2800000000,3075.2983373042,2050.3182750285,756.2106627622,403.5103137278,-134.7409142144
8953,110.3400000000,15892.0962260157,10594.6931911345,1085.3172731391,1261.7019306919,2950.3838310503
8954,4.8200000000,418.9829401184,279.4400156792,754.9124345824,55.1191273292,-670.4886374724
8955,99.3700000000,11818.3098702869,7879.0081385438,935.9015508839,1136.4447691754,1866.9554116837
8956,2.4900000000,297.2420074557,197.9168640618,938.3519954833,28.4803230993,-867.5071751887
8957,26.9600000000,3216.7445482617,2144.1105584077,938.0257820855,308.3601865101,-173.7519787416
8958,6.9600000000,607.4963003503,404.8896176259,756.8298005211,79.6104232101,-633.8335410068
8959,175.2400000000,25466.4005687704,16977.2708199962,1092.7603591096,2004.1589990765,5392.2103905881
8960,50.7100000000,4421.4342850371,2947.7420884889,756.3298557505,579.9977431735,137.3645976243
8961,104.7600000000,12464.6540402233,8309.6645185210,936.1820858981,1198.1037248531,2020.7037109510
8962,148.4700000000,21441.0608365824,14293.8475808468,1087.5315179624,1697.7916181536,4361.8901196196
8963,67.7100000000,9900.0837093598,6600.0249374314,1097.8712831691,774.4748569580,1427.7126318013
8964,59.4900000000,7085.9604414228,4723.9383332017,936.8966040123,680.3901535007,744.7353507081
8965,14.7000000000,1756.4953626208,1171.3765418479,938.9903837852,168.1422952044,-522.0138582168
8966,287.1500000000,41147.3700933140,27431.1065644869,1081.1023166841,3283.1571657506,9352.0040463925
8967,15.6500000000,2284.9449574930,1523.5576995247,1096.6652581846,179.0009408422,-514.2789410585
8968,52.0400000000,7591.1965056234,5060.3584341501,1095.9158827522,595.2096737281,839.7125149930
8969,19.8700000000,1732.8569399250,1155.2495933016,756.4322921394,227.2669475503,-406.0918930662
8970,40.0800000000,4778.0509429362,3185.3319863750,937.4569555241,458.4096761398,196.8523248974
8971,56.4900000000,4927.4073372025,3285.0291305508,756.5205193927,646.1225918059,239.7350954531
8972,73.6400000000,10480.1392524517,6986.3984304616,1075.4639149027,841.8659242296,1576.4109828578
8973,88.1900000000,12787.6222709910,8524.8514083519,1090.9087661794,1008.5538863514,2163.3082101083
8974,207.5200000000,30064.0777563681,20042.2999094838,1090.1749041379,2373.1884750956,6558.4144676507
8975,293.5000000000,34575.4004804070,23049.8817297888,929.6388554362,3355.6346879793,7240.2452072027
8976,53.3900000000,4657.7652026306,3105.1699748700,756.5966414806,610.6713477979,185.3272384821
8977,0.9300000000,136.0176662509,90.2190509985,1098.1153248667,10.6375156830,-1062.9542252972
8978,392.3900000000,46225.0132691887,30816.6897039567,929.6388554362,4486.2606310603,9992.4240787355
8979,24.6300000000,3603.1787629900,2402.5854771421,1098.3260134850,281.7241313527,-179.4568589897
8980,38.8900000000,3392.7793356491,2261.6983230423,756.5966414806,444.8212908009,-70.3369196748
8981,64.6400000000,7654.9599670581,5103.4273085552,933.0839460749,739.1567569148,879.2919555132
8982,11.8100000000,1411.3692534659,940.6927232566,939.0835389281,135.0863811231,-603.4933898418
8983,33.4900000000,3998.4100908175,2665.5394105277,938.4454697809,383.0564419882,11.3687685207
8984,46.4700000000,5533.2905237763,3689.1539997591,936.6776962357,531.4740552247,375.9847725568
8985,84.3100000000,7349.1610776110,4899.4618520162,756.2106627622,964.2844260315,729.2041368010
8986,32.1700000000,3840.2712368875,2560.5494287998,938.3519954833,367.9566241381,-26.5868115338
8987,103.7600000000,9003.4692213635,6002.0811303974,754.0882497416,1186.4277484976,1060.8720927269
8988,105.1000000000,15313.8030000464,10209.1334863219,1094.9662915433,1202.0570336005,2807.6461885808
8989,223.8200000000,19431.1233720369,12954.1366010702,754.3228133681,2559.3087377874,3163.3552198113
8990,24.0600000000,2099.0041351431,1399.5657939618,756.5966414806,275.1967152653,-332.3550155647
8991,50.5900000000,4412.3714805704,2941.8048362820,756.4780410728,578.6362681922,135.4523350234
8992,172.0800000000,24971.8513640203,16648.2369609930,1091.5804976578,1967.9636347247,5264.0702706449
8993,51.7700000000,7569.4481410952,5045.8479986276,1097.8712831691,592.1512825981,833.5775767004
8994,68.9400000000,8216.3935552124,5477.3572196641,937.2848285391,788.4853653322,1013.2661416770
8995,247.0500000000,21382.2073254179,14254.9318767003,752.8992265782,2824.4480073872,3549.9282147521
8996,4.7900000000,417.7754376741,278.5640160611,756.4780410728,54.7868694335,-672.0534888933
8997,82.9200000000,7226.9623771434,4818.0557749790,756.1438402539,948.3783941594,704.3843677511
8998,11.2700000000,981.5592554924,654.1684599778,755.8173576902,128.8926885696,-557.3192507453
8999,48.9700000000,4269.7226767554,2846.2624428196,756.3298557505,560.0964204931,107.0339576923
9000,57.7500000000,8386.7305716103,5590.8341616496,1092.1959456200,660.4577379479,1043.2427263928
9001,98.9400000000,8620.4213787778,5746.9501302276,755.9935047728,1131.5818084949,985.8959352825
9002,100.8200000000,8752.7739181877,5835.3158744351,754.3228133681,1152.8438340797,1010.2913963048
9003,51.1400000000,4450.9371927967,2967.3773636079,755.4932545847,584.8539067865,143.2126678176
9004,15.4000000000,1833.7136661535,1222.4415620504,936.6776962357,176.1286948668,-501.5342869993
9005,28.3200000000,3383.6764411536,2256.0540973641,938.9383947274,323.9304279163,-135.2464788541
9006,51.1900000000,6116.6665042556,4077.7995404179,938.9903837852,585.5240878580,514.3524921945
9007,149.5000000000,21711.1033845150,14473.8319933996,1092.1959456200,1709.7563952070,4435.3190502884
9008,99.6000000000,8674.6496758688,5783.1275557615,755.8173576902,1139.1048608282,996.5999015889
9009,88.0200000000,7641.5310481936,5094.3233824433,754.3228133681,1006.4800067020,786.4048456802
9010,1.9100000000,166.7055778225,111.2027712889,756.8108245191,21.8470601252,-723.1550781107
9011,12.9100000000,1542.2175946011,1027.9890982897,938.8222665727,147.6665676941,-572.2603379554
9012,91.3700000000,7964.5694183527,5309.5255070219,756.2106627622,1045.0322382457,853.8010103228
9013,29.6900000000,4319.7764686464,2879.5737997169,1093.7544670621,339.5623993893,6.8858024781
9014,148.6700000000,17644.2670334936,11762.6558671416,934.5057179604,1700.1509317028,3246.9545166887
9015,94.0100000000,13678.0796839828,9118.6503657703,1093.7544670621,1075.1856236642,2390.4892274862
9016,44.0200000000,5257.5242129691,3504.7319953128,938.6878670654,503.5040979386,310.6002526522
9017,34.3700000000,4092.5155003700,2728.6642010053,936.6776962357,393.0872235437,34.0863795854
9018,68.2200000000,9960.3159744521,6640.4118601924,1096.6652581846,780.2839734349,1442.9548826402
9019,292.9600000000,41893.4408979676,27929.0271112579,1079.4039103234,3349.4607774801,9535.5490989062
9020,188.6500000000,27129.2058251787,18086.1571490881,1084.0440787886,2157.0893866044,5801.9152106976
9021,59.3600000000,5175.6327974720,3450.3079527558,756.3298557505,678.9324794869,290.0625094788
9022,45.4600000000,5428.2343215515,3618.6914816396,938.5322790142,519.9708150466,351.0397458510
9023,26.4200000000,2302.6573324183,1535.0549794701,756.1438402539,302.1726624902,-290.7141497958
9024,31.2600000000,4571.3082886027,3047.1504565858,1097.9977895315,357.5566929603,68.6033495251
9025,288.4100000000,34057.6070248748,22704.9952123922,931.2135751301,3297.6764472875,7123.7217900649
9026,26.8700000000,3892.7417565228,2595.4057436742,1090.1749041379,307.2839934745,-100.1228847638
9027,37.1000000000,4412.3910253360,2941.4963717230,935.9015508839,424.2940619544,110.6990407747
9028,29.6600000000,2584.6422445608,1723.3778943055,756.0716187804,339.2262949522,-234.0335634774
9029,48.4900000000,7041.9491847166,4694.7422751135,1092.1959456200,554.5557699237,700.4551940595
9030,23.9700000000,2090.4167513841,1393.3544713103,756.4322921394,274.1614862999,-333.5314983655
9031,25.3000000000,3021.7029211294,2014.6962368265,938.6878670654,289.3833184427,-221.0645012052
9032,54.5900000000,6506.1346704242,4337.7728316803,937.2848285391,624.3605467578,606.7164634470
9033,125.9600000000,18292.5122562777,12194.6417602532,1092.1959456200,1440.5412410721,3565.1333093324
9034,65.1500000000,5681.7126137954,3787.6313001757,756.4322921394,745.1656584247,392.4833630556
9035,19.8900000000,1726.7672409517,1151.1847643443,754.3228133681,227.4356661361,-406.1760028968
9036,42.6700000000,3722.8196505767,2482.0501259551,756.6307199789,488.0588358566,-3.9200312140
9037,47.4600000000,5632.5883729710,3755.1335785773,934.5057179604,542.7400498999,400.2090265335
9038,40.2100000000,3502.7726962633,2335.1677645483,755.9089524359,459.8788844542,-48.1829051751
9039,115.0800000000,16734.1459388217,11156.2019960454,1093.2784533794,1316.1464596798,3168.5190297170
9040,4.6900000000,409.3771520402,272.7661356058,756.8474066171,53.6456500819,-673.8820402646
9041,20.9700000000,1829.2876883839,1219.2914634320,756.5599770292,239.8523595952,-386.4161116725
9042,128.6400000000,18716.6064306728,12478.1531321067,1093.7544670621,1471.2464485498,3673.4523829542
9043,91.5200000000,10904.4431001146,7269.3990476712,937.0984891794,1046.7292823340,1651.2162809300
9044,24.0000000000,3506.5570508982,2337.5850610785,1097.2602780930,274.5104391674,-202.7987274407
9045,50.3100000000,4363.0885879959,2908.9513062427,753.8312137160,575.2439307341,125.0621373031
9046,10.7200000000,1280.4768300538,853.8574820274,938.7575205857,122.6166070978,-634.7547796572
9047,36.3200000000,5313.9322960671,3542.8703590018,1098.4202960231,415.4383004296,257.2033406127
9048,12.9000000000,1534.8800794089,1023.2969659306,936.1820858981,147.5328183525,-572.1317907723
9049,14.1200000000,1686.9164954182,1124.3327868182,938.8824522502,161.5072273586,-537.8059710088
9050,58.0900000000,5066.0120604049,3377.5617880496,756.4322921394,664.4155502363,267.6024299796
9051,83.5900000000,7263.3384330738,4842.5147123420,754.7330514445,955.8725760184,710.2180932690
9052,49.5600000000,5917.0261003558,3944.9983275810,938.4454697809,566.8640568807,466.7182461131
9053,133.3200000000,15800.7807202382,10534.1088118784,933.6011095794,1524.5475754848,2808.5232232955
9054,35.0200000000,4150.4901051811,2766.9328961782,933.6011095794,400.4624669478,49.4936324757
9055,25.3300000000,2209.0219571364,1472.7227639799,756.4322921394,289.7167479340,-309.8498469168
9056,52.3400000000,7637.4149820302,5091.7518305315,1096.1853728800,598.6450224323,850.8327561864
9057,44.7100000000,5333.5756974743,3555.8662781088,937.8995482845,511.3759830521,328.4338880289
9058,32.5400000000,3887.5540198944,2592.0810273507,938.8824522502,372.1986670149,-15.6081267214
9059,40.9500000000,3573.4322845466,2382.2339260000,756.7192474217,468.3908638670,-33.9117527420
9060,31.4600000000,4600.5553026053,3067.2415584974,1097.9977895315,359.8443237534,75.4716308230
9061,53.7600000000,7844.6203560172,5229.9413374144,1096.1853728800,614.8864426052,903.6072031176
9062,47.4800000000,5667.8917726894,3778.9751231803,938.3519954833,543.0705786160,407.4940754097
9063,68.0000000000,8106.4736556802,5404.6206654068,937.4569555241,777.7409675026,986.6550672468
9064,23.4300000000,2793.1570257733,1862.4618718149,937.4569555241,267.9775127733,-274.7393143390
9065,20.5900000000,2446.4502178091,1630.8819877835,935.2637903541,235.4702859732,-355.1658463017
9066,132.9400000000,11563.7538836269,7709.1826639457,755.2275891446,1520.2952769815,1579.0483535550
9067,5.1000000000,445.0428486249,296.9722509377,756.7192474217,58.3343933021,-666.9830430366
9068,84.0100000000,7309.7609945426,4873.2449983902,755.3660261078,960.7507879848,720.3991820597
9069,45.1900000000,6574.9645880139,4383.3512284580,1093.7544670621,516.8347870800,581.0241054138
9070,88.4900000000,12923.0871776942,8615.7486886009,1096.8788562489,1012.1329111153,2198.3267217291
9071,195.5500000000,28302.6496380745,18868.7819068390,1089.3723944003,2236.2582544863,6108.2370823490
9072,30.1300000000,4402.1901643151,2934.4152894390,1097.2602780930,344.6249805048,25.8896162784
9073,27.7900000000,2418.6848765706,1612.5243936693,755.4932545847,317.8156055846,-267.1483772680
9074,98.3700000000,14096.0013793463,9397.2795734784,1081.1023166841,1124.7228639905,2492.8966251933
9075,80.7800000000,9632.3321995416,6421.2735584089,937.6160751321,923.9178340920,1349.5247319086
9076,46.5300000000,5549.5446323265,3699.7190342345,937.7632772109,532.1888185735,379.8735023076
9077,61.3400000000,8894.3502676334,5929.3585911109,1090.9087661794,701.4933143077,1172.5895960354
9078,42.7200000000,6237.2427210289,4158.6417710296,1096.6652581846,488.6210985802,493.3145932346
9079,68.6400000000,5979.3662738500,3986.2300431444,755.9089524359,785.0307542635,452.1965240062
9080,100.9200000000,14633.4827031229,9755.4730027334,1090.9087661794,1154.1360495588,2632.9648846514
9081,54.2600000000,7906.0604260944,5270.9476669928,1094.9662915433,620.5862477941,919.5602197642
9082,31.9800000000,3819.9299463731,2546.4152126735,938.7575205857,365.7909603532,-31.0337472394
9083,74.2600000000,6452.6320378043,4301.9014309166,754.7330514445,849.1816903353,546.8158651079
9084,41.5100000000,3623.1568143020,2415.4716229602,756.8298005211,474.8029694612,-23.9475786406
9085,25.2400000000,3683.0025629813,2455.5212376885,1096.1853728800,288.6855247648,-157.3895723520
9086,3.9500000000,344.7263007000,229.9711992656,756.7683859227,45.1808461804,-687.1941306687
9087,57.9100000000,6857.9630521710,4571.8202972474,933.0839460749,662.1993779847,690.8594308639
9088,46.5500000000,5563.0176756003,3708.8986225316,939.0835389281,532.4530940965,382.5824200442
9089,3.5600000000,520.8590025881,347.3402312747,1098.4202960231,40.7202739408,-965.6217986505
9090,114.0300000000,9927.0199430834,6618.1679876570,755.6102914559,1304.1038243843,1249.1378395861
9091,38.6000000000,3363.6948968323,2242.7520542332,756.0716187804,441.4745443411,-76.6033205224
9092,76.3300000000,6601.0337350164,4400.6595845163,752.5246171233,872.6184953347,575.2310380421
9093,43.2700000000,3776.0889486487,2517.3559728252,756.7447129152,494.9289220854,7.0593408229
9094,77.8000000000,9280.9704599306,6187.3564168350,937.8995482845,889.8468235619,1265.8676712492
9095,180.1900000000,21338.9114552011,14225.8036225977,933.0839460749,2060.4680697474,4119.5558167811
9096,194.8600000000,23094.3604196341,15396.0051865915,933.6011095794,2228.2728814805,4536.4812419827
9097,27.3700000000,3965.1783355426,2643.4688130015,1090.1749041379,313.0019687903,-81.4673503871
9098,113.6400000000,16534.1663151559,11022.3686000276,1093.7544670621,1299.6925249782,3118.3507230880
9099,121.6100000000,10574.7932628397,7049.9968129479,755.0768121019,1390.6999045159,1379.0197332740
9100,3.5700000000,311.1463541534,207.2884461328,756.1438402539,40.8310524258,-693.1169846591
9101,77.2100000000,11269.7794077234,7513.4761515969,1096.4346045105,883.1042285030,1776.7644231129
9102,73.8800000000,6416.9102539844,4277.8124488255,754.5370947577,844.8159220431,539.7447883581
9103,36.1900000000,4295.0563257021,2863.5036877735,934.5057179604,413.8593005874,83.1876193808
9104,46.6900000000,6830.3863761267,4553.5285851072,1098.3260134850,534.0519566730,644.4798208616
9105,14.5400000000,1268.2687676213,845.5308969029,756.5205193927,166.3059388362,-500.0885875105
9106,79.2700000000,11584.2169065143,7722.8189023085,1097.4304909789,906.6891005004,1857.2784127264
9107,121.8500000000,17493.2328132055,11661.7404154704,1082.6437912211,1393.2314243680,3355.6171821460
9108,1.3500000000,197.4945728801,131.8126695689,1098.3260134850,15.4416393555,-1048.0857495293
9109,16.0400000000,2339.7923126479,1559.6226659576,1095.9158827522,183.4581699961,-499.2044060579
9110,5.7100000000,498.4101360660,332.1805413813,756.8474066171,65.3127211018,-655.9305330342
9111,39.9800000000,4777.5378317997,3184.7334098273,939.0386843848,457.3024022900,196.4633352975
9112,103.8300000000,15140.6518101565,10093.3373104409,1095.6242774865,1187.5512343869,2764.1389878422
9113,151.1100000000,13130.3154757959,8753.3341949934,754.7330514445,1727.9806790543,1894.2675503038
9114,111.7900000000,9738.2481898848,6492.4241791808,755.9089524359,1278.5342077378,1211.3808505304
9115,45.5000000000,3970.4803161629,2646.9265844445,756.7192474217,520.4342931855,46.4001911113
9116,259.4200000000,30666.1440710324,20444.4519171730,931.8958594654,2966.2980581655,6323.4982362285
9117,57.2400000000,8372.7575100395,5582.3244284039,1098.2245360874,654.7237886273,1037.4847569208
9118,53.4200000000,6380.8836064807,4254.1301767284,938.7575205857,611.0241745488,576.9717346177
9119,57.0100000000,4961.8288885674,3308.1686014452,755.4932545847,651.9851628060,246.1818697315
9120,117.1500000000,13949.3218175252,9299.2875970259,936.6776962357,1339.8361430940,2373.5203811696
9121,25.5200000000,3649.3740159617,2432.8420828622,1079.4039103234,291.7744369241,-154.6464141480
9122,8.3000000000,1208.8315099740,805.4859964525,1094.5951237908,94.9284641977,-786.1780744670
9123,96.2900000000,11472.7800055730,7648.4185167343,937.0984891794,1101.2845563368,1785.9784433225
9124,133.7300000000,15889.4505890047,10593.2518105570,935.2637903541,1529.3560632926,2831.5789248009
9125,109.9900000000,13105.1103210403,8736.8846843000,937.0984891794,1257.9737080848,2173.1534394761
9126,230.1200000000,19956.9458531030,13304.6246585520,753.8312137160,2631.1892931931,3267.3006876420
9127,264.5200000000,38098.3985291433,25399.1982462958,1085.3172731391,3024.6999701524,8589.1830395560
9128,90.5400000000,7880.0909940518,5253.1722515411,755.4932545847,1035.4453015340,835.9801863920
9129,19.1800000000,2284.5641497140,1523.1870878297,936.8966040123,219.3626347982,-394.8821769261
9130,113.3000000000,16527.3359740032,11018.3414242471,1095.9158827522,1295.8734825786,3117.2051844254
9131,105.5800000000,9189.0877750386,6125.9302996611,755.4932545847,1207.4477019655,1100.2165188272
9132,149.7500000000,21775.6200411761,14516.7093251294,1093.2784533794,1712.6601697694,4452.9720928979
9133,231.6300000000,27430.6679636397,18287.2811889896,933.0839460749,2648.6831621932,5561.6196663820
9134,189.9100000000,27390.6972268939,18260.8650727553,1086.4759890134,2171.6160226746,5871.7401424507
9135,18.0900000000,1564.4268343567,1042.8103280844,752.5246171233,206.8081826360,-437.7162934870
9136,2.2200000000,193.7540301508,129.1598898103,756.7903865069,25.3928513409,-717.5890975073
9137,26.3700000000,2301.3753289768,1534.1499740483,756.7683859227,301.6250414623,-291.1680724565
9138,115.4400000000,13729.5530987815,9152.7811209418,935.9015508839,1320.2292860381,2320.6411409177
9139,23.2500000000,2029.4283123528,1353.0280587970,756.8474066171,265.9405894252,-346.3877424865
9140,50.1400000000,4373.8905434224,2916.2034682721,756.5599770292,573.4953414450,127.6317566762
9141,165.5600000000,19589.4554131131,13059.4933391338,932.5173167244,1893.1246297385,3704.3201275163
9142,56.8100000000,4949.7285074628,3299.9821982889,755.9935047728,649.7388572932,244.0139471078
9143,9.0000000000,784.9642879054,523.3626968421,756.4780410728,102.9398381840,-597.8162881936
9144,72.7800000000,6341.1589644982,4227.7130427135,755.9935047728,832.3885589474,525.0638580645
9145,7.2800000000,633.7692290244,422.4362545313,755.6102914559,83.2577027231,-627.5350196860
9146,79.0700000000,11482.9227064455,7655.7415523634,1092.1959456200,904.2838673513,1830.7013411108
9147,20.8900000000,3055.6761772314,2036.7101362809,1098.2245360874,238.9444434735,-318.2029386104
9148,94.8500000000,13840.4434666711,9226.8070749507,1096.1853728800,1084.8582418361,2432.5927770043
9149,53.7700000000,7861.8741847922,5240.9912913922,1097.8712831691,615.0275152656,907.9840949653
9150,2.7000000000,235.5971080314,157.0062024662,756.6918581469,30.8828047350,-708.9837573167
9151,63.0500000000,9221.4127495919,6147.7839037531,1098.1153248667,721.1778105497,1254.3357104224
9152,11.9900000000,1432.4453810244,954.9772206029,938.8824522502,137.1438849880,-598.5581768166
9153,15.2900000000,1826.1595914652,1217.2123097493,938.6878670654,174.8881794067,-504.6287647563
9154,46.8600000000,5591.1220152650,3727.3445137882,938.0257820855,535.9702648317,389.7814545595
9155,28.7800000000,3439.1580490044,2292.4957655192,939.0386843848,329.1936752853,-121.5700761849
9156,298.0800000000,25778.0182855192,17185.5142068312,752.5246171233,3407.7049795541,4432.2744820105
9157,113.6300000000,16365.9497386457,10910.4290809365,1085.3172731391,1299.3220081976,3070.8813763726
9158,202.4300000000,17533.2022858636,11688.5320978236,753.2396180813,2314.4161154605,2777.0144544982
9159,65.3900000000,9496.2478281835,6331.0839809621,1092.1959456200,747.8325798166,1325.1353217847
9160,266.0800000000,23029.2561228382,15352.9468996353,752.8992265782,3042.0122477458,3881.3977488789
9161,178.6800000000,25860.9943100545,17240.3801806323,1089.3723944003,2043.3373812918,5487.9043537301
9162,138.9500000000,20192.6293028455,13461.5913476150,1092.7603591096,1589.1228767501,4049.1547193709
9163,33.5000000000,3973.1959660862,2648.9637333640,934.0736028865,383.0893704415,7.0692593941
9164,51.2000000000,7473.2898028162,4982.0902266965,1096.4346045105,585.6098497520,809.1551218571
9165,55.2200000000,6597.6911398483,4398.3957906273,938.9383947274,631.6185815514,628.7383729423
9166,78.5800000000,9336.6711080834,6224.2835497058,935.2637903541,898.6525047000,1278.4712633234
9167,149.0400000000,12889.0091427596,8592.7571034156,752.5246171233,1703.8524897770,1839.8749324436
9168,92.2000000000,10991.4245743194,7328.0041872343,937.4569555241,1054.5252529961,1671.4381785648
9169,324.3800000000,38101.5804047670,25401.4123422313,927.7291392802,3708.3713810647,8064.0675421908
9170,31.8200000000,4655.0202289217,3103.5892198494,1098.3260134850,363.9651587350,89.1398368524
9171,263.4300000000,37941.4075477553,25293.9529496952,1085.3172731391,3012.2361754773,8549.9011494438
9172,39.4700000000,4716.2497933770,3144.2212439075,938.9903837852,451.4677817495,181.5703839347
9173,192.0100000000,22787.8907183770,15192.0016010022,934.5057179604,2195.7757476038,4465.6076518106
9174,12.6000000000,1841.6630096052,1227.8688406803,1097.5884505866,144.1192063137,-627.9134879755
9175,80.4600000000,11753.1599129036,7835.8724728410,1097.0767788299,920.2918861720,1899.9187750608
9176,45.7600000000,3994.2640676673,2662.8456406663,756.8474066171,523.4168332085,51.1541871754
9177,38.1500000000,4556.4413613078,3037.7841695900,938.6878670654,436.3625928296,143.6067318228
9178,4.2800000000,510.0981203410,340.0372770597,937.2848285391,48.9515138326,-816.1754990904
9179,194.0800000000,28116.9825123165,18744.5970376467,1090.1749041379,2219.4892986052,6062.7212719266
9180,21.0200000000,1832.5209592048,1221.7261083842,756.2725330342,240.4153611366,-385.8930433501
9181,52.4800000000,4577.2139810305,3051.5421759424,756.4780410728,600.2536342108,168.9401298044
9182,125.1100000000,10843.4652360772,7229.0221179635,753.5492527343,1430.4572279542,1430.4366374252
9183,148.3500000000,21558.6653981802,14372.3891383873,1092.7603591096,1696.6274110534,4396.8884896298
9184,15.9600000000,2329.5645557216,1553.1212447596,1096.4346045105,182.5455703524,-502.5368639009
9185,108.0400000000,12837.0316431322,8558.3898808455,935.2637903541,1235.5614228530,2107.8165490796
9186,57.8400000000,5046.6953889846,3364.7453313248,756.6624014288,661.5757851735,263.7118710575
9187,86.5700000000,10300.3541453048,6867.1856629321,936.1820858981,990.0710143235,1506.9153821511
9188,16.3200000000,1418.6310337620,945.7969761448,754.9124345824,186.6274186748,-468.7057956400
9189,43.9600000000,6428.4936777663,4286.1017411317,1097.9977895315,502.8212483216,541.5728987814
9190,51.7900000000,7568.3940152438,5045.5750161749,1097.4304909789,592.3732624564,833.0152456336
9191,52.0500000000,7615.3682822218,5076.9563804650,1098.4202960231,595.3624321960,844.6291735377
9192,34.9800000000,3049.5520053752,2032.8305786807,756.2725330342,400.0822708163,-139.6333771560
9193,160.1700000000,23224.7812580182,15483.4571511274,1090.9087661794,1831.7278146832,4818.6875260283
9194,120.9300000000,17519.5110017232,11679.3258465337,1090.1749041379,1382.9495098945,3367.0607411570
9195,184.2800000000,26643.3487476447,17762.2061072331,1088.4939688877,2107.3346025360,5685.3140689879
9196,64.2000000000,9300.8567461393,6200.1359432216,1090.1749041379,734.1880305567,1276.3578682230
9197,40.4400000000,5872.8897717043,3915.5319389950,1092.1959456200,462.4919640279,402.6699230613
9198,33.3500000000,3984.6613457795,2656.3217597997,938.9383947274,381.4646811796,7.9365100727
9199,249.3900000000,29480.4936777225,19653.3727619740,931.8958594654,2851.6115670569,6043.6134892261
9200,28.2900000000,3380.6039335071,2254.0740487786,939.0386843848,323.5889184789,-136.0977181352
9201,51.2600000000,4472.2693997788,2981.3337258217,756.6307199789,586.3111302088,147.9938237694
9202,28.0300000000,2446.2476477519,1630.9799526865,756.7683859227,320.6124350469,-262.1131259042
9203,17.1100000000,1492.9875994140,995.4861347859,756.6918581469,195.7054774132,-454.8958709320
9204,18.6700000000,2728.8768562959,1819.0649491560,1097.5884505866,213.5480620538,-401.3246055005
9205,241.8600000000,28590.3693046792,19060.0633955748,931.8958594654,2765.5109411299,5832.8991085092
9206,302.7100000000,35783.4726379701,23855.9807739685,931.8958594654,3461.2908996503,7534.3051048860
9207,244.3900000000,21167.5112712651,14111.7643620066,753.2396180813,2794.1518275818,3508.3554635955
9208,93.2600000000,8126.8960123984,5418.0168047001,756.0716187804,1066.6299483225,886.1776405954
9209,514.2400000000,73184.5031121773,48789.3113532236,1075.4639149027,5878.8855632243,17440.8422808268
9210,78.1900000000,11261.5824171848,7507.4978241814,1085.3172731391,894.0771611455,1774.6901587188
9211,2.3100000000,336.0957777896,223.9668510891,1093.7544670621,26.4193042300,-1008.0448445916
9212,17.6800000000,2576.0993058118,1717.0511339446,1094.9662915433,202.2109262993,-438.1290459754
9213,81.5400000000,7090.4419262557,4726.8166934173,755.0768121019,932.4699466674,676.0784740690
9214,100.2300000000,11934.6182310760,7956.7848101313,936.6776962357,1146.3233173053,1894.8324074037
9215,118.0800000000,17159.7385252249,11439.6202521004,1092.7603591096,1350.4399372915,3276.9179767234
9216,33.5800000000,4907.2537368582,3271.3068786189,1097.4304909789,384.0875488180,154.4288184424
9217,86.3300000000,10251.8648039720,6834.4415770138,934.9012987172,987.2656180368,1495.2563102042
9218,23.5400000000,2806.2704390399,1871.1649646738,937.4569555241,269.2356231619,-271.5871043200
9219,164.7300000000,14293.9618816038,9529.3705150859,754.0882497416,1883.5798285468,2126.9232882296
9220,48.5000000000,7079.1905358708,4719.8749516072,1096.4346045105,554.7280803315,708.1528994216
9221,11.8100000000,1727.9058484734,1152.0117670610,1098.4202960231,135.0860773148,-657.6122919255
9222,194.6000000000,22924.6096541301,15283.0737556208,929.6388554362,2224.8944132224,4487.0026298507
9223,152.8100000000,18156.4865363479,12104.4360377692,935.2637903541,1747.5577658846,3369.2289423400
9224,245.3200000000,28969.2179721309,19312.6018100701,931.2135751301,2804.9859091175,5920.4166778133
9225,76.4000000000,9115.7004260829,6077.3464834338,938.0257820855,873.8396976769,1226.4884628867
9226,89.9300000000,13122.5206215891,8748.4587818945,1096.1853728800,1028.5851522226,2249.2913145920
9227,202.1100000000,23953.6137966347,15969.1555722284,933.6011095794,2311.1784464539,4739.6786683729
9228,48.7600000000,4235.0912829491,2823.1096564295,754.5370947577,557.5693605687,99.8751711931
9229,141.0300000000,20312.3285368406,13541.5614959533,1085.3172731391,1612.6320761780,4072.8176915703
9230,27.0500000000,2360.0251124467,1573.2821348312,756.6307199789,309.3975043337,-279.2852466972
9231,122.8400000000,14569.1758947470,9712.8670223348,934.0736028865,1404.7372616427,2517.4980078829
9232,65.5000000000,9543.8068173458,6362.4065273297,1094.9662915433,749.1411579527,1337.2928405201
9233,56.2400000000,8201.0041202273,5467.7185665256,1095.6242774865,643.2426218041,994.4186544111
9234,145.1500000000,17099.2142409917,11399.6697685368,929.6388554362,1659.5242758439,3110.3813411747
9235,111.3500000000,13099.2247929187,8733.0940382815,928.7304688664,1273.0309071952,2164.3693785756
9236,95.9800000000,8318.7258681056,5545.5512137802,753.5492527343,1097.3965689317,922.2288326593
9237,375.2400000000,44204.6789651377,29470.0254181131,929.6388554362,4290.1818068734,9514.8328847150
9238,24.7100000000,2155.5411912239,1436.7447180568,756.5599770292,282.6300336479,-320.3935375100
9239,56.6900000000,6759.8033225057,4506.4464818654,937.6160751321,648.3894777751,667.3512877331
9240,22.8600000000,3317.3902962663,2211.4199471996,1091.5804976578,261.4344995921,-247.0446481831
9241,15.3400000000,2239.0676870156,1492.6100274313,1096.4346045105,175.4542010781,-525.4311460043
9242,66.0600000000,7888.9761454162,5259.2698144592,938.6129255746,755.5964102448,935.4969951376
9243,59.2200000000,5162.7921600434,3442.1245958210,756.2725330342,677.3262457902,287.0687853980
9244,156.6100000000,13596.2301460759,9063.9260181134,754.3228133681,1790.7842973143,1987.1970172801
9245,17.7700000000,2121.8593025510,1414.5277534196,938.5322790142,203.2530000743,-434.4537299570
9246,88.4400000000,10518.3790372162,7012.3172433040,935.9015508839,1011.4438501145,1558.7163929138
9247,60.6700000000,8873.3245284336,5915.7920583285,1098.1153248667,693.9549209524,1165.4622242861
9248,165.0000000000,14331.2153750329,9554.1920687025,754.5370947577,1886.7708058623,2135.7154057105
9249,58.6000000000,8521.2109142766,5680.4514750506,1093.2784533794,670.1962333789,1077.2847524677
9250,317.1200000000,45441.9432491442,30295.0393868803,1081.1023166841,3625.8220456306,10439.9794999492
9251,48.9900000000,4268.3893606865,2845.4563483359,755.9935047728,560.3011198521,106.6383877258
9252,19.7100000000,1717.5758139006,1144.9839434769,756.0716187804,225.4265095586,-408.9062579153
9253,36.0900000000,4301.2712997913,2867.3413633141,937.2848285391,412.7710593972,83.8740485410
9254,34.9600000000,5114.9524523818,3409.7232703465,1098.4202960231,399.8822407218,206.9266452904
9255,145.9100000000,17353.4224934443,11569.0102834285,935.9015508839,1668.6993687268,3179.8112904050
9256,240.2100000000,20843.5171710074,13895.8134227446,754.0882497416,2746.6442701100,3446.9712284112
9257,15.4200000000,1842.0600548993,1227.7405344503,938.8222665727,176.3763341474,-500.8790802711
9258,119.3800000000,10324.0063839415,6882.5481653572,752.5246171233,1364.7739548415,1324.1596466195
9259,52.6000000000,7694.0434141872,5129.0322334390,1098.2245360874,601.6504416806,865.1362029802
9260,83.4700000000,9856.7610636465,6571.0927320570,931.2135751301,954.3949691588,1400.0597873006
9261,101.5900000000,14795.8063973804,9863.6706232251,1094.5951237908,1161.9015274510,2675.6391229134
9262,50.2800000000,4384.9042244303,2923.3987799960,756.4322921394,575.0871727643,129.9859795307
9263,175.5300000000,25472.5073798610,16982.0361983061,1091.5804976578,2007.4189725896,5391.4717113075
9264,71.5400000000,8530.5403015004,5686.7062747349,937.6160751321,818.2357248198,1087.9822268137
9265,295.8900000000,34856.9514417295,23237.7883743251,929.6388554362,3382.9599585219,7306.5642534463
9266,208.8000000000,30115.1997313225,20077.2211013064,1086.4759890134,2387.6226925093,6563.8799484933
9267,98.4000000000,8566.3313373621,5710.7123297750,755.6102914559,1125.3513664774,974.6573496539
9268,160.3800000000,23306.9009542308,15538.2103105759,1092.7603591096,1834.2103416565,4841.7199428888
9269,57.3700000000,5002.6929149635,3335.0684545368,756.3829978112,656.1762502281,255.0652123874
9270,87.3600000000,10398.4152545388,6931.9425981391,936.4401288793,999.1184803409,1530.9140471795
9271,78.6200000000,6845.9413400338,4563.9865625268,755.7180513530,899.1496262691,627.0870998850
9272,109.9200000000,16001.2970361247,10667.4880355255,1094.1922130533,1257.1606265389,2982.4561610069
9273,211.5500000000,30469.2129473774,20312.3422439300,1085.3172731391,2419.0052876370,6652.5481426714
9274,14.9900000000,1308.0002405152,871.8855073125,756.6918581469,171.4567566583,-492.0338816025
9275,49.3100000000,5890.5305646616,3926.8209157417,938.8222665727,564.0153720368,460.8720103104
9276,22.6800000000,3314.3691111359,2209.9143320452,1097.4304909789,259.4135082547,-252.3892201429
9277,54.1800000000,6463.2773717100,4308.7855529285,937.8995482845,619.6902429381,596.9020275589
9278,82.2400000000,11902.8888071350,7935.2274594515,1089.3723944003,940.4749621527,1937.8139911306
9279,44.8500000000,3914.3550685863,2609.6168645765,756.7903865069,513.0042264140,34.9435910889
9280,190.8200000000,16580.8139705604,11053.8162436119,754.7330514445,2182.0744701021,2590.1902054019
9281,43.0900000000,3759.7182626443,2506.2506377358,756.6624014288,492.8648095285,3.9404139513
9282,55.6000000000,4849.3349341710,3233.0308530732,756.4780410728,635.9394447813,223.8865952438
9283,226.8000000000,19657.0850894597,13104.6656658973,753.5492527343,2593.1396315244,3205.7305393037
9284,70.0300000000,10215.4398787242,6810.7263182464,1095.9158827522,800.9710501763,1507.8266275492
9285,66.7300000000,7963.3285268597,5308.6001101316,938.1427889439,763.2417113355,953.3439164486
9286,25.1300000000,2980.4899888879,1986.7228000230,934.0736028865,287.3742053491,-227.6806193707
9287,89.2400000000,10645.6787126505,7096.8232636469,937.8995482845,1020.6931945329,1590.2627061861
9288,94.4200000000,13502.1118568614,9001.5157065901,1079.4039103234,1079.5196839489,2341.6725559990
9289,17.8200000000,2601.7711912157,1734.3644252451,1096.6652581846,203.8208796044,-433.0793718183
9290,26.2500000000,2286.2405019233,1524.0733269696,755.8173576902,300.2158895255,-293.8660722621
9291,259.6200000000,37271.9992036473,24848.1606732461,1082.6437912211,2968.4919359412,8372.7028032389
9292,23.8800000000,2084.3407546502,1389.3814961000,756.8298005211,273.1461072208,-335.0166491916
9293,52.4100000000,7666.2512421588,5110.4037870706,1098.2245360874,599.4771796289,858.1457393719
9294,7.7100000000,1116.9720484850,744.9775745731,1090.1749041379,88.1711793706,-806.3516095967
9295,8.0800000000,1181.4012165356,787.5425743714,1097.8712831691,92.4199799767,-796.4326209816
9296,46.7600000000,6836.9209016344,4557.9897667161,1097.8712831691,534.8463197660,646.2135319832
9297,126.6800000000,11007.5333497044,7338.5377350930,754.7330514445,1448.6175132195,1465.6450499474
9298,83.5400000000,7275.9059630731,4850.5895383463,755.8173576902,955.4299204176,714.0691466191
9299,113.6800000000,16396.0531870533,10930.5711003881,1086.4759890134,1299.9279103662,3079.0781872856
9300,51.4000000000,6138.9537607135,4092.3517310538,938.6878670654,587.9170975476,519.9970650466
9301,79.2600000000,6901.6701934760,4600.8523667475,755.7180513530,906.4690839238,638.6306914517
9302,18.8400000000,2755.4546582444,1836.6021096118,1098.1153248667,215.4954789969,-394.7582552310
9303,105.5300000000,15388.5484496371,10259.3851627866,1095.6242774865,1206.9949124998,2826.5440968642
9304,59.3400000000,5176.0019718463,3450.8988280293,756.5205193927,678.7203858694,289.8622385549
9305,26.9900000000,2354.7903062823,1569.6901664868,756.6307199789,308.7112252114,-280.2418053948
9306,275.2900000000,23807.1345069128,15871.5731934449,752.5246171233,3147.1655388535,4035.8711574912
9307,15.5000000000,1349.3712980601,899.6327642796,755.6102914559,177.2657132154,-483.1374708909
9308,35.7300000000,4268.6633414513,2846.1143766736,938.8824522502,408.6864896263,74.9800229012
9309,38.4400000000,3353.9932702726,2236.2402099134,756.6624014288,439.6779595794,-78.5873006489
9310,14.2600000000,1238.5644318059,825.9753143265,754.5370947577,163.0627375248,-505.0107148032
9311,63.7800000000,5562.2353109420,3708.2630075062,756.4322921394,729.4960198669,368.0439914296
9312,539.8000000000,76822.0962584655,51214.3422133838,1075.4639149027,6171.0921496353,18361.1979805438
9313,138.8200000000,12031.7308294480,8021.2437199321,753.5492527343,1587.2118326641,1669.7260241175
9314,11.7100000000,1677.9930482072,1118.7237587474,1081.1023166841,133.8874121920,-655.7204394163
9315,15.9600000000,1387.8274851979,925.2492250945,755.0768121019,182.5143530637,-475.0129050621
9316,59.5900000000,8502.0067064241,5667.9840788740,1077.5309870471,681.2744657365,1075.2171747665
9317,115.0800000000,16734.1459388217,11156.2019960454,1093.2784533794,1316.1464596798,3168.5190297170
9318,20.0400000000,2394.3812104774,1596.5221535783,938.9383947274,229.2219553475,-370.3012931758
9319,143.1900000000,20779.4014226759,13852.6683484954,1091.5804976578,1637.5680663425,4197.5845101801
9320,384.2700000000,54825.7445389761,36550.5515366640,1077.5309870471,4393.2428083331,12804.4192069319
9321,126.1600000000,18321.5572106382,12214.1220186562,1092.1959456200,1442.8285405975,3572.4107057646
9322,29.2600000000,2538.9505533645,1692.5299870078,754.0882497416,334.5689660856,-242.2366494705
9323,303.0700000000,43428.6381827640,28952.5708763834,1081.1023166841,3465.1800181927,9929.7849715039
9324,29.7500000000,2596.3563153985,1730.8358681571,756.7683859227,340.2861199659,-231.5340586472
9325,164.2200000000,19392.3242107588,12928.4913915269,931.2135751301,1877.6894912574,3654.9297528444
9326,117.7500000000,10231.5839274368,6820.9292741539,754.7330514445,1346.5007276728,1309.4208741656
9327,9.1800000000,1339.5389670431,892.9168137049,1096.1853728800,104.9973501324,-754.5605696742
9328,91.2300000000,7949.9970320728,5299.9772228984,756.0716187804,1043.4125046693,850.5356857247
9329,196.4300000000,16987.3058636089,11324.9201629968,752.5246171233,2245.6236216244,2664.2374618644
9330,26.9700000000,3219.5248759358,2146.1609946703,938.3519954833,308.4796441717,-173.4677583896
9331,4.3100000000,376.0827909687,250.5418124461,756.6918581469,49.2981068177,-680.4489864420
9332,103.5700000000,8991.5175035380,5994.0999798619,754.3228133681,1184.2891876179,1058.8055226901
9333,2.8600000000,249.5426834802,166.1602632753,756.6624014288,32.7127722268,-705.9927534507
9334,140.7300000000,20405.9653270956,13603.9623524356,1090.9087661794,1609.4090988348,4101.6851096459
9335,36.7300000000,3203.5264771961,2135.6574564687,756.4780410728,420.1089173888,-108.7179377342
9336,74.6000000000,6489.0630338391,4325.8127661994,755.2275891446,853.1219171267,554.9007613684
9337,202.1200000000,17506.3520526540,11670.7142135282,753.2396180813,2310.8718335072,2771.5263875373
9338,338.8600000000,48730.4674578323,32486.6898371226,1084.0440787886,3874.6425101764,11285.0910317448
9339,93.6800000000,8146.0951637433,5430.8106690326,755.0768121019,1071.2997866544,888.9078959543
9340,172.4900000000,14939.9894397501,9960.1973211637,753.2396180813,1972.1070777838,2254.4454227213
9341,91.1900000000,13252.0033546347,8834.7385704916,1092.7603591096,1042.9083492684,2281.5960757651
9342,89.8200000000,13012.5070551127,8675.3840135775,1090.1749041379,1027.1770857415,2219.7710516557
9343,6.2900000000,548.7421450561,365.7531941554,756.5966414806,71.9446109318,-645.5523015117
9344,31.7300000000,3789.2402829860,2525.9770996832,938.6129255746,362.9287632012,-38.2785054729
9345,185.8500000000,16148.9585810117,10766.2559875346,754.7330514445,2125.2412759065,2502.7282661261
9346,27.6400000000,4016.7274122393,2677.7455048706,1092.7603591096,316.1090774622,-69.8875292031
9347,33.8200000000,2951.4057832979,1967.6603757815,756.7447129152,386.8383671118,-159.8376725106
9348,212.0300000000,25087.8970236915,16725.3160308205,932.5173167244,2424.4939311637,5005.5697449829
9349,88.7100000000,7731.5946994259,5154.1992011403,756.1438402539,1014.6001850685,806.6514729632
9350,17.8500000000,1557.3548339066,1038.0788515210,756.6307199789,204.1680389041,-441.5227764975
9351,103.0400000000,15006.9878057493,10004.9839559361,1094.5951237908,1178.4854157747,2728.9233102477
9352,42.8400000000,5110.4983869335,3406.7733524019,937.8995482845,489.9876339510,275.8378522960
9353,128.7300000000,15277.7728877489,10185.1568295658,934.5057179604,1472.1223477373,2685.9879924854
9354,31.7400000000,2770.4969735087,1847.2478886569,756.8474066171,363.0517982089,-196.6501199742
9355,190.2400000000,16488.3768404710,10992.0747273143,753.5492527343,2175.1273522981,2567.6255081243
9356,16.4800000000,2405.4651552815,1603.5472591999,1096.4346045105,188.4931703889,-483.0098788179
9357,76.1800000000,9056.0755685465,6037.0065805084,935.5962830805,871.2196053773,1212.2530995803
9358,17.7900000000,2126.0168517493,1417.2551160959,939.0835389281,203.4874445537,-433.8092478284
9359,17.8300000000,1547.9265915621,1032.0966852742,754.3228133681,203.8802376675,-442.3731447478
9360,233.8600000000,27469.1275462692,18312.6461071900,927.7291392802,2673.5302151051,5555.2220846939
9361,12.7500000000,1112.2278505911,741.6709220239,756.5599770292,145.8329797252,-531.8360281873
9362,25.3800000000,2212.6252114471,1475.1962553519,756.2725330342,290.2826767672,-309.1262537061
9363,116.6600000000,16915.7956019255,11276.9687921506,1090.9087661794,1334.1410180492,3213.7770255464
9364,27.7100000000,2417.2418619513,1611.4839405232,756.5599770292,316.9436759362,-267.7457315373
9365,115.8200000000,13715.9261043421,9143.6405944948,933.0839460749,1324.3987559695,2314.8028078028
9366,21.9000000000,1908.9862127824,1272.7949811216,756.2106627622,250.4783410045,-370.4977721060
9367,42.6000000000,3716.1495243278,2477.4138651899,756.5599770292,487.2537204937,-5.0780383850
9368,38.7000000000,4604.6402382268,3069.8908977919,936.1820858981,442.5984550574,155.9687994794
9369,61.2000000000,7304.5954375698,4869.5705857484,938.2513041608,699.9947356793,796.7788119813
9370,115.5400000000,16848.2221915197,11231.9511550970,1095.6242774865,1321.4838642113,3199.1628947248
9371,63.7500000000,7607.7055835052,5071.6090337864,938.1427889439,729.1571871368,868.7965736381
9372,18.5700000000,1609.4888452878,1072.8000859991,753.5492527343,212.3218825283,-429.1823759739
9373,14.6100000000,2124.4862023478,1415.8482655532,1093.2784533794,167.0915865131,-551.7321030979
9374,308.3700000000,44414.0448904882,29609.0101103228,1085.3172731391,3526.1104256612,10193.6070813651
9375,10.4500000000,1529.0855117505,1019.3681220656,1098.5078760990,119.5302864298,-708.3207728439
9376,284.7800000000,24647.7433804189,16431.6985011153,752.8992265782,3255.8036978091,4207.3419549163
9377,446.8800000000,64035.9977269725,42690.4986338018,1081.1023166841,5109.4454961888,15154.9512802979
9378,6.9400000000,605.4008849492,403.8417585890,756.5599770292,79.3788924936,-634.3797431625
9379,89.0300000000,7755.5795361432,5170.2587688309,755.9089524359,1018.2297210385,811.1820938379
9380,57.0800000000,6814.8476555348,4543.2638397217,938.4454697809,652.8773278199,680.2610182124
9381,29.7400000000,2592.7294636894,1728.6664023195,756.2725330342,340.1499923978,-232.3594640621
9382,147.9800000000,12867.8390513529,8578.6694457127,755.0768121019,1692.2602735816,1841.8325199567
9383,13.9700000000,1647.7945785134,1098.3182033342,930.4637478382,159.7273397372,-540.7147123962
9384,44.9200000000,3916.1199565881,2610.7425137670,756.2725330342,513.7706004879,35.3343092990
9385,66.4400000000,7933.3895363810,5288.8567808579,938.5322790142,759.9397481676,946.0607283413
9386,33.6800000000,2937.5108018504,1958.3894462480,756.4780410728,385.2237500042,-162.5804354746
9387,119.5700000000,14171.1622466162,9447.0994598084,933.6011095794,1367.3128832937,2423.1487939347
9388,96.7000000000,8411.4262114241,5607.5350672955,755.2275891446,1105.8564260878,942.8071288962
9389,119.9000000000,17444.9713233650,11630.2786244122,1093.7544670621,1371.2876957488,3349.6505361418
9390,39.9500000000,4769.0032923113,3179.0396289930,938.3519954833,456.9433364724,194.6683313626
9391,97.5100000000,14112.9704229540,9408.5433069718,1089.3723944003,1115.0986570952,2499.9560644867
9392,203.3500000000,29509.6813974519,19673.2925491433,1091.5804976578,2325.5776680687,6419.2306825821
9393,98.4400000000,8526.2482488782,5683.9050902527,753.2396180813,1125.4810176650,963.6225228793
9394,36.6000000000,5322.1214925345,3548.1498703019,1093.2784533794,418.5867259670,262.1064428862
9395,301.7900000000,43466.3378652282,28977.5383307187,1085.3172731391,3450.8702706499,9952.6119907206
9396,77.1100000000,11244.2999237327,7495.8744773192,1095.6242774865,881.9423642837,1770.8588046433
9397,53.3100000000,4652.2602692965,3101.4075446842,756.7447129152,609.7679878987,184.3400237986
9398,51.3900000000,7503.0876271928,5001.8686739112,1096.6652581846,587.7864760308,816.7672190662
9399,13.2500000000,1579.5702343789,1053.0742359327,937.4569555241,151.5451149913,-562.5060720693
9400,3.2100000000,383.2959122785,255.6375457987,938.5322790142,36.7159330466,-847.5898455810
9401,26.6500000000,3183.2749553109,2122.0126772279,938.7575205857,304.8258002944,-182.3210427971
9402,18.9300000000,2769.6238536495,1846.6922296104,1098.4202960231,216.5266251964,-392.0152971803
9403,406.9000000000,47794.3555912809,31862.5274002116,927.7291392802,4651.7550864887,10352.3439653003
9404,54.4800000000,7970.8984441007,5314.3055385027,1098.4202960231,623.1574506443,935.0151589306
9405,76.2000000000,11086.7957868258,7390.9060859401,1093.7544670621,871.4939317436,1730.6413020800
9406,43.2700000000,3776.7765684136,2518.0806356463,756.8298005211,494.9343408477,6.9317913985
9407,59.9000000000,5224.8486368991,3483.2636470496,756.5205193927,685.1255664573,299.9389039995
9408,180.7200000000,25988.8156730787,17326.2345797987,1084.0440787886,2066.4150222484,5512.1219922431
9409,81.4100000000,11886.0938651443,7924.4164623076,1096.6652581846,931.1480251735,1933.8641194787
9410,149.5300000000,17746.3324780944,11831.2427818188,934.5057179604,1709.9856650132,3270.5983133019
9411,52.1700000000,7632.9253272528,5088.5343881742,1098.4202960231,596.7350256996,849.2356173560
9412,56.0400000000,8199.9954142101,5466.5015776703,1098.5078760990,641.0026078017,993.9833526392
9413,7.7000000000,1125.4607280920,750.3642915269,1097.5884505866,88.0728483028,-810.5648623243
9414,44.7800000000,3907.6507375335,2604.9631142033,756.7192474217,512.1988494252,33.7695264834
9415,47.2900000000,4110.7268129047,2740.6616922378,754.9124345824,540.7849650202,74.3677210642
9416,3.0700000000,448.8739770748,299.6843424599,1097.8712831691,35.1150171446,-983.7966656988
9417,35.0600000000,3059.6181774815,2039.4955958497,756.7447129152,401.0216780290,-137.6438093124
9418,201.1900000000,17474.5286139568,11649.9503289340,754.5370947577,2300.6025359480,2769.4386543171
9419,67.7000000000,5895.0677781772,3929.8947299302,755.7180513530,774.2613800358,435.1936168582
9420,42.2800000000,3689.8805047075,2460.0866447757,756.7683859227,483.6066269634,-10.5811529543
9421,79.9000000000,9493.5100729939,6329.0190902057,935.2637903541,913.7482199737,1315.4789724604
9422,52.1400000000,6229.6924308528,4152.7769977691,938.9383947274,596.3888598712,541.5881784851
9423,111.8200000000,16269.3635811399,10846.3946456004,1093.7544670621,1278.8773155849,3050.3371528925
9424,24.1100000000,2102.1648710756,1401.3855830521,756.3298557505,275.7591320827,-331.3096998096
9425,23.5600000000,2052.3582373530,1368.2109719044,755.9089524359,269.4540292898,-341.2157162771
9426,171.7500000000,24903.8907477345,16602.2040551106,1090.9087661794,1964.1584077657,5246.6195186789
9427,37.6600000000,4491.6365968927,2994.2641336389,937.7632772109,430.7378230707,128.8713629721
9428,55.0000000000,4789.1983426846,3192.5786455155,755.7180513530,629.0158922005,211.8857536156
9429,103.1900000000,8989.0851660633,5992.5009394465,755.9089524359,1180.1766248901,1060.4986492909
9430,212.7800000000,25198.3660549292,16798.7815573277,933.0839460749,2433.1338913416,5033.3666601850
9431,32.0400000000,2796.3419486623,1864.0120461261,756.7903865069,366.4806112442,-190.9410952149
9432,138.1800000000,11990.1636180417,7993.2928798183,754.0882497416,1579.9979403181,1662.7845481638
9433,209.2600000000,30316.1570513569,20210.5206521294,1090.1749041379,2393.0870291948,6622.3744658948
9434,77.6100000000,9263.2296063692,6175.8830137977,938.2513041608,887.6894025501,1261.4058858605
9435,62.7800000000,9179.2535116468,6119.1361088330,1097.8712831691,718.0849434327,1244.1611762122
9436,163.3900000000,14202.8262626453,9468.7174543589,754.9124345824,1868.4469324308,2110.7494412731
9437,39.8200000000,3471.9288745845,2314.7023940757,756.3298557505,455.4429132946,-54.5462885363
9438,137.8800000000,11933.5306457341,7955.7930609152,752.8992265782,1576.3403815363,1648.4979767044
9439,87.0600000000,12600.5046151407,8400.4850955105,1089.3723944003,995.5952116368,2115.0519135931
9440,117.2600000000,13924.8658277975,9283.3164277939,934.9012987172,1340.9795710761,2365.6685302104
9441,87.1400000000,10348.0539675446,6898.4644489296,934.9012987172,996.5287380485,1518.1594818493
9442,90.5300000000,7859.4388297315,5239.8754790846,754.3228133681,1035.1810384769,830.0594988020
9443,96.3000000000,11383.6623006723,7589.4156451900,931.8958594654,1101.1275267957,1761.2232692213
9444,137.4400000000,11925.9522916750,7950.6240566164,754.0882497416,1571.5365242243,1649.7034610927
9445,16.6400000000,1987.8002148848,1325.1802594066,938.8222665727,190.3308819852,-466.5331930798
9446,29.9000000000,3572.9960272839,2382.1464379138,939.0386843848,342.0045479858,-90.1936430005
9447,181.5200000000,21567.7340231521,14378.6934886233,935.2637903541,2075.8895730867,4177.8871710881
9448,98.0900000000,8523.2787043930,5682.1906600877,754.7330514445,1121.6837059654,964.6712868954
9449,7.1500000000,1045.2534039590,697.2426739355,1097.7350963539,81.7822421686,-831.5066084990
9450,60.4600000000,5274.9396783189,3516.5370091318,756.6307199789,691.5405956384,310.2313535698
9451,89.3600000000,10611.6835269656,7074.5273466981,934.9012987172,1021.9165484510,1580.3383330994
9452,19.6700000000,2349.5316461901,1566.2474522397,938.7575205857,224.9877482848,-380.4610749201
9453,18.9700000000,1655.7765542594,1103.7401905145,756.8298005211,216.9841563642,-421.7775931405
9454,35.1100000000,3064.1368145762,2042.5073618987,756.7683859227,401.5948125043,-136.7337457495
9455,171.0100000000,20194.1381274014,13462.7265729949,931.2135751301,1955.3262690290,3844.8717102474
9456,41.1100000000,5990.0137139097,3993.1421719642,1094.9662915433,470.1861527242,431.7190976780
9457,246.8800000000,29183.7855533747,19455.6029731743,931.8958594654,2822.9113584145,5973.3753623205
9458,42.6700000000,3716.3383701739,2477.4890611926,755.8173576902,488.0080764211,-4.9761251300
9459,144.3100000000,20996.5288713495,13997.9281930684,1093.7544670621,1650.4631140409,4254.3830971781
9460,135.1000000000,19226.8714422354,12818.0202608469,1075.4639149027,1544.4878647939,3788.8994016920
9461,50.3600000000,4394.3223557269,2929.6689268699,756.6918581469,576.0214986867,131.9400720234
9462,169.0800000000,19918.2579667026,13278.7362139000,929.6388554362,1933.1199762983,3776.7629210681
9463,0.8600000000,125.8386162780,84.0138562142,1098.5078760990,9.8369422325,-1066.5200582677
9464,32.6000000000,2844.0371905930,1895.9451288870,756.5966414806,372.8766798691,-181.3812596437
9465,103.1500000000,15051.5734695532,10034.6841921123,1096.1853728800,1179.7904865091,2740.9134180518
9466,136.0300000000,11832.5367894521,7888.2468089518,755.2275891446,1555.6323644336,1633.4300269221
9467,42.9700000000,6282.7735488287,4188.6113911260,1097.8712831691,491.4958588611,504.7950156725
9468,37.0200000000,5376.2210521388,3584.3675461447,1092.1959456200,423.3791421442,276.2784182298
9469,25.0700000000,2188.0241152611,1458.9196644483,756.7903865069,286.7562086109,-314.4421443050
9470,30.0300000000,4394.1088916619,2929.2831200016,1098.5078760990,343.4922967931,22.8255987682
9471,133.2600000000,11563.2450697658,7708.8340584724,754.0882497416,1523.7409576406,1576.5818039111
9472,356.1700000000,42011.0948481828,28007.1141850211,930.4637478382,4072.3039795416,9001.2129357819
9473,39.0700000000,4668.7944744476,3112.1590559841,939.0386843848,446.8935682209,170.7031658577
9474,59.0000000000,7042.0119414480,4694.9644691279,938.2513041608,674.8315262267,733.9646419325
9475,3.7800000000,451.3578032438,301.0842206074,938.5322790142,43.2355847091,-831.4942810868
9476,72.8600000000,8698.8402274399,5799.0290731258,938.4454697809,833.3679415724,1127.9977429607
9477,27.8200000000,3267.7291043240,2178.3187909762,927.7291392802,318.0433190123,-156.3621449448
9478,382.8500000000,44969.4495898793,29979.5738690288,927.7291392802,4376.8110957538,9685.3354858165
9479,92.6900000000,13486.0249538173,8990.6693080051,1093.7544670621,1060.0888783899,2341.5123003602
9480,311.3100000000,44416.1723070462,29611.2439260800,1077.5309870471,3559.1131721502,10168.2842217689
9481,74.4800000000,10672.6662878288,7115.0831056336,1081.1023166841,851.5742493648,1624.9066161462
9482,21.7000000000,3140.7184717270,2093.6593622657,1089.3723944003,248.1554800427,-290.4687649817
9483,145.6800000000,20875.3225672784,13916.9235588180,1081.1023166841,1665.6463030003,4211.6503887760
9484,1.3800000000,164.7114657491,109.9371845388,938.2513041608,15.7841950202,-899.2612179707
9485,40.9100000000,4879.2579176548,3252.9309305240,937.7632772109,467.9098338243,220.6538760956
9486,65.7600000000,7854.0388969751,5236.1115738355,938.6878670654,752.1678664345,927.0715896397
9487,118.4300000000,17240.1165209993,11493.8427425029,1094.1922130533,1354.4899290484,3297.5916363947
9488,46.7400000000,6839.1824707384,4559.1519305570,1098.5078760990,534.6263720316,646.8962920509
9489,26.0500000000,3793.9832331111,2529.5086555262,1094.5951237908,297.9381316084,-128.0586778143
9490,116.7300000000,16992.6437684392,11328.5718011074,1094.1922130533,1335.0469426481,3234.8328116303
9491,147.6900000000,12821.8327710488,8547.8776754763,754.3228133681,1688.7870051104,1830.8452770939
9492,128.7300000000,18480.9508415589,12321.0614283592,1082.6437912211,1471.8972610496,3605.3483609289
9493,68.5200000000,10004.1168362571,6669.1582318816,1096.6652581846,783.7153013744,1454.5780448165
9494,37.8200000000,5514.9711206792,3676.7738733686,1095.6242774865,432.5646507225,310.0083191016
9495,126.9300000000,15018.6613649821,10012.2782266693,932.5173167244,1451.4031725822,2622.4626490062
9496,398.1900000000,56811.7813463838,37874.8468821953,1077.5309870471,4552.3859626048,13307.0175145365
9497,1.3000000000,113.4208002285,75.4313352316,756.6307199789,14.8693809846,-733.5106359667
9498,33.2300000000,2900.5549599778,1933.6688425122,756.8474066171,380.0948725419,-170.0561616934
9499,37.1900000000,5436.7795934594,3624.2093155604,1097.7350963539,425.3820400349,289.4531415102
9500,59.2900000000,8630.9761760538,5754.4336867694,1094.1922130533,678.1027433360,1104.2475328951
9501,121.9400000000,17731.6801857831,11821.4800967270,1093.2784533794,1394.6028788092,3422.3187568674
9502,16.9900000000,2482.8541092680,1655.4555390590,1097.4304909789,194.3313714836,-464.3632922534
9503,12.1700000000,1061.9321499046,708.1981898477,756.6918581469,139.2013828240,-542.1592809140
9504,28.2800000000,4130.9888433621,2753.8487515417,1097.0767788299,323.4632679710,-43.3999549804
9505,113.5300000000,16395.2558549013,10930.5893265299,1087.5315179624,1298.2439712331,3078.8910391759
9506,77.7600000000,9160.4195616915,6106.9659474304,929.6388554362,889.0431118817,1234.7716469431
9507,108.8300000000,15869.7595733346,10579.6203065961,1095.6242774865,1244.7385229541,2949.7764662979
9508,54.6300000000,7921.3947688427,5280.4853868007,1090.9087661794,624.7567616666,925.2438541961
9509,182.4300000000,15829.8273906452,10553.4222719309,754.0882497416,2085.9677540326,2436.3491149401
9510,164.0200000000,19453.2418614164,12968.8849445947,934.0736028865,1875.6512996959,3674.6320142393
9511,23.6800000000,3464.5902194623,2309.8125379767,1098.4202960231,270.8584513814,-214.5010659189
9512,55.1500000000,4812.5711964041,3208.5914938266,756.7192474217,630.8121158062,216.4483393496
9513,55.9000000000,8177.7382399975,5452.2513321678,1098.3260134850,639.3982518317,987.7626425131
9514,39.5600000000,3452.9531094625,2301.7697440379,756.8298005211,452.4983250273,-58.1447601239
9515,27.6100000000,3288.6765471118,2192.1543899171,936.8966040123,315.7769732418,-156.1514200593
9516,70.9800000000,10372.7477737402,6914.8932325286,1097.4304909789,811.8682017600,1548.5558484727
9517,48.5900000000,7099.3169626310,4733.1952832476,1097.2602780930,555.7692599644,713.0921413260
9518,90.6400000000,7899.8054735200,5266.2470098608,756.1438402539,1036.6741153715,840.7405080338
9519,2.8400000000,247.5580294202,165.0905624049,756.2106627622,32.4821227604,-706.2253185074
9520,9.2000000000,802.6702785401,535.2032833102,756.6307199789,105.2294654296,-594.3931901786
9521,78.2200000000,6807.8276734563,4538.3418502238,755.4932545847,894.5497182018,619.4428504460
9522,36.7800000000,5348.2958605306,3565.2082831399,1093.2784533794,420.6453492095,269.1637748018
9523,8.9600000000,1310.9260289857,874.1395820413,1098.4202960231,102.4869816038,-764.1208306824
9524,110.0300000000,16032.1383833978,10688.3105469576,1094.9662915433,1258.4427726647,2990.4187722322
9525,293.6800000000,42233.2635395626,28155.1311921729,1084.0440787886,3358.0387546143,9636.0495139869
9526,24.9500000000,3550.7804773040,2367.2920301564,1075.4639149027,285.2329550452,-177.2084228002
9527,46.4700000000,6794.5191252983,4530.1121534640,1097.8712831691,531.5292660292,635.0064226360
9528,196.7800000000,17098.6928682888,11398.8885509047,754.7330514445,2250.2285621355,2694.8427038042
9529,7.1500000000,621.2808924091,414.0867687513,754.7330514445,81.7620399394,-629.3009677260
9530,29.8800000000,2604.5894081250,1736.1136562579,756.2106627622,341.7485310144,-229.4834419096
9531,54.5400000000,7953.1074807468,5301.6707141799,1095.6242774865,623.7989436912,932.0135453891
9532,28.6700000000,2500.5473482497,1667.1634294568,756.4780410728,327.9205734151,-251.0146956950
9533,124.8300000000,10837.2224579187,7224.6767969196,754.3228133681,1427.3903571531,1430.8324904780
9534,13.9900000000,1220.6650845763,813.4929556187,756.6624014288,160.0180711372,-509.5083436084
9535,36.2200000000,5297.3762060304,3531.4314247974,1098.1153248667,414.2912021905,253.5382541759
9536,136.8200000000,16202.8406976004,10802.2544697753,933.0839460749,1564.5332221701,2902.9690595801
9537,44.2900000000,5277.0736986897,3518.0781487393,937.0984891794,506.5520095561,315.3450512149
9538,43.0400000000,3749.2995982883,2499.6161986714,755.9089524359,492.2453913680,1.5290558129
9539,2.9100000000,347.1416971516,231.0940348456,937.8995482845,33.2834737348,-855.1353597133
9540,18.7500000000,1627.7971728429,1085.0247204165,754.3228133681,214.4001377603,-425.9504987020
9541,70.2600000000,8333.0372709616,5555.4656074718,934.0736028865,803.4584826035,1040.0395779998
9542,21.4000000000,3130.2762179393,2086.3859932633,1098.2245360874,244.7779363491,-299.1122477605
9543,9.4900000000,1133.4371826687,755.5110888099,938.6878670654,108.5473396056,-669.3091128122
9544,72.0600000000,10429.5010632557,6953.0168944379,1089.3723944003,824.0591655243,1563.0526088931
9545,161.1800000000,13992.9785770035,9328.5661938248,754.3228133681,1843.0407575577,2067.0488122529
9546,11.1700000000,974.7842282507,649.6402510517,756.7447129152,127.7641797942,-559.3649155104
9547,66.1800000000,5759.9339737834,3840.1354117279,755.4932545847,756.8563072180,407.4490002528
9548,0.8600000000,102.6898705793,68.1700122130,938.5322790142,9.8366674206,-913.8490880685
9549,58.1200000000,6933.2905286782,4621.8806969129,937.8995482845,664.7544651082,708.7558183726
9550,70.7300000000,10301.2834578867,6867.8279697527,1094.5951237908,808.9506352654,1529.9097290778
9551,37.5100000000,3263.7678241316,2175.7137379383,755.3660261078,428.9699090264,-96.2818489410
9552,21.0100000000,2510.6570746901,1673.4792180326,939.0386843848,240.3182459258,-342.1790736531
9553,19.7300000000,2841.6807915469,1894.4153388121,1085.3172731391,225.6061182939,-363.6579386981
9554,64.4000000000,5607.7158776161,3738.1925479823,755.7180513530,736.5204265038,377.2848517770
9555,9.4300000000,820.2662789424,546.6168637028,755.2275891446,107.8410144572,-589.4191883622
9556,96.6000000000,14046.9108245583,9365.0686480565,1093.2784533794,1104.7944734539,2483.7692496686
9557,74.9500000000,6517.3978706508,4344.6485352261,755.0768121019,857.1084437420,560.5640795807
9558,5.8400000000,697.5731984621,464.8218245356,938.7575205857,66.7985993891,-772.8047460483
9559,61.2700000000,8958.4718486557,5972.7786392595,1097.8712831691,700.8133877687,1187.0085384584
9560,32.3400000000,4727.7615502145,3152.1179217499,1097.7350963539,369.9073722702,108.0011598405
9561,259.2500000000,36895.3843182793,24596.7415816251,1075.4639149027,2963.7933304797,8259.3854912718
9562,74.6100000000,8835.6522763336,5890.2056852908,933.0839460749,853.1634534872,1159.1991914807
9563,16.6300000000,1449.9793366233,966.4728158980,756.3298557505,190.2063196406,-463.0296546658
9564,331.2400000000,47367.5019219101,31578.2902355512,1079.4039103234,3787.1224328663,10922.6853431693
9565,88.9800000000,7716.7088562885,5144.2507310397,753.8312137160,1017.3962424314,801.2306691014
9566,119.2600000000,17121.4029159039,11414.4950356371,1082.6437912211,1363.6173957335,3260.6466933121
9567,4.8400000000,578.2348327071,385.7543452682,938.8824522502,55.3608343071,-801.7627991183
9568,83.4400000000,7263.9703942022,4842.3711399051,755.6102914559,954.2613619804,711.7276008608
9569,5.6200000000,670.5528323899,447.2813416546,938.0257820855,64.2798311642,-779.0341225144
9570,136.9500000000,11919.3556619770,7946.2542285970,755.4932545847,1566.2053682912,1651.4028105041
9571,107.6700000000,12793.0692059982,8528.4654407027,935.2637903541,1231.3300481172,2098.0099268241
9572,40.2500000000,3490.6443185616,2327.1610449941,753.8312137160,460.2180125631,-50.5659527116
9573,14.4800000000,1262.3645808414,841.5208879327,756.2725330342,165.6143876907,-501.0432278161
9574,26.2800000000,2287.8372718077,1525.4642524741,755.6102914559,300.5511576324,-293.7884297547
9575,162.3500000000,19279.3959333355,12852.5915371008,934.9012987172,1856.6265850606,3635.2765124570
9576,96.7300000000,8426.3417784020,5617.5585096458,755.9089524359,1106.2940684719,946.5802478484
9577,103.3700000000,8953.2535705662,5968.9912389801,753.2396180813,1181.8465338890,1049.1761796159
9578,26.0400000000,3807.9612231354,2538.1758748264,1097.9977895315,297.8495292606,-126.0619704831
9579,69.0100000000,10075.6582438719,6717.0688513635,1096.6652581846,789.3198036755,1472.6043306483
9580,23.4200000000,3424.8253397017,2283.6885839467,1097.9977895315,267.8815658711,-224.7425996476
9581,36.0400000000,3143.6318008989,2095.6220315583,756.5205193927,412.2191221222,-120.7298721743
9582,13.9700000000,1219.2539645073,813.1202153967,756.7903865069,159.7919519064,-510.4485893028
9583,55.2500000000,4815.3602428506,3210.1697198407,756.1438402539,631.9091446853,217.1375380708
9584,12.6800000000,1853.0070691889,1235.6510243694,1097.4304909789,145.0336545269,-625.1081006863
9585,175.3000000000,15202.7316532634,10135.3987617508,753.8312137160,2004.3780770761,2309.1236007205
9586,140.8200000000,12256.1786368718,8170.6777266850,755.4932545847,1610.4639646788,1719.5436909233
9587,31.6900000000,2756.5470179941,1837.7635934834,755.2275891446,362.4052755194,-198.8494401533
9588,9.8200000000,1166.7868450163,778.0354437132,935.2637903541,112.3029727177,-658.8153617687
9589,26.6300000000,2324.0661740861,1549.2796582105,756.7683859227,304.5989705779,-286.5808406250
9590,81.7100000000,11929.8947269493,7953.1628339967,1096.6652581846,934.5793531129,1945.4872816550
9591,86.5500000000,10265.0779362614,6843.1563111904,934.0736028865,989.7428361705,1498.1051860140
9592,32.6000000000,3887.2744454699,2591.6194053219,937.6160751321,372.8611214583,-14.8221564423
9593,44.3300000000,3853.4260861930,2568.6986056660,754.9124345824,506.9358743782,22.8791715662
9594,35.1200000000,3065.4123661355,2043.8606040433,756.8298005211,401.7123653933,-136.9904038222
9595,82.1300000000,11949.5871124935,7966.8208458835,1093.7544670621,939.3149161956,1949.6968833523
9596,52.4100000000,7664.1800193751,5109.8369195055,1097.9977895315,599.4736493297,856.8716610084
9597,66.4300000000,9714.3957009557,6476.0318494912,1097.9977895315,759.8365679255,1380.5294940075
9598,58.7400000000,5117.8850999536,3412.0570654006,755.9935047728,671.8123653829,278.0221643973
9599,259.5100000000,37476.7272694921,24984.2041749255,1087.5315179624,2967.5618160371,8437.4297605671
9600,49.9700000000,5970.4206131514,3979.9341435355,938.9383947274,571.5679195966,479.9801552919
9601,142.5800000000,20674.2168431557,13782.9618570729,1090.9087661794,1630.5659725137,4169.7802473896
9602,117.1900000000,16977.6853906552,11318.8528265790,1090.1749041379,1340.1790545319,3228.4786054065
9603,93.4600000000,11138.7313848295,7425.6789152493,937.2848285391,1068.9272156070,1706.8404254341
9604,44.5700000000,5313.3166299069,3542.1587935919,937.4569555241,509.7634547293,323.9374260616
9605,203.3500000000,24081.6229780518,16054.5317414967,933.0839460749,2325.3020810430,4768.7052094372
9606,57.6300000000,8428.7076409037,5619.3580336192,1098.1153248667,659.1828266769,1052.0514557409
9607,35.2500000000,5157.9200276750,3438.9671810344,1098.5078760990,403.2002484834,217.2447220583
9608,144.9700000000,21067.4736958152,14044.5019337093,1092.7603591096,1657.9715253146,4272.2398776817
9609,46.7100000000,4053.1230467414,2702.3588027855,754.0882497416,534.0983050532,62.5776891610
9610,51.3200000000,7447.4396327378,4965.2636550330,1091.5804976578,586.9124461534,803.6830338937
9611,59.2700000000,5171.4667307248,3447.8254629625,756.6624014288,677.9321712869,289.0466950466
9612,46.1400000000,4024.9563157860,2683.2178383170,756.5599770292,527.7438183939,57.4346820460
9613,23.3600000000,2038.7811460909,1359.1142950494,756.7903865069,267.1968501456,-344.3203856110
9614,86.5400000000,7538.6707071530,5025.5441468026,755.9089524359,989.7517697256,767.4658381889
9615,10.4700000000,1529.7355134543,1019.5849734491,1097.2602780930,119.7551790868,-706.8649171746
9616,21.7600000000,3155.2178321438,2103.2441794884,1090.9087661794,248.8505790567,-287.7856925806
9617,56.6700000000,8292.1795168324,5528.1117388940,1098.5078760990,648.2087399022,1017.3511619372
9618,5.6200000000,490.4713442870,326.8011779038,756.7683859227,64.2826216541,-657.3808411935
9619,152.4900000000,22198.3059046457,14799.2615704122,1094.1922130533,1744.0358801029,4560.8162410772
9620,106.8000000000,15303.9844191744,10202.7606797765,1081.1023166841,1221.1080804533,2799.0133422605
9621,52.9100000000,7736.1309860025,5157.3584516360,1097.8712831691,605.1907352186,875.7105159789
9622,89.4200000000,13043.9045259962,8695.7378857347,1095.9158827522,1022.7449851030,2229.5057724063
9623,9.6500000000,840.2866183074,560.3602241551,755.7180513530,110.3636974497,-586.1553546504
9624,81.0700000000,9649.7198338537,6433.4918761994,936.4401288793,927.1810348127,1352.6067939624
9625,33.6700000000,4023.2108067647,2681.8357668623,938.9903837852,385.1259237777,17.2587323395
9626,71.6600000000,8551.6577586507,5701.3281795036,938.1427889439,819.6298671408,1092.5569230625
9627,95.1800000000,13862.2389300390,9241.8919592969,1094.5951237908,1088.5893038959,2437.1625430554
9628,53.9200000000,4704.9615055758,3136.7834918254,756.6918581469,616.7410486336,194.7451069699
9629,22.0500000000,1921.4889242267,1280.7294625489,756.0716187804,252.1894741637,-367.5016312664
9630,42.4800000000,3705.9723882328,2470.7001482740,756.5966414806,485.8834773263,-7.2078788481
9631,23.3700000000,2781.7189159635,1854.7003607061,936.4401288793,267.2779176461,-276.6994912680
9632,70.1100000000,6094.3763343783,4062.6279202584,754.9124345824,801.7431570642,475.0928224731
9633,43.2800000000,5172.2321160039,3447.8253116718,939.0835389281,495.0498370032,290.2734284009
9634,40.9900000000,3563.0935094304,2375.2401332728,754.9124345824,468.7412923700,-35.8003507949
9635,138.4900000000,20044.1521267039,13363.2332134736,1089.3723944003,1583.7351350745,4007.8113837555
9636,8.9000000000,1063.4563760085,708.9910648027,938.9903837852,101.8004372326,-686.3255098120
9637,26.0100000000,2264.3320943576,1509.8184652693,755.6102914559,297.4633032731,-298.5599656407
9638,27.0800000000,2361.6389498324,1574.1378046132,756.4322921394,309.7327095954,-278.6638565156
9639,24.9200000000,3644.6884333042,2429.4701590303,1098.1153248667,285.0396675479,-167.9367181407
9640,58.8200000000,5131.0778173935,3421.0056665083,756.5599770292,672.7761464658,280.7360273902
9641,32.3300000000,4714.4107967096,3143.0486336861,1095.6242774865,369.7730078756,105.9648776614
9642,51.1400000000,6104.8017113592,4069.6655172711,938.3519954833,584.9332222077,511.8509763970
9643,90.1200000000,10746.0482523234,7164.0944070681,937.6160751321,1030.7436891356,1613.5940809877
9644,95.9000000000,13984.2868977561,9322.4008531217,1095.6242774865,1096.8521947193,2469.4095724285
9645,20.7500000000,3034.3777027673,2022.5042590965,1097.9977895315,237.3416947833,-323.4660406440
9646,12.3900000000,1080.1586434133,719.8552173882,756.2725330342,141.7101010696,-537.6792080786
9647,46.7800000000,5544.2583415297,3695.8317970380,933.6011095794,534.9410109599,379.8844239523
9648,5.7200000000,499.2642008626,332.7859870898,756.8298005211,65.4269570060,-655.7785437543
9649,52.9300000000,4618.8466622968,3079.4731238537,756.7192474217,605.4194975452,177.2347934762
9650,55.3200000000,8021.4453342921,5347.6102010397,1090.9087661794,632.6477037415,950.2786633316
9651,82.1700000000,11914.7173376497,7943.1030182807,1090.9087661794,939.7082757852,1940.9972774045
9652,26.3700000000,3856.7589882115,2571.2429534565,1098.1153248667,301.6250414623,-114.2243315739
9653,228.5100000000,19805.2932706897,13203.6933661433,753.5492527343,2612.6910811271,3235.3595706849
9654,275.7400000000,32595.3379313332,21729.9555443713,931.8958594654,3152.9065860711,6780.5799414255
9655,13.0800000000,1141.6277266590,761.3112803624,756.8108245191,149.6123279778,-526.1067062004
9656,40.1800000000,3506.9267627798,2338.1095501768,756.8108245191,459.5889402253,-47.5825521415
9657,103.5500000000,14954.0098984852,9969.6583967251,1087.5315179624,1184.1201728282,2712.6998109696
9658,10.1800000000,881.7270131408,587.9901817503,753.2396180813,116.3896460771,-575.8924327678
9659,124.4900000000,10828.7326686679,7219.1123723502,755.2275891446,1423.6614941435,1430.7312130296
9660,23.7000000000,2831.6783776604,1887.6259080768,938.9383947274,271.0858453960,-265.9717705399
9661,14.2300000000,2080.2735578093,1387.2224033508,1097.7350963539,162.7638190292,-567.4477609246
9662,43.2700000000,3776.0889486487,2517.3559728252,756.7447129152,494.9289220854,7.0593408229
9663,4.2300000000,367.9455312753,245.0351457978,755.2275891446,48.3740711722,-680.6912748393
9664,151.2800000000,21846.8625537696,14564.1094048544,1087.5315179624,1729.9246716123,4465.2969593406
9665,104.1400000000,14858.1805404767,9905.7291845742,1077.5309870471,1190.6011555932,2684.3192132622
9666,75.7400000000,11063.6879418757,7375.4498109113,1097.0767788299,866.3050889717,1724.8562631628
9667,67.9100000000,9922.0953886040,6614.8683643285,1097.2602780930,776.7501634942,1433.2165826884
9668,153.8700000000,18261.4069310800,12174.1773552049,934.5057179604,1759.6167610218,3393.1070968929
9669,32.1100000000,2801.4937656437,1867.8235390690,756.6307199789,367.2737103200,-190.2342037242
9670,104.8300000000,9073.0491557319,6048.7143368701,752.8992265782,1198.4897171196,1072.9458751639
9671,34.6100000000,3016.4636742997,2011.2581665319,756.1438402539,395.8439004083,-146.7822328944
9672,94.2700000000,8175.4792524423,5450.4561316968,753.8312137160,1077.8820383683,893.3098686612
9673,44.3400000000,5298.1635631704,3531.7443103835,938.9903837852,507.1720659430,320.2568030586
9674,21.3800000000,2553.2290340448,1702.1703133934,938.6129255746,244.5451294435,-332.0993343667
9675,56.3900000000,4899.8642689440,3266.6845090383,754.7330514445,644.8337667386,233.6129417227
9676,56.2800000000,6722.5033577823,4481.4886778600,938.7575205857,643.7371872633,658.5199720733
9677,134.0600000000,19481.9998872938,12987.9764964134,1092.7603591096,1533.1976456072,3868.0653861637
9678,38.6800000000,5644.1576519856,3763.0065720421,1096.1853728800,442.4071354161,342.5585716474
9679,8.9200000000,778.1844092052,518.7723876285,756.5966414806,102.0263798906,-599.2109997945
9680,46.4900000000,5545.9166668660,3697.5045575303,937.8995482845,531.7349463675,378.7776146836
9681,72.0600000000,6271.6960131585,4180.9266495652,755.4932545847,824.1019265357,511.1741824730
9682,10.8900000000,1591.7230297302,1061.1212203410,1097.5884505866,124.5601711712,-691.5468123686
9683,2.2800000000,333.1905455639,221.7835171945,1097.4304909789,26.0786066499,-1012.1020692594
9684,26.9100000000,3936.7251527430,2624.2704214170,1098.3260134850,307.8033444864,-93.6746266454
9685,6.9900000000,834.2993808597,556.1528159022,938.2513041608,79.9503791242,-740.0551183275
9686,104.2500000000,9045.9875320658,6030.5270125319,754.0882497416,1192.0305780732,1069.3416917190
9687,5.8000000000,689.8077613733,459.6088080817,935.9015508839,66.3316862355,-772.0342838278
9688,144.7700000000,17181.4121103038,11454.0147510942,934.5057179604,1655.5515597135,3137.3400815357
9689,45.2000000000,3944.7161497819,2629.5391073925,756.7683859227,517.0061385701,41.4025178966
9690,45.2700000000,3949.6612510337,2632.9127964184,756.6307199789,517.7975978258,42.3201368105
9691,121.9900000000,14434.1487427257,9622.7845656776,932.5173167244,1394.9158829536,2483.9309773701
9692,62.0900000000,7403.7076785038,4935.6318610907,937.6160751321,710.1517494277,820.3079928533
9693,15.9800000000,1386.6175612701,924.4911693740,754.0882497416,182.7208502409,-474.6827080864
9694,24.9800000000,3655.1728309595,2436.4018302116,1098.5078760990,285.7288569394,-165.4657322906
9695,387.0900000000,45467.4787560307,30311.8597862963,927.7291392802,4425.2835498376,9802.6062806166
9696,194.0300000000,23012.5138298417,15341.9149557333,934.0736028865,2218.8307625899,4517.6945086320
9697,2.3900000000,208.5592957281,138.8022477209,756.7192474217,27.3370980377,-714.2992974521
9698,16.4300000000,1433.8142229327,955.7207539510,756.7447129152,187.9288696525,-466.5801135860
9699,396.1700000000,56381.2706089594,37587.9783324835,1075.4639149027,4529.0877675454,13188.7405940278
9700,46.8600000000,4084.1227326693,2722.7617519067,756.1438402539,535.9504528498,69.2666876589
9701,67.0700000000,5849.7283099793,3899.8962248559,756.4780410728,767.1305496669,426.2234943837
9702,46.2100000000,5427.8131527970,3618.2244324690,927.7291392802,528.2811564184,353.5784246294
9703,143.3700000000,20582.7229251480,13722.1185807479,1082.6437912211,1639.2908437558,4138.6697094232
9704,75.9700000000,6623.0550556990,4415.4499601769,756.2725330342,868.9036624904,582.4288999976
9705,12.5100000000,1087.0243306347,724.6518453148,754.7330514445,143.0549817680,-535.4155478926
9706,26.5200000000,2312.0102682261,1541.0984935634,756.2725330342,303.3213785605,-288.6821369321
9707,41.1500000000,3583.1911236631,2388.9041135035,755.7180513530,470.6182538918,-32.0492950852
9708,63.3000000000,7558.4521019403,5038.9000694102,938.5322790142,724.0244740971,856.9952794189
9709,293.0200000000,42203.2085929592,28135.5759579133,1085.3172731391,3350.5881795481,9631.7271823587
9710,39.0600000000,3407.3427328696,2271.6098920628,756.5599770292,446.7636225936,-67.5907588160
9711,156.0200000000,18537.8903828349,12358.7937789832,935.2637903541,1784.2678007546,3459.5650127430
9712,8.2500000000,718.8040870721,479.4313759778,755.9935047728,94.3556692954,-610.9764629739
9713,23.2100000000,2025.1348543972,1350.0521391118,756.6624014288,265.4767284557,-347.0564145991
9714,3.1500000000,274.1582353795,182.8635910347,755.4932545847,36.0244389202,-700.2230491600
9715,41.9000000000,6127.2494335397,4085.1907220162,1097.9977895315,479.2586511528,464.8022708393
9716,6.3200000000,924.7675056711,616.1016122374,1098.5078760990,72.2900871040,-862.1320697693
9717,51.2000000000,6115.0667810998,4076.6119167036,938.6878670654,585.6294823821,514.1375149487
9718,27.9500000000,4088.8691199988,2726.1256660839,1098.3260134850,319.6991259158,-55.2816854859
9719,20.3200000000,2425.3166550885,1616.7233020413,938.2513041608,232.4165527615,-362.0745038751
9720,238.1800000000,28093.8949685267,18729.2156779088,930.4637478382,2723.2539569510,5710.9615858287
9721,192.1100000000,27856.1074325896,18571.1986061210,1090.9087661794,2196.9983797140,5997.0016805754
9722,21.3300000000,2521.4280049153,1681.0432047978,931.8958594654,243.8946017295,-335.4056610774
9723,133.2700000000,11592.4588541519,7728.0315213148,755.2275891446,1524.0691406900,1585.1306030025
9724,28.0300000000,4067.6487315986,2712.1188031693,1091.5804976578,320.5603247404,-56.6108939689
9725,100.2100000000,8725.9193803713,5817.4239060317,755.7180513530,1146.0669555892,1006.7104673974
9726,337.8800000000,29219.9302815057,19479.6969286170,752.5246171233,3862.7058457184,5125.0028900471
9727,14.6000000000,2128.1918152879,1418.7730041694,1095.3085042616,166.9855606697,-552.8752538128
9728,25.7100000000,3067.6002350077,2044.7147047067,938.0257820855,294.0630710376,-209.2033228221
9729,124.4900000000,10828.7326686679,7219.1123723502,755.2275891446,1423.6614941435,1430.7312130296
9730,40.0800000000,5855.9502750000,3904.2644105247,1097.2602780930,458.4324334096,395.9931529727
9731,30.3300000000,3601.7497915495,2400.8576968432,934.9012987172,346.8523826602,-80.8615866711
9732,139.0300000000,20228.3099506875,13486.0039620076,1093.7544670621,1590.0761329437,4058.4753886741
9733,183.5600000000,21785.0383847991,14523.2791828993,934.5057179604,2099.1437749604,4228.1097089789
9734,26.2400000000,2289.5104945878,1526.5974188418,756.6624014288,300.1339661645,-293.8832918473
9735,31.0900000000,4540.3862623405,3026.9085339847,1096.8788562489,355.6019008541,60.9969712529
9736,207.7900000000,18047.7772289581,12032.1180116821,754.5370947577,2376.0733681825,2885.0487543358
9737,46.0200000000,6717.2030610469,4477.8300822940,1096.4346045105,526.3626032342,616.5757710082
9738,12.2900000000,1071.8073372762,714.3146340262,756.4322921394,140.5692393252,-539.5088282146
9739,110.4300000000,9576.9404248139,6384.3826037010,753.8312137160,1262.6552826669,1176.0713247299
9740,20.9400000000,3044.9514768763,2029.9511277208,1093.2784533794,239.4865038729,-317.7646080968
9741,130.5700000000,11349.9175293078,7566.3758091586,754.9124345824,1493.1337044342,1535.4955811326
9742,33.0900000000,4793.8527995288,3196.1941102654,1090.1749041379,378.4156064038,129.0681787217
9743,248.6600000000,21564.8103417026,14376.3435608519,753.8312137160,2843.1754286693,3591.4601384654
9744,27.8500000000,4075.1226317943,2716.4480175923,1098.5078760990,318.5567920642,-58.3900539612
9745,10.6800000000,932.0228789362,621.5308171119,756.7447129152,122.1594843511,-568.4121354420
9746,22.0100000000,1920.1613056733,1280.1361795438,756.5966414806,251.7489485865,-368.3204639375
9747,47.4300000000,4138.3949221912,2758.9527048003,756.6624014288,542.5058694810,80.2739464812
9748,118.1400000000,10269.4283289609,6846.2803841392,754.9124345824,1350.9903947450,1317.2451154943
9749,363.1500000000,42834.4023756003,28556.2732866882,930.4637478382,4152.1104814289,9195.5548596450
9750,207.5800000000,18029.5375002990,12019.7900219160,754.5370947577,2373.6720235205,2881.5383601047
9751,31.4600000000,4602.8719723092,3068.1720429264,1098.4202960231,359.8482635329,76.4313698269
9752,57.6500000000,5022.0056189897,3348.1701187467,755.9089524359,659.3389129268,258.5876348803
9753,8.0800000000,704.8471398256,469.8543537429,756.5599770292,92.4180765631,-613.9852675097
9754,203.6300000000,24018.6406601776,16012.3232801875,930.4637478382,2328.2232062051,4747.6304259468
9755,49.8200000000,4347.6947405056,2898.3949662305,756.7447129152,569.8488305592,122.7062308007
9756,224.9200000000,26587.8849913523,17725.1173211766,931.8958594654,2571.8131186593,5359.0586920510
9757,26.9600000000,2352.3324288905,1568.1374846606,756.6624014288,308.3693493824,-280.8368065814
9758,62.5100000000,7463.1416774261,4975.6735663184,938.4454697809,714.9853146815,834.0373266453
9759,25.1700000000,2192.1780355584,1461.4401765462,755.8173576902,287.8641500707,-312.9436487488
9760,68.2800000000,9984.9305804796,6656.8517666952,1097.9977895315,780.9971527616,1449.0838714913
9761,29.0600000000,2536.2577099915,1690.8203756986,756.7903865069,332.3947116965,-243.7477639106
9762,11.5900000000,1694.0376413749,1129.3361559344,1097.5884505866,132.5667937441,-665.4537588902
9763,88.4000000000,12909.9435699872,8606.6314942214,1096.8788562489,1011.1035070923,2195.3297124247
9764,33.6200000000,4009.7934781607,2672.8902344787,937.7632772109,384.5301543185,14.6098121525
9765,66.7100000000,5818.3297384631,3878.7928903058,756.4780410728,763.0129561396,420.0458509449
9766,144.9700000000,21092.5562364322,14061.9187219510,1093.7544670621,1658.0114866781,4278.8715607410
9767,57.7700000000,8446.7262721860,5631.2778769214,1097.8712831691,660.7799806006,1056.7971314949
9768,295.1500000000,34813.6413635094,23209.1978230876,930.4637478382,3374.6259358220,7299.3538567616
9769,43.6700000000,5214.4961025550,3476.6706228625,938.5322790142,499.4968212294,299.7963794490
9770,208.9900000000,18134.4933748339,12089.4999071985,754.0882497416,2389.6639857220,2901.2412321717
9771,330.4800000000,39025.5468589183,26017.2533374941,931.2135751301,3778.7043178100,8298.3756284841
9772,27.5100000000,2400.8659575332,1600.7205843621,756.7683859227,314.6645768156,-271.2875895671
9773,23.4200000000,2782.7034531854,1855.3152888546,935.2637903541,267.8345846281,-275.7102106514
9774,41.7200000000,4931.7382262103,3287.9227387957,931.8958594654,477.0409181507,234.8787097985
9775,18.8000000000,2744.8540064453,1830.1856642089,1096.6652581846,215.0298842066,-397.0268001548
9776,282.9300000000,33283.9126238033,22189.5346575791,928.7304688664,3234.6532067600,6930.9942905977
9777,122.9100000000,10697.3932414282,7131.6800503517,755.4932545847,1405.6392976755,1404.5806388162
9778,106.4700000000,12542.5652100475,8361.8456818663,929.6388554362,1217.2893534213,2033.7913193236
9779,76.7100000000,6681.0479581917,4453.9129189980,755.8173576902,877.3166051620,594.0010763415
9780,81.0000000000,11829.2469363005,7886.3731382431,1096.8788562489,926.4636207520,1919.5313210565
9781,31.0400000000,2703.4249592266,1802.4428844070,755.8173576902,354.9981413665,-209.8334242372
9782,111.8700000000,16257.2827643709,10838.4937101907,1092.7603591096,1279.4183247357,3046.6103703348
9783,151.9700000000,13214.7959226524,8809.9817519863,755.0768121019,1737.8888618475,1911.8484967166
9784,43.1200000000,3761.8062471892,2508.0219027796,756.5966414806,493.2037557041,3.9839472248
9785,41.0600000000,3581.8098466878,2388.1027070404,756.5599770292,469.6393841191,-32.4922215009
9786,3.6500000000,533.5908985245,355.8842814879,1097.7350963539,41.7489767714,-961.7774560887
9787,45.7800000000,5464.9554623783,3642.9072791378,938.3519954833,523.6261813193,360.0700064378
9788,354.7700000000,50932.0821103072,33955.0321637725,1082.6437912211,4056.4358836524,11837.9702716611
9789,39.4300000000,5759.7203003454,3839.7512560928,1097.0767788299,450.9956384758,371.8966269469
9790,77.1700000000,9122.2971935917,6081.4210055920,931.8958594654,882.3884864260,1226.5918421084
9791,44.5600000000,5314.5864778953,3542.9512785466,937.7632772109,509.6568612860,324.2150608518
9792,26.1100000000,3819.6913317770,2546.3811166718,1098.3260134850,298.6527433869,-123.6685417666
9793,237.1500000000,28033.5982824968,18689.2450415753,931.8958594654,2711.6551711277,5700.8022103284
9794,41.2900000000,6038.0460408319,4024.9174162815,1097.9977895315,472.2813772338,442.8494577850
9795,142.1100000000,12331.1778242865,8220.8599368950,754.0882497416,1624.9349203835,1731.2947172664
9796,4.0600000000,484.9567098898,323.3543127204,938.7575205857,46.4387523150,-823.5938757314
9797,155.7600000000,22399.3909320426,14932.4784865370,1084.0440787886,1781.0137442751,4601.8546224419
9798,29.7300000000,3542.2759327623,2361.5828457007,937.0984891794,340.0268964575,-96.4322985752
9799,47.2600000000,6898.1967984588,4598.8525169506,1096.4346045105,540.5453417828,662.3643352149
9800,5.2500000000,458.1805262468,305.6196200767,756.7683859227,60.0504917587,-664.2579715113
9801,69.1600000000,10110.4511073851,6740.0125147095,1097.7350963539,791.0573242489,1481.6461720728
9802,16.7100000000,1454.7093155216,970.0388067015,755.6102914559,191.1038753439,-462.0436579797
9803,191.7300000000,16580.8489193592,11053.7894776949,752.5246171233,2191.8923635598,2582.6424609813
9804,64.8500000000,9472.9358731270,6315.6089664694,1097.0767788299,741.7465674652,1318.5035603625
9805,30.4900000000,4455.6928658966,2970.3149624264,1097.4304909789,348.7441740161,39.2032384752
9806,8.9900000000,1073.9377362869,716.1819784293,938.8222665727,102.8290041495,-683.8955128646
9807,9.2700000000,1102.5030944708,735.3740929308,935.9015508839,106.0163330005,-674.7888823443
9808,25.0000000000,3650.0718170815,2433.8594696809,1096.6652581846,285.9439949556,-166.3969057396
9809,231.9700000000,27247.1286962630,18164.9634772933,927.7291392802,2651.9233900535,5502.5126896359
9810,41.3500000000,6046.8201450327,4031.6144502520,1097.9977895315,472.9676664718,444.2402387774
9811,78.1100000000,11394.0883753698,7596.1478046999,1095.9158827522,893.3863876806,1808.6383002371
9812,125.9400000000,18276.1213434723,12183.6721619297,1091.5804976578,1440.2913770178,3560.5773068670
9813,52.8900000000,7734.3728529813,5156.7161572991,1097.9977895315,604.9639632332,874.6949429175
9814,143.5000000000,12463.8145837408,8309.0651023296,754.5370947577,1640.9188523711,1759.2935342823
9815,64.4700000000,9407.4158175676,6271.6776200702,1096.1853728800,737.3833510930,1302.1694735244
9816,30.5100000000,2661.8989345933,1774.4323621155,756.6307199789,348.9729337236,-218.1370812248
9817,16.7200000000,1998.0098186016,1331.9528470055,939.0386843848,191.2480281713,-464.2297409601
9818,52.3300000000,4556.7045322306,3037.7422677884,755.7180513530,598.4800297973,164.7641832920
9819,109.7900000000,9562.1464649964,6374.6628653159,755.8173576902,1255.6458099431,1176.0204320472
9820,17.3700000000,2075.8242110672,1384.1029496375,939.0835389281,198.6833564867,-446.0456339851
9821,16.5600000000,2422.3072041624,1614.4653519300,1098.2245360874,189.4169451375,-479.7996289924
9822,14.1300000000,2064.4854637163,1376.0252487200,1097.2602780930,161.6180210598,-570.4180841564
9823,15.8200000000,2262.2686885781,1508.3620913746,1079.4039103234,180.8727112907,-506.3700244105
9824,53.6600000000,6406.5298737912,4270.7864777566,938.4454697809,613.7595902385,583.5383360151
9825,197.3900000000,23253.2821152556,15502.2981742465,929.6388554362,2256.7929508015,4564.5521347714
9826,70.7400000000,10333.3150912105,6888.9654888724,1097.0767788299,809.1156851579,1538.1571383504
9827,2.8400000000,414.4107479741,276.3790137658,1096.1853728800,32.4828403460,-990.6364790177
9828,10.0400000000,1462.2492000167,975.0619957056,1094.5951237908,114.8291301861,-722.2370496659
9829,11.9900000000,1431.8623067445,954.7429642431,938.6129255746,137.1420066430,-598.6355897162
9830,135.4600000000,16086.1532068348,10723.8310458998,934.9012987172,1549.1138725735,2878.3069896443
9831,100.2600000000,14625.1606774366,9750.4467389722,1095.9158827522,1146.7279378934,2632.0701178188
9832,11.0600000000,959.6990129942,640.0323480282,754.0882497416,126.4638675635,-560.8854523390
9833,22.0600000000,1925.1333997502,1283.6641499146,756.7447129152,252.3256764780,-367.6011395576
9834,66.2900000000,5779.1538718216,3852.7462339086,756.2725330342,758.1890718242,411.9460330546
9835,97.0700000000,8455.9598514368,5637.2923217406,755.9089524359,1110.1826240728,952.5759531875
9836,51.3000000000,7487.8860719623,4992.1754295845,1096.4346045105,586.7536189898,812.5224188774
9837,58.4100000000,6961.4091610089,4641.0493220308,937.2848285391,668.0509165804,715.0240938586
9838,47.2300000000,5642.0555378010,3761.1733833159,938.8222665727,540.2240117887,401.8358761238
9839,151.2900000000,17984.9523859990,11989.9713060677,935.5962830805,1730.2023378515,3329.1824589992
9840,3.2700000000,285.2761231055,190.3409479788,756.5966414806,37.4020473366,-699.0635136905
9841,111.9500000000,9750.2713977261,6499.9291661627,755.8173576902,1280.3492888526,1214.1755850205
9842,47.4800000000,5651.5196461252,3767.3601076843,936.4401288793,543.0190641780,404.7003453837
9843,35.3700000000,5143.2633112280,3428.7409804360,1093.2784533794,404.5194671435,216.7244102691
9844,260.3000000000,37223.0429606123,24814.9892451943,1079.4039103234,2976.0535239557,8352.5962811389
9845,23.1100000000,2017.2080988591,1344.9260943730,756.8474066171,264.3392267362,-348.9046288673
9846,67.7100000000,9873.5773289579,6582.6112894180,1095.6242774865,774.4302617773,1420.9115002761
9847,114.3800000000,16632.3567299481,11087.9683446934,1093.2784533794,1308.1407026258,3142.9692292494
9848,137.2100000000,11875.5420648475,7917.2662180052,752.8992265782,1568.6804739672,1636.6961462970
9849,21.6000000000,2570.0317608708,1713.7141959561,936.1820858981,247.0316958460,-326.8962168295
9850,21.4100000000,2557.6203485988,1705.1951867365,938.8222665727,244.8908764005,-331.2879811109
9851,10.3300000000,1511.5266350605,1008.1662745703,1098.5078760990,118.1576898392,-713.3052054481
9852,7.7000000000,920.1984125053,613.3150794801,939.0835389281,88.0749478957,-720.2751537985
9853,14.4900000000,1264.0142396129,842.6313616712,756.5599770292,165.7348922524,-500.9119913399
9854,75.4900000000,9008.7167764519,6006.0309919474,938.1427889439,863.4364871680,1201.1065083927
9855,12.2300000000,1785.1237165711,1190.0539407898,1096.4346045105,139.8829777826,-641.2478065118
9856,234.5500000000,33872.1682442271,22581.8768504135,1087.5315179624,2682.1379675215,7520.6219083297
9857,42.5900000000,5084.1514447944,3389.3262970586,938.3519954833,487.1393416861,269.3338105664
9858,65.8100000000,7845.3975188282,5230.5588082278,937.4569555241,752.6931334021,924.6886216741
9859,62.1000000000,5374.7624970996,3582.9963906301,752.8992265782,709.9705373760,328.8963425153
9860,89.2900000000,7779.6384163238,5186.5757946691,755.9935047728,1021.2142680464,815.8548488354
9861,31.2800000000,2724.3277295299,1816.3613622789,755.8173576902,357.7429723565,-205.5939627957
9862,58.4600000000,8530.4409600589,5687.0297063348,1096.1853728800,668.6432558538,1078.5826249903
9863,9.1900000000,1344.0885514473,895.7462920563,1098.1153248667,105.1169560500,-754.8900215257
9864,58.7300000000,7007.3964139247,4671.6051239479,938.0257820855,671.7356733582,726.0298345331
9865,50.1600000000,5974.6474322032,3982.9283985818,936.8966040123,573.6824693158,481.1399602933
9866,21.1900000000,1849.3909454480,1232.8898572803,756.7903865069,242.3759098710,-382.6652082101
9867,46.7300000000,5573.3982520657,3715.3958098033,937.7632772109,534.4763269276,385.7628381239
9868,29.9500000000,2613.0407437256,1742.1046470163,756.6307199789,342.5676619148,-228.2622851844
9869,220.0600000000,19084.5015836688,12722.8343973034,753.8312137160,2516.1633750220,3091.6725976273
9870,244.2200000000,35268.6460396723,23512.7786886619,1087.5315179624,2792.7168383206,7875.6189947274
9871,186.3800000000,22071.9591376901,14714.8820730009,933.0839460749,2131.2505624037,4292.7425562106
9872,140.3100000000,16662.1006677321,11107.9682773947,934.9012987172,1604.5782331373,3014.6528584828
9873,112.4700000000,9797.4843359545,6531.8918033704,755.9089524359,1286.3113189397,1223.3722612085
9874,92.5300000000,11027.8923072788,7352.1573418310,937.2848285391,1058.2905548911,1680.1595820177
9875,21.5600000000,1880.9031235946,1254.0109513898,756.5966414806,246.6018778521,-376.3063471279
9876,197.6600000000,17131.4790069780,11421.1947617140,753.5492527343,2259.9646365393,2696.7703559904
9877,36.9700000000,4414.4703666467,2942.6721938608,938.5322790142,422.8623192317,110.4035745400
9878,201.1400000000,29165.4648326015,19443.8211912279,1090.9087661794,2300.2667955633,6330.4680796310
9879,53.6400000000,6402.2630599877,4268.1495173890,938.2513041608,613.5247977424,582.3374406954
9880,50.6200000000,6047.5717420729,4031.6033401807,938.8824522502,579.0011224429,498.0848271992
9881,2.7600000000,329.1799524011,219.4748579631,937.7632772109,31.5676152861,-859.6257980591
9882,53.1400000000,7727.2550850624,5151.6406770730,1093.2784533794,607.7513283576,874.5846262525
9883,56.6200000000,8246.2698909310,5497.0886424564,1094.5951237908,647.5722461293,1007.0138785544
9884,16.1100000000,1404.8001195758,936.4023461563,756.3829978112,184.2600556244,-472.2452800162
9885,21.0500000000,1836.4105172387,1224.1535477853,756.5966414806,240.7685310198,-385.1082030470
9886,64.0000000000,7636.1888386035,5090.4876502594,938.0257820855,732.0123121901,875.6630940685
9887,27.7700000000,2420.6642524642,1613.6271099575,756.2106627622,317.6156862874,-266.7892065430
9888,49.6400000000,7260.1257555867,4839.6076642752,1098.1153248667,567.7916973146,754.6110691302
9889,117.2100000000,13965.3603121114,9310.2731118570,937.0984891794,1340.5500347724,2377.4386763027
9890,55.3000000000,6592.4704876341,4395.0618937688,937.4569555241,632.4864044543,627.4652338869
9891,29.4700000000,3518.9191697343,2346.1845869971,938.5322790142,337.0774289359,-102.8751252128
9892,20.8600000000,1819.1945529359,1212.5711380074,756.4322921394,238.5902630044,-388.3991402153
9893,177.4200000000,15386.5867080547,10257.8809220136,753.8312137160,2028.6181314024,2346.2564409227
9894,23.5300000000,2050.7769504846,1366.9832663894,756.1438402539,269.1189533836,-341.4691095423
9895,51.3800000000,4483.8329138333,2988.9698089252,756.7447129152,587.6923507453,150.4260412477
9896,21.4500000000,1860.2315685254,1240.1318726613,753.8312137160,245.2590402355,-378.9905580875
9897,63.9400000000,9347.3430278514,6231.6063982982,1097.7350963539,731.3505684279,1286.6509647714
9898,73.7300000000,10721.3119575019,7147.4749791178,1093.2784533794,843.2349537035,1637.3235713013
9899,168.7000000000,24440.1017612726,16293.3805019545,1090.1749041379,1929.2448715720,5127.3014836082
9900,73.0400000000,6351.3107467956,4234.0209104866,755.0768121019,835.2661872037,526.9468370035
9901,62.2100000000,5418.1722523675,3611.8450077500,755.8173576902,711.4830661860,339.0268207413
9902,92.3000000000,10939.1843720221,7292.8445620697,933.6011095794,1055.4736064900,1657.2650938830
9903,17.7900000000,2599.2354139783,1732.4655239908,1097.2602780930,203.4808630329,-433.9712511383
9904,51.0400000000,7467.5964865437,4978.5433149372,1098.4202960231,583.8097702072,806.8231053762
9905,79.9300000000,9526.2015791721,6350.4259040065,937.2848285391,914.1809580941,1324.3098885324
9906,570.8300000000,81238.1571085956,54159.0225435783,1075.4639149027,6525.8327746875,19477.8378754270
9907,344.4500000000,49020.6948059067,32680.1777821592,1075.4639149027,3937.8152851832,11327.2378236617
9908,374.2500000000,53396.1404577818,35597.0588878815,1077.5309870471,4278.6871757323,12442.8634071209
9909,71.7100000000,10479.4272028023,6986.1807916268,1097.4304909789,820.2179310822,1575.5979891144
9910,33.5000000000,3999.0390561309,2665.6927628326,938.3519954833,383.1690055526,11.8252922623
9911,74.2700000000,8849.1366810043,5899.0978902893,937.0984891794,849.4381971039,1163.5021044317
9912,148.4400000000,21597.4273831551,14397.8689985846,1093.7544670621,1697.6976276643,4408.1062898441
9913,21.6300000000,1885.4507663234,1256.8184750824,756.2106627622,247.3902518688,-374.9686233901
9914,21.4900000000,1874.9330745464,1250.0049838385,756.6307199789,245.8023056611,-377.5049349321
9915,8.6800000000,756.5127042162,504.2151392420,756.1438402539,99.2755000157,-603.1217752954
9916,47.4900000000,5667.2931476182,3778.3148743029,938.1427889439,543.1792128177,407.6562715538
9917,51.1600000000,4464.6339406717,2976.4767271742,756.7447129152,585.1759568729,146.2365437094
9918,118.0400000000,10273.5359060954,6849.0726823891,755.4932545847,1349.9443714720,1319.0255976496
9919,182.3100000000,26217.4689318226,17478.2190936566,1084.0440787886,2084.5956325039,5570.6101268736
9920,56.0100000000,8121.4958997415,5414.7350152786,1090.9087661794,640.5386458163,975.3134724672
9921,50.0800000000,4353.2501330147,2901.8770858989,754.9124345824,572.6900200510,123.7705924824
9922,205.4700000000,24235.6730169753,16156.8388332578,930.4637478382,2349.2610233215,4799.1094125579
9923,33.9800000000,2960.6015610559,1973.7629374671,755.9935047728,388.6309869886,-157.7858681727
9924,19.2700000000,2301.9777728864,1534.6756680628,938.8222665727,220.4132269144,-391.9333886635
9925,49.3900000000,5887.9225566772,3925.0948793856,937.4569555241,564.8915644846,460.4791572829
9926,3.8100000000,332.2339202721,221.4153330813,756.3829978112,43.5773315909,-689.1417422113
9927,15.8100000000,1882.5333157070,1255.1855324624,936.6776962357,180.8178354444,-490.1477484356
9928,88.7000000000,10574.1796067476,7049.5052157480,937.4569555241,1014.4944679041,1572.7229675714
9929,315.4700000000,45366.8198339207,30244.9182577188,1084.0440787886,3607.1931555372,10430.6643418761
9930,104.0900000000,9051.3134670585,6034.2340767029,755.0768121019,1190.3458026565,1071.6567755972
9931,6.2800000000,745.3151070851,497.2551314098,934.5057179604,71.8164246391,-758.2621669242
9932,22.1100000000,3235.2230301247,2156.3556428310,1098.5078760990,252.9009218147,-272.5414106200
9933,44.3400000000,5295.1438432903,3529.8211306588,938.6129255746,507.1623498374,319.5474372195
9934,19.5100000000,1702.1844711214,1135.0619968188,756.6307199789,223.1550946230,-412.6633402993
9935,65.1000000000,9422.1554151810,6280.9780867971,1089.3723944003,744.4664401281,1307.3384938555
9936,91.9900000000,7996.3154899366,5330.8556837253,754.9124345824,1051.9519757287,858.5953959001
9937,65.3900000000,5676.8883803838,3784.3545126722,754.3228133681,747.7133337678,390.4977205757
9938,34.0200000000,4031.9723980086,2687.8776705731,933.6011095794,389.0272166066,21.4664012494
9939,28.7600000000,3433.2048732634,2288.4137407148,938.3519954833,328.9534507371,-122.5143136718
9940,59.5500000000,5195.1660950862,3463.4588181242,756.5966414806,681.1290271842,293.9816082972
9941,37.6700000000,5512.0240409225,3674.2059784341,1098.5078760990,430.8809463935,308.4292399959
9942,62.2000000000,7418.4757388934,4946.0226919533,937.7632772109,711.4150981146,823.2746716145
9943,32.8900000000,3929.7004996308,2619.9337904874,938.9383947274,376.2030993703,-5.3747849542
9944,117.4000000000,10205.1031472829,6803.2896124963,754.9124345824,1342.5281220845,1304.3729781198
9945,48.3600000000,4214.2042800728,2809.3420468815,756.0716187804,553.1012685060,95.6893459048
9946,96.8000000000,8417.3997849098,5611.8376913337,755.0768121019,1106.9792842458,943.5059972284
9947,35.8000000000,4274.2036802408,2849.1654588085,938.4454697809,409.4780717581,77.1146798934
9948,29.1000000000,2537.2458626421,1691.3274278215,756.3298557505,332.8324655166,-243.2438864465
9949,35.3400000000,3083.8851510593,2056.2100418184,756.7192474217,404.2230312346,-133.2671694155
9950,93.5500000000,11157.5306330141,7438.6300073910,937.7632772109,1069.9820326145,1711.1553157977
9951,193.9000000000,16768.5109553213,11178.9267170650,752.5246171233,2216.7001997301,2620.3594214029
9952,45.8900000000,4004.5130045872,2669.5222991897,756.7192474217,524.8951585557,53.3762994201
9953,17.6500000000,2569.3494604039,1712.8079380985,1094.1922130533,201.8639470379,-439.5146377858
9954,366.4600000000,43224.8247131006,28816.4012822147,930.4637478382,4189.9556850460,9288.0039980018
9955,59.9700000000,5226.7358147285,3484.6868512057,756.1438402539,685.8930571363,300.0120661327
9956,115.3700000000,16742.2274050850,11161.4119976582,1091.5804976578,1319.4093708635,3169.8255389055
9957,80.1000000000,11640.3714081175,7759.9971773802,1092.7603591096,916.0758720956,1871.5379995321
9958,17.9000000000,2578.1087769230,1719.0065111443,1085.3172731391,204.6806648485,-430.8956722089
9959,44.8300000000,3904.4633029036,2602.7553620395,755.8173576902,512.7115553306,33.1790278433
9960,15.2300000000,1819.1848994141,1212.5786727017,938.7575205857,174.2025117630,-506.3538056363
9961,18.7800000000,2242.9873857237,1495.2823632697,938.6878670654,214.8070640456,-405.7899086570
9962,27.4300000000,3274.4370540200,2183.2704066819,938.3519954833,313.7410693226,-160.9264174679
9963,226.3500000000,19590.6198263847,13060.5997464903,752.8992265782,2587.7911615952,3189.3296917210
9964,111.2400000000,13173.5418740029,8782.1478268055,933.0839460749,1272.0265723886,2186.2835287339
9965,56.4200000000,8252.8123465483,5501.6011608074,1098.2245360874,645.3444471411,1007.6422025125
9966,55.8700000000,4871.3376751139,3247.3486614173,756.3298557505,639.0154587084,228.6436992377
9967,4.8500000000,709.5175396062,473.3273134519,1098.3260134850,55.4755191661,-917.6113064967
9968,46.7200000000,5570.9650948574,3714.1042432957,937.6160751321,534.3580243721,384.8867520576
9969,125.8800000000,10922.8672473520,7282.1458264537,754.0882497416,1439.3554836245,1447.2776875321
9970,8.3900000000,732.3123505660,488.0861143984,756.8298005211,95.9671624616,-608.5707268151
9971,13.7600000000,2012.9817206148,1342.0926356105,1098.3260134850,157.3903389124,-584.8272673931
9972,84.3800000000,12212.6186472039,8142.0086310332,1089.3723944003,964.9474380647,2016.2901837057
9973,45.5000000000,6641.3024614870,4427.4040678537,1096.4346045105,520.4150031976,597.0487859252
9974,32.1000000000,4650.4283730697,3100.0679716108,1090.1749041379,367.0940152784,93.0914820425
9975,11.3100000000,1351.5245842335,900.7758035839,939.0386843848,129.3669377164,-617.6568414516
9976,70.6300000000,10319.5051877058,6880.1262435998,1097.2602780930,807.8613465998,1534.2573194132
9977,218.0100000000,18868.7918195278,12579.0142101152,752.8992265782,2492.4424614065,3044.4359214278
9978,90.4500000000,10782.8020905335,7188.7547014911,937.4569555241,1034.5098604501,1622.0805730681
9979,39.9300000000,4762.3751809327,3174.5470526800,937.7632772109,456.7010428893,193.3638081524
9980,46.5000000000,4048.1138941803,2698.8982928388,755.6102914559,531.7971396463,61.8081702392
9981,31.4000000000,2730.4375335348,1820.3272798054,755.0768121019,359.0821231954,-204.0486815679
9982,55.3800000000,8078.4101168605,5385.7473356808,1095.9158827522,633.4110632410,963.3358351865
9983,57.6300000000,8393.3686650362,5596.0079753541,1094.5951237908,659.1237821341,1043.6417837572
9984,35.6100000000,5171.4541238969,3448.0057373240,1092.1959456200,407.2536804905,223.9987604624
9985,171.0700000000,20152.6874282222,13435.3250843470,929.6388554362,1955.8719798045,3831.8515086345
9986,34.0500000000,4068.6168093359,2712.6614653320,938.9903837852,389.4724593000,27.4925009187
9987,36.0800000000,3138.4101107361,2092.2231679657,755.2275891446,412.6090987926,-121.6497451669
9988,14.0600000000,1678.1472524874,1118.7725250126,938.2513041608,160.8157840466,-539.6923607325
9989,185.5000000000,26581.3587055885,17720.5843385592,1081.1023166841,2120.9321060307,5658.7399443145
9990,23.4300000000,3412.4002745410,2275.1446566465,1094.5951237908,267.9727609821,-225.3122668784
9991,28.4500000000,3390.7223186219,2260.7883826130,937.2848285391,325.3903197520,-132.7412122822
9992,45.1500000000,3930.5880069299,2620.6693568145,755.6102914559,516.3578678502,37.9504908093
9993,39.8200000000,4754.7798214734,3169.9055679041,938.5322790142,455.4605775442,190.8813970110
9994,151.8000000000,21894.0963563925,14595.7180865717,1086.4759890134,1735.8291413933,4476.0731394141
9995,6.2800000000,918.4848860815,612.2007032039,1098.1153248667,71.8318263323,-863.6629683214
9996,191.4200000000,27756.0568671402,18504.0737918820,1090.9087661794,2189.1074376391,5971.9668714398
9997,61.4700000000,7338.9748666035,4892.7456735464,938.4454697809,703.0898623176,804.6938609586
9998,157.5500000000,22880.1627975274,15253.0423295180,1092.1959456200,1801.8202011028,4733.1043212866
9999,41.3800000000,6029.3545969736,4019.7631197773,1094.9662915433,473.2742155127,441.3509701402
10000,31.8400000000,3804.5450575405,2536.5146169338,938.9903837852,364.1939237624,-35.1538669410
